person,White,Black
Eckhart,1.73720324618,-0.929728671614
Guiel,0.422709344724,-1.28218444066
Patterson,-0.157376927297,-0.756447251994
Peirsol,1.91614437179,-2.51421429402
Peirsol,1.67621103655,-2.2780559446
Peirsol,1.90851688105,-1.87364533911
Peirsol,1.2990556552,-1.40533613558
Pena,0.441401436703,-1.77174635029
Sorkin,0.697239427141,-1.85985361868
Sorkin,0.461610352546,-2.49852970215
Tippin,0.62038775501,-1.16190072851
Eban,-0.0914527694447,-1.73890344946
Kiarostami,0.64171574055,-2.13419240367
Aziz_Al-Hakim,-1.32908595043,-0.188061736155
Madi_Shabneh,-2.06641841866,0.307685638589
Nasser_Assidi,-1.63882894202,-0.800496820968
Nasser_Assidi,-1.68056718426,-1.28012472373
Wade,-1.93078231164,1.99412788185
Wade,-0.603755571734,1.43732959229
Wade,0.561337482385,-1.65627126958
Wade,-1.13271119139,0.963419633179
Kamilov,0.0272483487316,-2.23698157569
Kamilov,-1.82766575102,-1.77643278365
Kamilov,-2.7723496587,-0.940148560345
Kamilov,-2.87332437685,-3.11701360433
Kamilov,-2.16519407701,-0.724083219521
Ahmad_Badawi,1.08339273081,-1.22851478906
al-Attiyah,-0.0401787717277,-0.609713591711
al-Attiyah,0.0164785378461,-0.269649887394
al-Attiyah,-0.208413763851,-1.15219668993
Gul,0.872450390967,-1.40302681993
Gul,-0.576371647599,-1.0392950924
Gul,-0.257445228978,-1.27761630036
Gul,-0.686600576001,-0.921242335706
Gul,0.457262107939,-2.09713063173
Gul,1.67142101576,-0.766259714475
Gul,1.34252865946,-1.60501162233
Gul,-0.697873924905,-0.789971674202
Gul,-0.299752595712,-0.895784475598
Gul,-0.46106650346,-0.753317806799
Gul,0.0775659577032,-0.590710755885
Gul,0.366600632382,-1.10535742026
Gul,1.02109577724,-1.08744485425
Gul,-0.300184040656,-1.68736231351
Gul,-0.497396225813,-1.40026945469
Gul,0.553933751273,-1.26209957
Gul,1.70867412796,-0.53565273794
Gul,-0.712493892012,-1.30085083503
Nasseef,0.807358958487,-2.68864219286
Sener,-0.850693113658,-0.904234025978
Sener,0.490822686608,-1.7218975438
Majeed_Shobokshi,-0.404930049465,-0.223845865675
Rahman,-0.745511881634,-0.95323997354
Aguilar,1.08564850533,-2.00071970966
Pacheco,1.35471394927,-2.17608689302
Pacheco,0.151581787767,-1.17670305911
Pacheco,1.26077668965,-3.05948395083
Pacheco,-0.035145522452,-0.00867292067571
Hamid_Mahmud_Al-Tikriti,2.43112834005,-1.97863822347
Hamid_Mahmud_Al-Tikriti,1.57560634019,-1.68414761676
Martinez,-0.147420248921,0.00885749337238
Foxman,0.498856997742,-1.77876226837
Har-Even,0.956929545979,-1.61529807294
Ant,1.82902562321,-2.2106781036
Freier,0.804975517398,-1.66319939764
Herbert,-0.144132323866,-0.248946610276
Kennedy,1.73014143982,-1.79057118847
Mair,0.765918581068,-2.40773184325
Rich,1.1646987329,-2.55203239176
Sandler,1.60467465635,-2.87815111295
Sandler,-0.005179649439,-0.859115516733
Sandler,0.377536004415,-2.95136029474
Sandler,0.233962179067,-2.3962058449
Scott,-0.314256288616,-2.01751884113
Scott,0.649947323041,-1.6597928916
Al-Jubeir,0.809947199178,-2.2447180136
Al-Jubeir,1.09990619979,-1.84717605029
Al-Jubeir,1.09656012479,-1.68069631593
Avila,-0.267268493136,-2.15529686518
Bodharamik,-0.140994234034,-1.61001025847
Aguilar_Zinser,-1.85134571962,0.727487567278
Aguilar_Zinser,-0.8256062528,0.653224391355
Aguilar_Zinser,-0.578915400512,-0.713648516049
Rodriguez_Saa,-1.11841394292,-0.491993429734
Rodriguez_Saa,-0.667034423369,-0.44191808305
Gopalakarishnan,0.446850354793,-1.99858130535
Lima,0.876993030067,-0.456681897303
Annus,0.995360636705,-1.87538727453
Perez_Navarro,-0.746867233694,0.658827712452
Fernandez,-0.105257723109,-1.8031767922
McPherson,-0.999747193607,-1.30100638115
McPherson,-1.2822357325,1.566471974
Murrell,-1.51434004346,0.945843669215
Nastase,0.599386995671,-2.33742951861
Nastase,1.42946322285,-2.50002358308
Zuzic,0.302871692265,-0.659607045982
Brody,-0.424214767833,-1.34166923685
Brody,0.0688322306377,-2.10388169853
Brody,-0.0849791178122,-2.55877476228
Brody,0.875329131707,-1.87478364741
Brody,0.599907946506,-1.00813620932
Brody,0.43272639892,-2.16013814812
Brody,0.346132885159,-1.54033098949
Brody,-0.462846011517,-1.39093393737
Brody,-0.419891128923,-2.14381094711
Brody,-0.0116112133009,-2.13100822475
Brody,-0.284188279417,-2.33204042435
Brody,-0.425367317059,-2.62156669954
Smith,0.135350335741,-1.98184950874
Darego,-1.62041778049,1.33043951968
Queiroz,0.00283763390034,-0.475613241588
Bruckner,0.95558538972,-1.93384084565
Jbarah,-0.26195012795,-1.4190281414
Masood,0.164842549975,-1.26194877435
Masood,0.131494765772,-2.61395140722
Ahmed,-1.42139094558,-2.19486390579
Chalabi,0.158598458451,-1.45730448511
Chalabi,0.640420120509,-1.75492051488
Chalabi,1.42133302033,-0.694377885067
Chalabi,1.20050793237,-1.59549670255
Chalabi,0.977971089305,-2.07021316996
Ghazi,-0.261279100319,-0.503238909876
Ibrahim_Bilal,-1.07520800716,-1.08311220667
Lopez,0.910793147094,-1.36827202882
Qureia,1.52345381081,-2.11669238002
Demir,0.775742957709,-1.84835490716
Necdet_Sezer,-1.41860571926,0.467993239534
Necdet_Sezer,-1.60096838901,0.4577482607
El_Ouafi,-1.75906190513,-0.4342810095
El_Ouafi,-1.78861365816,-0.109749011055
El_Ouafi,-1.81987297672,-0.280116311885
Quinn,1.42834074115,-1.62811018328
Riggin_Soule,-0.113376891012,0.710705115113
Seppik,0.978215022972,-1.7777508772
Dyer,-1.80986364564,-0.516616993093
Rai,-0.569674013733,-1.67720339563
Sugiyama,-0.517012479242,-1.24435041456
Sugiyama,-1.25551086398,-2.19168169979
Sugiyama,-0.7189216518,-1.18625681154
Sugiyama,-0.171081428796,-1.79401063815
Sugiyama,-0.732663723549,-2.11519950868
Gonzalez,0.355273666275,-1.8583712959
Gonzalez,-0.127282534894,-2.290352486
Smith,-0.477104420595,-0.422836894733
Cook,1.59159997371,-1.04568493968
Agarkar,-0.909881350856,-1.79466629218
Lamas,0.190530027481,-1.44969253971
Al_Baker,-1.62245459576,0.831499795749
Hashemi_Rafsanjani,-0.620578817011,0.46300456158
Hashemi_Rafsanjani,-1.06981651342,0.542500819494
Hashemi_Rafsanjani,-1.41511487518,1.01962899891
Zakayev,0.447965683571,-2.86975354084
Zakayev,0.181157078188,-1.82697623363
Zakayev,0.835088207237,-2.56751506898
Morigami,-0.545964166321,-1.05342124734
Taher,-1.10245892079,-1.36864114545
Cervantes,-0.0739489497013,-0.242813600419
Ducasse,1.01239790311,-2.32822386946
Ball,0.385890297499,-1.50358670805
Ball,0.454259968091,-2.36832032877
Dershowitz,1.50906292478,-1.73702182224
Dreher,0.912742381268,-0.801332006481
Greenspan,-0.0468872083648,-0.927096969563
Greenspan,-0.509358463512,-0.696993528727
Greenspan,-0.219290327482,-0.814767740125
Greenspan,0.0708981184265,-1.46117309702
Greenspan,-0.0100964962135,-1.66798984667
Greer,0.805100473162,-1.8585270245
Morissette,0.550590411797,-0.768159655007
Jackson,0.349422749554,-1.22674518048
Mulally,0.813268463676,-1.74578404196
Mulally,0.944176434776,-1.19848806432
Ubach,0.389512737241,-1.1914146204
Stonecipher,1.52211953829,-1.76298902049
Tang_Kwong-wing,0.042369544537,-0.477725322939
Trammell,0.440986879275,-2.9388161742
Zemaitis,-1.34641623679,-1.01333140182
Campbell,1.90882501388,-2.80949355806
Campbell,0.581209665196,-0.214467487061
Campbell,1.15076111726,-2.72166328402
Campbell,2.15493168226,-2.26266951336
Campbell,0.88967068961,-2.20256174571
Johnston,0.928807769924,-1.603376236
Recoba,0.341253886826,-1.49587808406
Lee,-0.133978233244,-2.07276790026
Brooks,1.31445093053,-1.75280199476
Costa,-0.353508602899,-0.78063750685
Costa,-0.324630807854,-2.42261150162
Costa,-0.181693443689,-2.59617577428
Costa,-0.275051490572,-1.37990622619
Costa,0.00430929922424,-1.62316988725
Costa,-0.225117160903,-1.83093354351
Montanes,0.613089704889,-1.78371454709
Acosta,0.408302465363,-2.4823285211
Fujimori,-0.833600650087,-1.86990244939
Fujimori,-0.751403586148,-0.585828873907
Gonzales,-0.792983096264,-2.29939609497
Ruiz_Gallardon,-0.475344089374,0.57195920239
Ruiz_Gallardon,-0.228606826406,-0.95206333048
Sordi,0.27440345065,-1.71107764019
Pujols,0.207277964278,-0.615863726156
Mentz,0.65739261455,-2.32025145876
Mentz,1.07121205201,-1.37524946626
Cardenas,0.862906231214,-0.716344247137
Davis,0.33071275299,-1.63480779954
Davis,0.874397505774,-1.08643960254
Paredes,0.594171662083,-1.20926470814
Paredes,-0.6251284527,-0.489972468878
Baldwin,1.57735010133,-2.22928218175
Baldwin,0.422470110256,-2.16109812033
Baldwin,0.924528353784,-2.98968340795
Baldwin,2.62277699768,-2.4218973137
Markides,1.5910054817,-2.13455264405
Atchugarry,1.03088017801,-1.80334769833
Atchugarry,1.09972851795,-1.54847545309
Avila,0.0022737525853,-0.849140549857
Avila,-0.348917944031,-1.08269318086
Avila,-0.252387138279,-1.04367787341
Fernandez,-0.656105712647,-2.03469354512
Gonzalez_Inarritu,-1.16278511512,0.0579890010507
Lembo,-0.934071505028,-1.18912734252
Lerner,0.0296383266803,-0.662065124607
Lopez,0.617038911481,-1.18357923825
Toledo,-0.049061812473,-1.90712194336
Toledo,-0.356875367084,-2.6191539029
Toledo,0.987695913413,-0.510456429593
Toledo,-0.778391216378,-1.04668261041
Toledo,-0.0593983506121,-2.13396046535
Toledo,0.37544269768,-1.53387411581
Toledo,-0.510054304403,-2.27180938621
Toledo,-0.517151123375,-1.04993000496
Toledo,0.116271423805,-0.977557891638
Toledo,-0.438082386109,-1.30826477839
Toledo,0.18193465304,-1.42858913691
Toledo,-0.167974450149,-1.30127508266
Toledo,-0.241428703368,-1.8433906007
Toledo,0.480127124226,-2.18003562975
Toledo,-0.426750624601,-0.968930151741
Toledo,-0.912682369325,-2.27133346703
Toledo,-0.277589562965,-1.21003312988
Toledo,-0.408541853501,-2.24935500689
Toledo,-0.0901991942156,-2.52397454429
Toledo,-0.767984526503,-3.10277692367
Toledo,1.15321432175,-2.65083444939
Toledo,0.11125285327,-1.40028682292
Toledo,0.338857008988,-1.98770745393
Toledo,0.588362277025,-1.23585995098
Toledo,-0.689801086255,-2.61007189899
Toledo,-0.910283837849,-1.0877726468
Toledo,-0.991577097452,-1.28327384793
Toledo,0.105108920626,-1.25840449915
Toledo,-1.05930266784,-1.57653215054
Toledo,-0.408422832055,-0.565191041258
Toledo,-0.720105575361,-0.915803775175
Toledo,-0.104246595701,-1.50942785989
Toledo,-0.333264330523,-2.45711348914
Toledo,0.680302036658,-2.50838632684
Toledo,0.141049048801,-2.35846826107
Toledo,-0.332547411128,-1.41653181274
Toledo,0.233316206815,-1.63796215466
Toledo,0.115084854236,-1.6985470385
Kwasniewski,0.850950303614,-0.930447956083
Kwasniewski,1.17013751952,-1.56262600838
Kwasniewski,0.759466148388,-1.40575723359
Kwasniewski,1.3685845981,-2.5879343153
Voloshin,2.35057898052,-2.69659281044
Wek,-0.774980488024,-0.232232745811
Cerna,-0.649353031353,-1.50399907898
Nesta,0.141309939442,-1.93401354325
Loren,0.392975184996,-1.51223684632
Downer,1.75838234074,-2.59583315487
Downer,1.39907474372,-2.26559639342
Downer,1.05819276659,-2.16304057618
Downer,2.28952160967,-2.69196429826
Losyukov,0.573410875342,-2.40479681239
Losyukov,0.565987754589,-1.97185560745
Losyukov,0.726425481322,-1.3279997471
Losyukov,0.721244021253,-1.86687152094
Lukashenko,0.924980923191,-1.84015742954
Payne,0.497683889849,-2.056898178
Rumyantsev,1.36617005625,-3.77902706918
Rumyantsev,1.40371032692,-1.94339916918
Jackson,0.601875894927,-1.83526596753
Pelosi,0.943253599593,-1.20796579684
Rozovskaya,0.412558061604,-1.99297637737
Spann,0.761031990079,-1.29753599942
Stevenson,-1.1542422055,-1.68788609721
Stevenson,-0.490642313635,-2.49192139698
Stevenson,-0.470889536505,-2.12654088773
Vodjanikova,1.63511153691,-1.41804832586
Vodjanikova,0.986719254397,-2.3773142282
Daigle,1.22025131593,-3.09720586699
Despatie,0.714589524425,-1.85157326047
Herchcovitch,0.636619063051,-2.25575022768
Vinokourov,0.718043047774,-0.775126253364
Vega,0.515963237608,-2.45972165763
Barros,0.434809561273,-2.12567363743
Barros,0.0541341335221,-1.77403635371
Cabrera,0.32800641118,-1.71972798447
Cejka,1.34173561246,-2.16405791041
Corretja,0.241746734409,-1.9031513622
Ferguson,1.53704400557,-0.390493633349
Gonzalez,-0.525729948301,-1.49167157061
Holmes,0.767332821444,-2.50528413159
Bledel,1.31227545992,-2.04094967527
Dennisoff,1.02786164856,-1.84273402862
King,0.661397805518,-2.06286197914
Penelas,0.760250014472,-2.26616911463
Penelas,1.03518476526,-2.57265117851
Popov,0.81103861774,-2.38678523793
Sink,-0.356321602346,-2.30475495655
Sink,-0.824575190947,-2.12295192184
Sink,-0.120102627538,-2.31307833734
Wallau,2.57271770651,-2.88673563678
Zanardi,0.921951623538,-2.40150005027
Cuaron,0.254533077375,-3.25429961591
Portillo,0.884245080376,-3.37226543931
Soriano,-1.72020958955,0.364506821404
Ford,0.162702808274,-1.53366599457
di_Stefano,-1.33162137129,-0.11020038731
Moreno,-1.88450569399,-1.13715305147
Pena,0.385968840592,-1.04887026153
Sant,0.212806259312,-1.26867820508
Gore,1.22455429682,-2.39223963747
Gore,1.73434030038,-2.05609093484
Gore,0.43930124054,-1.02550793918
Gore,0.406004894694,-2.26564744138
Gore,0.629665208669,-0.702818854675
Gore,0.601793688681,-0.980220878495
Gore,0.121222315807,-0.722116831861
Gore,1.43560963448,-2.35440300507
Abbas,1.00369519959,-3.04164314657
Abbas,0.64374178367,-2.15211825828
Abdullah_Saleh,-0.250232519331,-1.83086380877
Adbul_Karim_Madani,1.27200418952,-2.96573138523
Ahmeti,1.11392149833,-1.57434722761
Bin_Hussein,-1.94913517395,0.0897894680902
Fisher,1.11002930879,-1.92005147583
Fisher,0.312025801514,-1.2910111887
Hollowell,0.513081554033,-2.10132266479
Keys,-0.637362959445,-1.29649400129
Molik,1.04866676561,-1.41897392174
Silverstone,1.25173441752,-1.52861083209
Silverstone,1.25813280591,-1.93100654531
Witt,1.29939695183,-1.51024691446
Fallahian,-0.299594287625,-1.33502007372
Hammoud,-0.344950669356,-2.29967377732
Khamenei,-0.334161557782,-1.87343916965
Khamenei,-0.654778180952,-0.712555738292
Khamenei,-1.09131526539,-2.5190171818
Mohammed_Maher,-2.32832392839,-0.0407001806049
Tokhtakhounov,-0.894968265813,-3.26112277665
Tokhtakhounov,-1.70669886896,-2.01529580814
Naimi,0.989429918716,-0.623939024286
Naimi,0.856465375733,-0.925821499629
Naimi,0.627850493391,-0.310597052361
Naimi,0.0333049744505,-0.465609969279
Naimi,0.00668648737569,-1.77929139329
Naimi,0.300718963249,-1.96637128226
Naimi,0.217979506201,-2.022435306
Naimi,0.508135300784,-1.50528836554
Kabaeva,0.885882040822,-1.41301098765
Chretien,0.625465890089,-3.90407763388
Richman,0.470136706928,-1.41034143573
Krauss,0.154717646022,-1.49187493178
Lohman,0.320582837702,-1.29344235977
Lohman,0.111129033454,-2.13638695228
MacDonald,0.890300906218,-2.43633655085
Houston,-0.275500770268,0.261555885775
Kemakeza,-1.76343601926,-0.0314942443256
Wagner,0.668392557974,-2.47158782048
Leiter,1.64166050725,-2.03635494925
Iverson,-0.68507073576,-0.583087984841
Iverson,-1.00572394492,0.558427478373
Rock,1.23579119922,-2.53425950469
Janney,0.227744534381,-1.492281989
Janney,-0.191595027614,-1.44735333117
Searing,0.518934739503,-1.02001297494
Sheedy,1.70453134472,-2.73879508122
Felix,-1.00552743177,0.460433109721
Felix,-0.488055404463,-0.561230991031
Felix,-0.834000576701,0.119082437041
Felix,-1.56662695748,0.534084461235
Felix,-1.84225475152,0.460128955627
Powell,0.272927050165,-1.22508839634
Baptista,0.792567981716,-1.56098845597
Mourning,-1.39567212158,0.729248514319
Pacino,1.39262968404,-1.93457658123
Pacino,2.06672995267,-1.6195735645
Pacino,0.505999527284,-1.77544711707
Sharpton,-0.045113790322,0.427319499735
Sharpton,-1.90347217574,1.28370812788
Sharpton,-0.647101978012,-0.297225412902
Sharpton,-0.783447549821,-0.631473816331
Sharpton,-1.62131477351,-0.0882155691636
Sharpton,-2.11943590508,0.101840010571
Sharpton,-0.171247830155,-0.395054565794
Noboa,0.574787448915,-1.75420727444
Noboa,0.872748314437,-2.17237440551
Noboa,1.09822498719,-0.863360618169
Silva_Calderon,-0.152675022044,0.0871823394421
Silva_Calderon,-0.872585822022,0.77947065246
Silva_Calderon,0.22175458255,0.0670262074557
Silva_Calderon,-0.96306998131,0.694510071796
Uribe,0.536230085792,-1.26609745442
Uribe,1.42795945544,-2.32199191231
Uribe,1.66979150385,-1.89720307616
Uribe,0.816893800551,-2.01059112365
Uribe,1.06524497057,-2.09006213023
Uribe,1.56505448377,-2.7138714007
Uribe,1.70703493079,-2.32269474098
Uribe,1.35849982658,-1.83838791975
Uribe,1.3581023066,-1.96268855381
Uribe,1.29868136102,-1.71746104708
Uribe,1.34420490954,-1.84808834679
Uribe,1.55464752388,-2.51181240158
Uribe,2.01194898297,-3.46686081184
Uribe,-0.0638932615741,-2.34846028679
Uribe,0.405014112199,-2.42845347579
Uribe,1.16957931281,-2.19678447529
Uribe,1.73263275132,-2.12556268193
Uribe,0.431199432392,-1.02737528516
Uribe,1.30070147647,-1.42713951043
Uribe,0.101700159044,-1.85738173247
Uribe,1.5501383113,-2.52580355979
Uribe,2.10668186104,-2.21513699114
Uribe,1.12459297255,-2.64823033019
Uribe,1.14088850575,-2.17324844423
Uribe,1.15613126587,-1.63110735596
Uribe,0.755387536522,-2.39920973728
Uribe,0.993821287384,-2.69597839394
Uribe,1.15155726529,-2.28504942929
Uribe,0.446425691948,-1.25516730312
Uribe,0.642088237353,-1.72775539843
Uribe,1.68625684977,-2.52590508954
Uribe,1.58598906777,-2.40216836205
Uribe,0.602302630135,-1.63788110056
Uribe,1.40530308523,-2.79945429613
Uribe,1.4005663094,-2.95309611483
Beaupre,1.06931812618,-3.00228838478
Hannigan,0.693307746473,-0.851563552622
Wagner,0.703144689683,-1.2909007865
Beard,0.895018483546,-1.24142100177
Beard,-0.0186524770306,-0.791986844739
Bynes,1.72968438655,-2.23695348758
Bynes,1.08655548321,-2.02227015011
Bynes,1.45216911218,-0.949284145955
Bynes,0.948127644597,-1.94651249424
Coetzer,0.0404394887915,-1.62238985004
Coetzer,0.289849512528,-1.32199912843
Marsh,0.580428456203,-1.36578212158
Plumer,0.154711596307,-1.47105117363
Frey,1.34399627744,-1.68783016051
Tamblyn,1.53124230028,-2.85177666804
Tamblyn,0.467697800116,-2.92374575665
Lee,-0.890418348921,-0.501856167601
Vega,0.154631596407,-1.9889248342
Vega,-0.423829368641,-1.23140634027
Vega,0.421221292157,-0.927076833082
Vega,-0.595773023615,-0.492943620005
Vega,-0.743158735526,-1.07529960415
Vega,0.347632707125,-2.55165234712
Vega,-0.456942137821,-1.21086199563
Mauresmo,-0.546522335872,-1.69012360615
Mauresmo,1.03246695437,-2.08138902724
Mauresmo,0.740959539671,-3.2722086258
Mauresmo,1.05379223968,-2.55966524834
Mauresmo,0.200290278702,-1.53303502252
Mauresmo,0.892809928665,-2.0234164518
Mauresmo,0.365009918919,-1.90384344928
Mauresmo,-0.483439324512,-2.09663145645
Mauresmo,0.68883919254,-1.63853163735
Mauresmo,0.778857363938,-2.59055363565
Mauresmo,0.350425105466,-1.05549439169
Mauresmo,1.45229604154,-1.35917936378
Mauresmo,0.148203660173,-1.67799037317
Mauresmo,1.16116090872,-2.10633947134
Mauresmo,-0.338974108718,-1.24911445195
Mauresmo,0.953202127791,-2.40827245239
Mauresmo,0.91102496898,-2.39256876541
Mauresmo,0.622244324105,-1.96092878772
Mauresmo,0.461149195312,-2.15316901426
Mauresmo,0.562983472003,-2.4220969595
Mauresmo,0.798401697737,-1.98540395469
al-Saadi,0.579111916444,-1.72913832341
al-Saadi,0.255200372253,-2.88405447044
al-Saadi,-0.457466325778,-2.12254891247
al-Saadi,0.294990668686,-2.20196351609
Falise,-0.811302217434,-1.27904291404
Mitzna,1.19938901975,0.262792871945
Mitzna,-0.0553347236013,-0.922690647996
Moussa,-1.08347072178,-1.27080582211
Brenneman,0.590839459305,-2.14753375812
Cotton,0.925313616552,-1.45797777557
Gale,1.25624725125,-3.32945915524
Pascal,0.428591142034,-1.61232975627
Redford,0.733610362219,-1.68109692033
Smart,1.73134330553,-1.97120600018
Yasbeck,0.402055189661,-2.16144201515
Claudia_Talancon,-0.631395588836,0.363145181827
Guevara,1.47744919048,-3.24294199807
Guevara,1.27176176488,-2.79406157956
Guevara,0.449363952937,-2.05084434718
Guevara,1.1554366634,-3.40574552395
Guevara,1.17786140246,-1.96749924585
Guevara,1.39937319356,-2.37659068673
Guevara,0.836978682189,-1.99611691282
Isabel_Sanchez,-0.645313465786,-0.150645021257
Palacio,-0.0400923811075,-3.00637927827
Palacio,0.789651877467,-2.15212346367
Palacio,2.12159769743,-0.778576444558
Palacio,-0.550637256504,-1.65998477918
Palacio,0.698262514396,-2.36894762064
Palacio,0.335716150922,-1.8321182923
Palacio,0.204043430511,-1.38655386045
Palacio,-0.0214614750189,-2.11173418284
Paula_Gerard,-1.14996855116,-0.612795733644
Sebastiao,-0.939775827352,1.45669487006
Kelesidou,1.49177749554,-2.59805059098
Myskina,0.628544227608,-2.78350595185
Myskina,0.982831182402,-4.31203105345
Myskina,0.681531783597,-2.30238859472
Kinakh,0.586191425758,-2.53902707877
Ebbeson,2.0648103967,-2.51548577889
Ebbeson,0.397211236262,-1.50072548363
Ebbeson,1.62011628756,-1.60779303008
Fogh_Rasmussen,-1.35209395986,0.465477677226
Fogh_Rasmussen,-1.88271966561,0.424011894423
Fogh_Rasmussen,-1.10680823405,0.416930781145
Fogh_Rasmussen,-1.95051614839,0.782446545606
Varejao,-0.516536185178,-0.630611143702
Bocelli,0.557920605083,-1.51278095438
De_Cruz,0.482177611937,-0.458044180095
Agassi,1.23559482341,-1.65388538613
Agassi,0.187642956465,-0.628719118906
Agassi,0.879817754211,-1.70680285779
Agassi,1.49015587484,-1.70633349587
Agassi,0.323574107007,-1.16385349416
Agassi,0.488221069954,-1.37178239544
Agassi,-0.407251648899,-1.62529617078
Agassi,0.433278010904,-0.684290408118
Agassi,0.763342780196,-0.767065663026
Agassi,0.599500338815,-1.44373564599
Agassi,1.48964750123,0.318325450519
Agassi,0.0864720531412,-1.31079483861
Agassi,1.56666280228,-1.3868902618
Agassi,0.638044099604,-1.61678236449
Agassi,0.0752968796833,-0.724870985187
Agassi,0.799856290339,-0.915033395181
Agassi,1.30103209784,-1.8777423845
Agassi,0.787557894179,-0.902477520153
Agassi,0.0270129501501,-2.93712152368
Agassi,0.772345355598,-1.0305508034
Agassi,0.0738528166622,-1.38562163762
Agassi,1.3269302569,-1.72460866302
Agassi,0.955114011902,-1.16802868203
Agassi,0.338286347017,-1.9878551329
Agassi,0.645357875482,-0.843146603331
Agassi,1.16062935375,-0.668587317109
Agassi,1.09039695497,-2.1362762049
Agassi,0.263169594305,-0.519224237255
Agassi,0.745128582844,-1.07507489734
Agassi,1.11978647024,-3.47073497186
Agassi,-0.570837334507,-0.570762806179
Agassi,0.5376764309,-1.91907116651
Agassi,-0.452833001192,-0.0390272873091
Agassi,0.641357869346,-1.35302667321
Agassi,0.374041953948,-0.95026054367
Kiser,1.16664554982,-3.12775845318
Vinciguerra,0.665676008576,-1.97405733492
Yates,-0.0227472609574,-2.23755426897
Bucher,0.786792900343,-3.14045800449
Konchalovsky,-0.0302626660992,-1.10635269116
Mikhnevich,0.653620205113,-1.38288124543
Mikhnevich,0.444848243626,-1.04958287759
Nikolishin,2.20820943547,-3.01106427877
Lange,1.08529428938,-1.30066024418
DAlessandro,0.580830532548,-1.7039900632
Manuel_Lopez_Obrador,1.76253158246,-0.201033418597
Smith,-0.806788031381,-0.0396320670291
Pastrana,1.47085911777,-3.02797623163
Techine,0.941529572461,-1.76759216453
Bernard,1.35791975322,-2.54105821852
Bunner,0.925083121727,-2.02749043922
Bunner,0.497562730004,-1.30026875239
Caldecott,1.89787855111,-3.18418375164
Cuomo,1.46160407373,-1.46345723318
Cuomo,1.24413448578,-1.16775112176
Fastow,1.49083919228,-1.4063173765
Firestone,1.35486843635,-2.53780750371
Gilligan,1.95787274903,-3.03753693616
Jarecki,-0.598186094748,-1.48504038562
Luster,0.585286472701,-3.03718597539
Niccol,0.424982515856,-1.00975767485
Niccol,1.74458469181,-2.06916775066
Sabey,0.510953744556,-1.7252355083
Shutley,0.518877671983,-1.91707430212
Weissmann,0.83401549333,-1.21156566322
Weissmann,0.989660084762,-0.991877659823
Weissmann,1.05005263321,-2.30865534238
Wetzler,0.755852494561,-1.62335907544
Tyszkiewicz,0.392353940137,-1.51328375425
Benes,0.117683227044,-2.34084049981
Bryant,1.03657531129,-2.97758095518
Garcia,1.43363778466,-2.79138188707
Graves,0.521556958812,-1.44750303784
Griffith,1.95508791063,-2.17752700319
Griggs,1.15586639908,-2.76728377987
Hebb,0.740656395521,-2.04643997298
Hebb,0.487320635433,-3.06597198622
Lau,-0.963993016576,-1.54539114713
Madikians,-0.301063031038,-1.98717813528
North,-0.186401421368,-1.4000693723
Perez,1.27169276125,-2.60147359332
Roddick,0.239946365265,-2.06283295639
Roddick,0.505736788558,-0.341830705869
Roddick,0.856863260126,-1.65844245677
Roddick,0.737876287372,-1.07052013084
Roddick,0.564892517778,-0.628664627112
Roddick,0.834036617332,-0.940254160293
Roddick,1.36324313148,-2.55254396027
Roddick,0.752566696763,-0.660710942785
Roddick,0.64625426107,-1.38572442428
Roddick,0.850145250761,-1.34676203704
Roddick,1.27398509181,-2.47801555775
Roddick,1.0682679774,-1.94723953015
Roddick,1.24718587782,-1.89433422001
Roddick,0.208217776764,-0.469567285686
Roddick,-0.233926932704,-2.12133346031
Rooney,2.4387619279,-2.02706054862
Warhol,0.646974740394,-1.42471957994
Wisecarver,0.643935112258,-1.64528683187
Hosoi,0.368032063932,-1.30025761627
Negron,-0.258801764989,-2.81581431241
Alvarado_Rosa,-0.345465363648,0.0497683637241
Bassett,-2.51022949146,0.240038761921
Bassett,-1.53168833929,0.186672907278
Bassett,-2.03526482721,1.12332543272
Bassett,-1.62220490434,0.562796966628
Bassett,-2.76995529517,1.03706544549
Bassett,-1.13229188996,0.159325361708
Lansbury,0.980691614245,-1.99930416686
Lansbury,1.73126164207,-2.12886881636
Mascia-Frye,-0.372300736929,-2.23631415846
Merkel,1.1137721709,-3.2762838652
Merkel,0.768491177633,-2.25808967843
Merkel,1.42282056156,-2.61918539716
Merkel,0.79593790439,-2.8175143039
Merkel,1.43436750078,-2.63349461568
Romero,-0.366114326923,-1.24989171152
Jolie,-0.0525620931207,-1.89680774433
Jolie,0.293323016734,-2.61134144062
Jolie,0.597542132324,-1.74686332959
Jolie,0.83267811994,-2.43534835412
Jolie,-0.152821433782,-1.82248559732
Jolie,1.11711009416,-2.71430475259
Jolie,0.453027202386,-2.59189183329
Jolie,0.032465824179,-2.11694579051
Jolie,1.26540873608,-2.32585912736
Jolie,0.761617333138,-2.011821902
Jolie,0.70045554298,-2.31586940803
Jolie,0.257997060511,-1.54319018209
Jolie,0.669368233696,-1.90636806519
Jolie,0.391979079447,-2.66249229184
Jolie,0.338542296514,-2.59414642462
Jolie,-0.125033477525,-2.2916048555
Jolie,0.0194111997939,-1.34304454915
Jolie,-0.532316326403,-0.388149372636
Jolie,0.11383025457,-0.985739055266
Lockward,0.816946360557,-2.1320508739
Maza,-0.713809139734,-1.49608395707
Genova,0.300805218303,-2.36914323093
Reyes,0.147229369804,-0.222385491692
Reyes,-0.0668888399596,-2.44657776265
Reyes,-0.11518696471,-1.47391815497
Reyes,-0.475755030081,-2.34825628992
Arzola,1.17248185907,-2.51449046784
Martinez,0.655324322492,-1.38556367113
Ibarra,-0.395018662879,-3.14277215811
Ibarra,0.385020371723,-2.66181264263
Ibarra,-0.0353883418046,-1.8521909956
Ramsook,-0.218869568386,-0.537035559189
DeFrantz,-1.20057202255,-1.64279985642
Paerson,1.38251539941,-1.75999031622
Hussain,-0.480292972159,-2.13980311786
Chicherova,1.39579511345,-2.82879053736
Faris,1.86598337979,-0.712123135194
Jones,0.201413682853,-1.88502117131
Kournikova,0.984910342082,-0.884484261443
Kournikova,1.10119564139,-2.63674851087
Kournikova,0.976199119616,-2.767669734
Kournikova,0.556216911387,-0.709918935149
Kournikova,-0.336064574891,-1.81616278777
Kournikova,-0.204067617476,-0.996431574849
Kournikova,0.629140952506,-2.23210730961
Kournikova,1.42647431032,-2.13143642833
Kournikova,0.70551758776,-0.382585398291
Kournikova,-0.172726480385,-1.7418446166
Kournikova,0.583070040597,-1.93409105924
Kournikova,0.460996483021,-0.131923762521
Nicole_Smith,-0.767822541237,1.28271883029
Nicole_Smith,-1.56560985978,1.79765536497
Cavers,1.02131917801,-1.35959463391
Donovan,1.44115926969,-2.25772048827
Heche,2.00052617317,-2.15595399204
Krueger,0.416517135184,-1.8065782206
Krueger,0.984189696992,-2.70347132521
Krueger,0.00774893639181,-2.97034547118
Jaatteenmaki,0.334596332526,-1.66270878242
Jaatteenmaki,0.668410687208,-2.1568831899
McLellan,-0.545571120988,-2.29157903093
McLellan,0.244819888429,-2.35089507624
McLellan,-0.69297867137,-2.3152406819
ONeil,0.792556804132,-2.17668455585
Bening,1.1864022838,-1.8660201466
Bening,1.11627468795,-2.76886837443
Lu,-0.163353452829,-1.98047513326
Lu,-1.02706133951,-3.2407268508
Lu,-0.631304462111,-2.17193788581
Godbehere,1.71805753068,-1.57206674903
Chaplin,-0.531903908684,-2.76391812482
Reynaud,0.824211057551,-1.54509056747
Machon,0.942361338803,-2.26656757958
Sorenstam,0.666970432656,-2.39381368554
Landers,0.474776742882,-1.13162848141
Morgan,1.90601693617,-1.93594654536
Veneman,0.503207554083,-2.34462719923
Veneman,0.104258423834,-2.19624650054
Veneman,0.109302167966,-1.88654926543
Veneman,0.71354297302,-1.92704971812
Veneman,1.05654918554,-1.90775869451
Veneman,0.41890451252,-3.19457145499
Veneman,0.04871521193,-2.14016731308
Veneman,1.0543711723,-2.08332859887
Veneman,0.716252261137,-1.82788713278
Veneman,0.668806299531,-1.96328030254
Veneman,0.543851499511,-3.50142207383
Valionis,1.00878895724,-1.32306954348
Carter,-2.06811300949,1.00350125
Corso,0.299582708958,-1.93964206027
Ervin,-0.301893939914,-0.862630588696
Fauci,0.339053318347,-1.59840785707
Fauci,0.122213055659,-1.9684288758
Garotinho,1.16117370404,-2.04167200108
Hazen,0.694645238389,-0.671039851075
Hopkins,1.41834249364,-1.05900363572
Hopkins,1.80003424666,-1.02624060512
LaPaglia,0.908369500623,-2.33176055664
LaPaglia,1.30984941306,-2.59007266859
Lee_Johnson,-0.0945633225079,-0.99341699496
Mazur,0.998611442007,-1.62273545125
Pico,-0.981436927615,-0.26854888078
Pisciotti,-0.0498077243867,-2.50055621449
Principi,0.55934190558,-0.463160976992
Rackauckas,0.830670384409,-1.79105493791
Scott_Miller,-1.44419577504,-0.105772549547
Buschschulte,-0.172954350316,-2.02508515235
Balasingham,-1.87687939097,0.53832532776
Banderas,-0.624004403499,-1.15037979721
Banderas,-0.786717640493,-0.113256405011
Banderas,0.650909605039,-1.56192613112
Banderas,0.717170028747,-2.22353414879
Banderas,0.82912293516,-2.24969636216
Bernardo,-1.02748761055,-2.01463692977
Cassano,1.03053881319,-0.695794044948
Catania,1.57119730005,-2.11446019671
Elias_Saca,-1.14649288625,0.214152292107
Palocci,0.592084627565,-1.05388648661
Palocci,0.452485522541,-1.13792914305
Palocci,0.649006459243,-1.70236419336
Palocci,0.133166311996,-0.951016659011
Palocci,0.568285758368,-1.46335473693
Palocci,0.257361583309,-1.41610327447
Palocci,0.581159236222,-1.69735733555
Palocci,-0.458995051482,-2.26642289612
Trillanes,-1.58314824864,-0.753751918856
Trillanes,-1.02970048216,-2.00459830813
Trillanes,-1.43139249555,-1.73176059817
Leung,-0.839884693329,-0.329071616404
Leung,-0.232957732175,-1.58517825391
Leung,0.188274211532,-1.2270001866
Leung,-0.50344761459,-0.877023725539
Echols,-1.20981007701,-0.69347865705
Ibrahim,-1.25039105259,-1.54868650159
Ibrahim,-0.493145894163,-1.40369916434
Kikalishvili,0.466585545528,-1.32113427509
Pillai,-1.35290314249,-0.565065292975
Adler,1.53554965414,-1.9170797609
Sanchez-Vicario,0.434301880176,-0.590292911988
Sanchez-Vicario,0.348778663004,-1.74094078555
Franklin,-1.49235023981,-1.69180450546
Huffington,-0.246783270791,-1.91755875696
Huffington,1.34321121308,-2.3212162218
Huffington,1.2834386077,-2.36632397023
Huffington,0.81887277722,-3.02079076202
Bousbib,-0.279853482731,-2.74103830311
Haan,1.31944588907,-1.56516551874
Sharon,0.477727156692,-1.65212692056
Sharon,0.928940077807,-1.60702142396
Sharon,0.867937404963,-1.80719774501
Sharon,0.0421269683035,-1.75614005942
Sharon,0.713471168315,-1.56418013237
Sharon,0.43963918463,-1.56242889389
Sharon,1.90201807868,-1.8884808238
Sharon,0.492960783141,-1.77562352664
Sharon,-0.12162236273,-1.33239611453
Sharon,0.673283359034,-1.59487359345
Sharon,0.707928035673,-1.55272151791
Sharon,0.204923530212,-1.02582768216
Sharon,0.636803254854,-2.06067426208
Sharon,0.134055491852,-1.65178235957
Sharon,0.262618785594,-0.354605316604
Sharon,0.828213235591,-1.79486767192
Sharon,0.502570343171,-1.76023680024
Sharon,1.00399066199,-2.00848922715
Sharon,-0.0400225428361,-1.2518416585
Sharon,0.988963646315,-1.76507761971
Sharon,-0.377060944563,-0.949940081239
Sharon,0.831987955428,-2.2547427061
Sharon,1.46557839616,-2.08611298483
Sharon,-0.0908354249884,-0.403531509107
Sharon,1.47089976994,-2.26140346734
Sharon,-0.0593959971279,-1.36906163945
Sharon,0.947699627622,-1.61114475171
Sharon,0.52263817444,-0.578667994272
Sharon,-0.0732107478763,-0.0866365762915
Sharon,0.757456252188,-1.52332080483
Sharon,-0.135081845928,-1.00464346177
Sharon,0.802996534233,-1.86389215481
Sharon,1.36102256111,-1.28836341865
Sharon,1.04114622918,-2.4522060156
Sharon,1.53875614796,-1.87220857034
Sharon,0.367739081205,-1.65135307985
Sharon,0.501216001971,-1.04297486984
Sharon,-0.164195958004,-0.827227257656
Sharon,0.64462639832,-1.69992839217
Sharon,0.651757703128,-1.6338466814
Sharon,0.34636034416,-1.17456481708
Sharon,0.91146983446,-1.22264884424
Sharon,-0.398480805545,-1.75141715723
Sharon,0.582074134697,-0.835254326708
Sharon,1.04912307816,-1.83053871401
Sharon,0.30794775953,-0.638328686978
Sharon,0.858539490029,-2.90907313544
Sharon,0.411178719309,-1.12944699365
Sharon,0.148248625335,-1.27954099477
Sharon,0.06624708478,-1.4599504474
Sharon,0.912966339981,-1.66644603382
Sharon,0.263162468314,-0.443419503779
Sharon,0.393755949671,-1.43775883063
Sharon,0.717953332905,-1.25273946536
Sharon,-0.105939045178,-1.43558263817
Sharon,0.385447075096,-0.950375001559
Sharon,0.263191544103,-2.26891905036
Sharon,0.348851398059,-0.86610868862
Sharon,0.787829225133,-1.18931366363
Sharon,0.305995920392,-1.30681159562
Sharon,0.0605659332258,-1.08686666295
Sharon,0.558855682186,-1.57391684425
Sharon,0.458403430368,-2.11904023152
Sharon,0.824152075038,-2.01514017379
Sharon,0.411651098275,-0.0483998251948
Sharon,-0.0222087702208,-0.0915108842497
Sharon,0.920367007163,-2.48477954164
Sharon,1.09145312727,-1.91722012768
Sharon,0.640118522529,-1.88990715294
Sharon,0.840930851737,-1.7156836927
Sharon,0.0164616003134,-1.05316853617
Sharon,0.341775016676,-1.50547911628
Sharon,0.302657361737,-0.879671311053
Sharon,0.0366661016624,-0.664194735091
Sharon,0.911772638354,-1.06250470566
Sharon,0.92176002266,-1.70058728974
Fleischer,0.325499157842,-1.54696676558
Fleischer,0.253274095471,-2.21999560225
Fleischer,0.512027134122,-2.26403369412
Fleischer,0.805097704559,-1.41028159397
Fleischer,0.760373091289,-1.68182504183
Fleischer,0.272158301978,-1.55980386125
Fleischer,0.890650574257,-2.31780013436
Fleischer,0.169177409615,-1.07006293272
Fleischer,0.474643291304,-1.58736621239
Fleischer,0.483027819333,-1.99408721581
Fleischer,0.486088705175,-1.87345001733
Fleischer,0.305535014714,-0.840295402934
Fleischer,1.3497820527,-1.99367069445
Mardin,0.403171626722,-0.905255702327
Specter,0.910831799911,-2.09501956099
Specter,1.01458114197,-0.938208422036
Specter,1.61773360542,-2.01094071501
Avila_Panchame,-1.26391677611,-0.532765945231
Calderon_Sol,-0.479519281907,0.15961503976
Carrillo,0.302026997418,-0.0132522627173
Sargen,0.515006067561,-1.89555008874
Fraga,1.11616896397,-1.16000178792
Fraga,1.21383928992,-2.63188675987
Fraga,1.92948885824,-1.96255476225
Fraga,1.26979068955,-1.58261662052
Fraga,1.32945310869,-1.1196086353
Fraga,0.691628200189,-1.4791233766
Clement,0.380223795904,-2.45819874431
Clement,0.0775515137116,-2.6385886816
Lagardere,0.499947470087,-1.45580283747
Boehm,1.62463527338,-2.29496180191
Aleman,1.74419631571,-2.90683377128
Aleman,0.477002820641,-1.30461647291
Aleman,0.889432667753,-1.76500802761
Aleman,1.29958621844,-2.00922573283
Aleman,-0.158189914639,-1.67918674798
Palmer,0.827025770134,-1.19159577747
Palmer,-0.0426664137067,-0.861390125962
Palmer,0.935514448384,-2.25718893872
Schwarzenegger,-0.352189024727,-3.13682453246
Schwarzenegger,0.804075612057,-2.45396857844
Schwarzenegger,1.15168836108,-1.01726326085
Schwarzenegger,0.835125569976,0.0109835443297
Schwarzenegger,1.05285854039,-1.18661691093
Schwarzenegger,-0.361331935827,-2.37061570573
Schwarzenegger,0.538904142832,-0.687575602472
Schwarzenegger,0.577397306649,-0.334990295123
Schwarzenegger,0.210769411166,-1.24569262654
Schwarzenegger,0.400709390148,-1.74252336929
Schwarzenegger,0.550610950353,-0.743893707662
Schwarzenegger,1.27055304227,-1.51723119201
Schwarzenegger,-0.395786580108,-2.0141443638
Schwarzenegger,0.622048997604,-2.08761067734
Schwarzenegger,1.27944740779,-2.14138894347
Schwarzenegger,0.209943778757,-2.06968123627
Schwarzenegger,0.125949037153,-2.86192478097
Schwarzenegger,-0.942196203116,0.659925928797
Schwarzenegger,0.0580506729108,-2.01312262865
Schwarzenegger,0.308718044972,-0.946461567733
Schwarzenegger,0.439842463857,-1.05217338142
Schwarzenegger,-0.297980919203,-1.45733054624
Schwarzenegger,0.298951332371,-0.372742816634
Schwarzenegger,0.521134575528,-2.22101059059
Schwarzenegger,0.575054967238,-2.12107160305
Schwarzenegger,0.390954143241,-1.00732240088
Schwarzenegger,0.37269247037,-2.08930804731
Schwarzenegger,0.646648681429,-1.12978802282
Schwarzenegger,0.121382242249,-1.35041693225
Schwarzenegger,0.539472666819,-2.31500164726
Schwarzenegger,-0.295690286331,-1.47658598742
Schwarzenegger,0.401512433848,-1.50299971963
Schwarzenegger,0.00760607952798,-1.54915999538
Schwarzenegger,1.13724393177,-1.63625578199
Schwarzenegger,-0.151231068428,-1.50184264077
Schwarzenegger,-0.129004482432,-0.884021555666
Schwarzenegger,-0.327636594479,0.102877809974
Schwarzenegger,0.588007735916,-1.66255308785
Schwarzenegger,0.141128077925,-1.76086912366
Schwarzenegger,0.0999753854904,-2.32522262037
Schwarzenegger,-0.436032615729,-0.24670056615
Schwarzenegger,0.42250986898,-2.35655794669
Scott,1.10892111758,-1.85541056742
Ralston,-0.0172019049321,-2.1907885748
Ralston,0.765110138087,-2.40868583479
Khanjian,0.0345372143023,-0.673371390088
Khanjian,0.808939180527,-3.3220613355
Cooper,0.664879591998,-1.5259451713
Hoffmann,1.00293073153,-2.37518074256
Hoffmann,1.12385496885,-2.0550236212
Howe,-0.169667624846,-0.682033454361
Howe,1.66621694806,-1.86118463378
Howe,0.0943541607801,-1.78541149753
Howe,1.07259588561,-2.34706671818
Johnson,-0.364446438237,0.893536292643
Martinez,0.622125491446,-1.85590060902
Shanks,-1.61035796604,-0.555524798642
Lopez,0.875454617893,-1.68083596873
Gatti,0.268829146676,-1.43972255283
Gatti,-0.0298816221928,-1.39502531595
Gatti,-0.572200079445,-1.30203285298
Mekel,0.960459286598,-2.15300710879
Mekel,0.0657356277477,-0.733998601722
Hutchinson,1.84224952157,-1.43492324382
Hutchinson,0.880560887314,-1.91270845445
Barajas,0.633355212923,-1.91038113655
Barajas,0.291071154314,-1.08665719027
Barajas,0.437197736637,-2.42043749902
Barajas,-0.462511293978,-1.57842029946
Barajas,0.514199333039,-1.07652561454
Barajas,-0.508225903102,-1.51619261988
Talbot,1.29662454407,-2.06693500561
Judd,-0.215497005585,-2.12399557091
Olsen,0.619001082625,-0.928168683816
Postell,-0.531910354664,-1.27019450819
Alasmar,0.0776123995597,-2.96783690695
Ghani,0.828913610554,-0.94455666254
Kutcher,1.35954003593,-2.54814263481
Kutcher,1.70909290843,-2.57552615504
Kutcher,1.6706102233,-3.14935105356
Ali_Zardari,-0.755676394435,-1.01856880455
Hanif,-0.238812199835,-1.02263098091
Akayev,-1.31289680315,-2.15912141143
Assad,1.30884059255,-2.90434048045
Ahmadi,0.242616995802,-1.69571341735
Ndiaye-Diatta,-1.43103591546,0.0507528796436
Betancourt,0.257115120422,-1.06003337232
Eyzaguirre,0.457486926669,-2.09631906443
Bihari_Vajpayee,-0.924340221314,-1.26454636702
Bihari_Vajpayee,-0.919654598797,-0.794518233903
Bihari_Vajpayee,-1.09342154326,-1.13616548939
Bihari_Vajpayee,-0.244627719112,-0.773694365646
Bihari_Vajpayee,-1.0664357237,-1.40990564314
Bihari_Vajpayee,-1.8791228888,1.23710876668
Bihari_Vajpayee,-1.07091210744,-0.371922360372
Bihari_Vajpayee,-1.12946428582,-1.56921811353
Bihari_Vajpayee,-1.8141341288,0.5273504186
Bihari_Vajpayee,-1.16305471757,0.0190869836899
Bihari_Vajpayee,-0.852732859432,-0.472428655359
Bihari_Vajpayee,-1.0491621873,-0.925390816183
Bihari_Vajpayee,-0.432144881364,-0.796611280816
Bihari_Vajpayee,-0.699696824218,-1.28166207548
Bihari_Vajpayee,-0.859620033204,-0.889171127226
Bihari_Vajpayee,-0.917847804846,-0.0135327398966
Bihari_Vajpayee,-2.02171683078,-0.67610685115
Bihari_Vajpayee,-0.482700193872,-0.43772389965
Bihari_Vajpayee,-0.241004308988,-0.488242795072
Bihari_Vajpayee,0.0340697316646,-0.695265183269
Bihari_Vajpayee,-0.898939142957,0.125765227618
Bihari_Vajpayee,-0.669482372068,-0.790095905404
Bihari_Vajpayee,-1.73177209784,0.360188606252
Bihari_Vajpayee,-0.615822074039,-1.36180125362
Mohajerani,0.176914510693,-0.315597918028
Ijan_Amabel,-1.16027768725,-1.50507018177
Egoyan,0.818273976708,-2.18392154229
Sato,-1.41832341932,-0.679980687035
Lacroix,1.51404028702,-2.2443778845
Sauret,1.29273976183,-1.60027112761
Calleri,-0.406804355739,-0.618915806116
Calleri,-0.76688261308,-1.02756053389
Calleri,-0.656518522369,-1.2793264243
Calleri,0.425227159469,-1.38597059912
Pinochet,1.76400771747,-2.99174345525
Pinochet,1.70237229303,-1.16349342854
Roa_Bastos,-1.86307318861,0.768770876554
Roa_Bastos,-1.74882284783,1.05319989477
San_Suu_Kyi,0.105188599031,-0.355777401687
San_Suu_Kyi,-0.858559566895,-0.320583007285
Kearns,0.362254575827,-2.67869165564
Lavigne,1.30741970311,-2.71823272202
Bishara,-0.261470597417,-1.50952456252
Akin,-0.283149776542,-1.45436517929
Akin,0.0787860593825,-1.49244104307
Akin,0.237089221961,-2.56292091412
Akin,-0.195563056472,-1.81716840532
Ruth,0.824854584432,-1.43647634706
Bhattari,0.502341004262,-3.02949788442
Chang-Ryun,0.678265031464,-1.7048019652
Bach,-0.121346090851,-2.07044250473
Becker,-0.563241298758,-1.70645717809
Bodine,-0.169693231205,-1.64096853746
Boxer,0.252390165005,-1.2003118917
Brezigar,-0.311395623118,-1.84336498325
Brezigar,1.32735701412,-2.57770060517
De_Brun,-1.45155216107,1.82323601281
Esbin,0.0430643792949,-0.101155610993
Felt-Miller,1.43604237584,-2.43757023577
Roberts,0.619791943292,-2.56436046458
Walters,0.841873556181,-2.69995910351
Walters,1.68802549923,-2.90717118807
Walters,1.47090044028,-2.25942400186
Walters,0.984740043676,-2.1196596894
Strycova,0.382716039491,-2.30311553163
Streisand,0.57964341323,-1.58203470514
Streisand,1.66664408442,-1.47163018885
Streisand,1.75012372528,-2.34775528939
Jackman,1.54161093058,-1.80154343173
Jackman,2.11021352711,-2.59855459246
Alvarez,1.50592954354,-1.36049000351
Alvarez,1.37957106501,-1.25330875747
Bonds,-1.39071544911,0.99441448117
Collier,0.839583372512,-1.85291725788
Diller,1.6073483588,-0.123617450756
Ford,-1.43021659122,0.600251886031
Hinson,-0.214050841956,-1.64609946771
Nakell,1.32886473676,-1.18402110473
Switzer,0.0357995821764,-1.62756614025
Williams,0.643666937055,-1.67715810381
Zito,1.19227633418,-1.15059559383
Zito,0.0823203820586,0.134185298043
Freundlich,1.23918582177,-1.47679626975
Hendricks,1.34538558484,-1.91561600436
Kizierowski,0.296059590495,-2.59422978434
al-Tikriti,0.694799110596,-2.79624124758
Panday,-0.812355289326,-0.326869997318
Assad,1.3514442042,-1.65929469258
Assad,1.223086485,-2.14300430902
Assad,1.39865192826,-1.87107447708
Assad,0.796703196079,-1.53155435331
Luhrmann,0.325605974624,-2.44637800662
King,-0.161327289529,-0.798992786911
Dalle,-0.552543397022,-1.60352531428
Merino,0.34300191032,-2.6455889457
Ray_Kirby,-1.3352072357,1.54076275423
Khaleda_Zia,-0.572560483692,0.327568453362
Khaleda_Zia,-1.23148443849,-0.272955319365
Karolyi,0.579865690695,-1.82744868379
Affleck,0.877133458433,-1.7788091861
Affleck,0.943043759223,-1.80426246436
Affleck,0.100073450978,-1.39297271006
Affleck,0.15052827869,-0.818626915946
Affleck,0.835862122569,-1.14699729595
Affleck,0.682966108613,-1.31329564707
Affleck,1.05547909523,-2.06928468032
Bhutto,0.864306931761,-2.33273754299
Bhutto,1.30492140512,-0.66050582642
Bhutto,0.891656587889,-1.22591325141
Bhutto,0.314095891897,-1.89849245426
Bhutto,0.42808641044,-2.74400724597
Betts,-0.209477129622,1.61443116823
Braun,0.98928873978,-1.51734304352
Broussard,1.0044009173,-1.9927030115
Cahoon,1.87963693315,-2.85655765334
Chandler,0.978972836523,-0.869002474886
Cohen,0.992840646352,-1.60887060555
Curtis,-0.619260456112,-2.08257776321
Curtis,0.0615803808591,-1.96238295962
Curtis,-0.487226884364,-1.39892398011
Davis,0.017899686677,-2.27645824534
da_Silva,-2.16519694589,-2.42170688438
Glisan,0.816440316711,-1.64301036049
Glisan,1.51508170449,-2.05844869701
Howland,0.43193444351,-0.942636544819
Howland,0.535616403281,-1.59221710627
Howland,1.17551195003,-2.84057623075
Howland,1.0422359552,-1.13197038998
Del_Toro,-1.16223443417,0.262813560061
Santiago,-0.138280801531,-1.05089831304
Bratt,-0.801566882125,-1.00706313485
Franklin,0.0708707328133,-1.65462167196
Martinez,-0.265181781957,-0.615440554151
McKenzie,-0.729013816935,-2.39812521982
Netanyahu,1.02479754653,-1.87026977074
Netanyahu,0.814346587232,-1.75418311654
Netanyahu,0.827122665538,-1.59690981726
Netanyahu,1.66429175508,-2.00834464773
Netanyahu,1.22381988733,-1.28639423965
Neulander,-0.508899226963,-2.87406930273
Kingsley,1.44980437357,-2.6904553613
Lee,1.09628639524,-1.62575568534
Stein,0.163589312294,-0.758431260586
Wallace,-1.73876528967,1.05693828372
Peters,0.430284999591,-1.86521558557
Ebbers,1.82818850836,-1.79387199783
Giraudeau,0.318802948529,-1.68687717764
Kerik,0.675982921611,-2.30221810286
Landry,1.7422939601,-2.15719049985
Landry,0.848255083594,-1.49560432953
Landry,0.38500445126,-1.02954298838
Landry,0.911896856092,-1.51759180431
Law,0.978773361551,-0.877393058908
Law,1.23577427874,-1.44751125109
Law,2.63246596621,-1.44068676539
Law,1.87682904458,-0.918501040057
Law,2.07897439509,-1.8380103267
Lord,0.605247697546,-2.16749566498
Lord,0.464761329421,-2.93322994544
Segura,-1.31160587737,-0.932416444549
Segura,-1.36640334605,-1.64149109479
Siegel,1.40246774171,-1.69728792819
Wong,-0.76243205098,-2.1046629007
Ahern,1.9279453258,-1.98647144001
Ahern,1.15158754122,-1.92572632226
Ahern,2.18412895107,-2.36806083729
Ahern,0.416412961668,-2.2284578754
Ahern,1.00230104454,-2.41519625971
Bonello,-0.268098256237,-2.7913419586
Bonello,1.29610132674,-3.69720960194
Delanoe,0.0413181699386,-1.85034426181
Blough,0.916832734593,-2.02491535034
Jones,1.02672784886,-1.54957303505
Jones,-0.876294819727,-0.756555546475
Coffin,-0.336831839899,-2.45784230039
Smith,0.954688774865,-1.77826894783
Smith,2.18298206587,-1.79832735839
Rheims,1.64453330117,-2.53979238615
Garrison,1.71323819461,-2.69446538625
Williams,0.950165909913,-1.6089745193
Knowles,-0.573766418635,-0.53558015905
Jagger,0.276459746911,-1.99250571544
Darvish,0.478894569516,-1.5372778019
Darvish,0.400761734551,-2.3498041275
Darvish,0.585953170138,-1.67318530538
Namdar_Zangeneh,-2.35794565131,1.09360069255
Namdar_Zangeneh,-1.7013683852,1.20164176375
Erdogan,0.153561670394,-1.80415764479
Plavsic,0.778441104473,-2.10412110593
Plavsic,1.47801646288,-2.64661696198
Plavsic,1.44516849077,-2.78929856628
Belichick,1.15726102188,-1.59538422137
Belichick,1.13839421793,-1.91116600938
Bradley,1.56762586062,-1.78787395271
Butler,0.801304427566,-2.41348382826
Byrne,0.827309165325,-2.03253158351
Callahan,1.73496202342,-2.97128568002
Callahan,0.151513422524,-2.16439718014
Callahan,1.25143196274,-1.04090496887
Carmody,0.951674692217,-1.94785498641
Cartwright,-1.15520562077,0.144584282442
Clancy,1.27739195108,-1.55662448673
Clinton,0.76192337577,-2.00458938873
Clinton,1.6905160124,-2.1895209991
Clinton,0.872275833967,-0.827314517434
Clinton,1.8413125447,-2.38444673337
Clinton,1.45667596822,-1.21763590097
Clinton,1.76719187296,-2.66024678036
Clinton,2.10473823931,-2.62919889939
Clinton,0.947622390334,-1.27149662224
Clinton,1.67740363693,-2.35546362198
Clinton,1.04343484421,0.135826535842
Clinton,1.81384508043,-1.83776729206
Clinton,1.37154513643,-1.97291409873
Clinton,1.14525159438,-2.23803787632
Clinton,1.29676162827,-1.5887246726
Clinton,1.93358843763,-3.71902996259
Clinton,0.668800722774,-1.31183229136
Clinton,1.74949864732,-2.42755700782
Clinton,2.17661220357,-2.01999850634
Clinton,0.884668947305,-1.74466890451
Clinton,1.27088167351,-1.98740534138
Clinton,0.0133313592198,-1.95753183594
Clinton,0.976774167534,-1.48589632919
Clinton,0.519950131827,-1.74471986637
Clinton,2.25402575733,-2.02794272343
Clinton,0.80196673232,-1.21729894666
Clinton,0.435441628305,-3.28518155387
Clinton,0.0360996802567,-1.05681309344
Clinton,0.00349518146661,-1.31050992879
Clinton,0.485786223964,-1.69639889191
Curry,0.459356904733,-1.8195643564
Doba,1.69707058552,-1.63204722816
Duffey,2.0529055036,-1.76451962493
Elliott,2.06699866631,-2.49582046965
Fennelly,1.5330493789,-2.1695654044
Frist,0.780170899298,-1.953281842
Frist,0.827985142757,-1.72258346544
Frist,1.79544034165,-2.34897628247
Frist,0.203135502187,-2.60577738374
Frist,0.0165971713827,-0.827992050025
Frist,1.00140563946,-2.38313996106
Frist,1.88868867616,-1.48495358644
Frist,1.70337347864,-2.16570115985
Frist,1.44420251092,-2.41364407998
Gates,-0.491202154007,-2.31626862379
Gates,0.0271152046902,-1.00641982778
Gates,0.188418200528,-2.26324425579
Gates,0.841347209426,-1.49384983845
Gates,1.43270343231,-2.10027322151
Gates,0.69316780686,-1.27333046277
Gates,0.844925364822,-2.01335401975
Gates,0.599356817629,-1.19464969887
Gates,-0.198822690885,-1.25047695711
Gates,0.355893539308,-1.57947024665
Gates,-0.565689452054,-0.453364488305
Gates,-0.400659660469,-0.252564526711
Gates,0.357413231454,-1.33319190673
Gates,0.675396807523,-0.901389229965
Gates,0.175040373085,-2.36525236381
Gates,0.699484486653,-1.42187162183
Gates,0.250802739961,-0.842044138344
Graham,1.21294807369,-1.40136907463
Graham,1.84017805224,-2.39388587823
Graham,0.300841319893,-1.72555007691
Graham,0.411235824731,-0.692573635922
Graham,-0.0376454107341,-0.746758370511
Graham,-0.00896544624831,-1.19482883765
Graham,0.0802885826709,-1.44351011121
Graham,0.316514034788,-1.08552561408
Graham,1.16245117273,-1.33776833857
Guerin,0.0994778893573,-1.3074413914
Herrion,0.469482446454,-2.51121771123
Hughes,2.14423188337,-1.61134120352
King,-0.036053859763,-2.15741183319
Kollar,0.534122304426,-1.49111424568
Kong,-1.02103308063,-2.4572441778
Lerach,1.00384027431,-1.46239612942
Maher,1.74757648495,-2.73303610037
Mauldin,0.012344805568,-0.478474572224
McBride,0.0607738599791,-2.7795025291
McBride,1.07314174135,-2.7849220743
McBride,1.41353248787,-3.27061883734
McBride,0.914188144382,-3.33762250863
McBride,0.620494415141,-2.52621303764
McBride,0.55418422413,-1.94815917731
McBride,0.763405065383,-3.09756927352
McBride,0.371430352108,-1.10167203029
McBride,0.359824851633,-2.48840945016
McBride,1.25039720157,-2.65624751011
Nelson,0.783672851694,-1.99055008705
Nelson,1.97834738261,-0.976674884737
OReilly,0.742858716552,-1.75059830531
Parcells,0.223657367746,-1.51299094266
Parcells,1.62154034572,-1.93988530513
Parsons,0.649201916676,-1.52157937294
Paxton,1.75896167906,-1.84254060318
Paxton,1.09378756339,-2.74411089151
Paxton,2.07598688608,-1.83306013995
Paxton,1.96248944657,-2.2279327898
Pryor,0.714599317792,-1.62697841714
Rainer,1.00909980059,-1.59667360697
Readdy,1.24362023017,-1.9741388963
Richardson,0.197554428554,-1.59236305542
Self,0.399507309438,-1.45278407953
Simon,1.27276999977,-1.37719774281
Simon,0.652674898906,-1.77541150678
Simon,0.831763136981,-1.52788961998
Simon,0.997033727907,-0.852021386503
Simon,0.0774074688437,-1.15417732859
Simon,1.60723762859,-1.77592123663
Simon,2.09092741944,-2.54840470891
Simon,-0.0204491108613,-0.441103145886
Simon,1.21134165504,-1.95599653325
Simon,1.71981287035,-1.67732577463
Simon,0.838901305722,-2.6611986383
Simon,1.1916163018,-1.81592924291
Simon,0.351744912035,-2.44012655907
Simon,1.21736788544,-2.15189162561
Sizemore,0.514875517733,-1.19147703818
Sizemore,0.750348005219,-2.48214574845
Stapleton,0.87580527899,-1.90410454095
Stein,0.625476907276,-1.9058133582
Walton,0.901735471001,-0.880614057316
Andrade,-0.889540075236,-1.05848534397
Beane,0.340274076737,-1.35344663065
Bob_Thornton,-1.80160400652,0.333699202895
Boyd,1.35863289124,-2.65383840028
Crawford,-0.549259284349,-2.80161211951
Crystal,0.326815076308,-0.952665544925
Crystal,0.620353333197,-0.944087664675
Crystal,1.75525013169,-1.59478839844
Crystal,0.624053820786,-1.71393610971
Crystal,0.900029838931,-1.13602026169
Crystal,0.442766376978,-0.228162800921
Donovan,1.1834411583,-1.33213870317
Edelin,-1.1400762249,-0.185750613837
Gilman,1.78203340314,-3.56937346156
Graham,1.30216868837,-0.824712381109
Graham,1.67102151194,-1.38531546543
Joel,-0.0893892596471,-0.578500602094
Rork,1.3574845025,-2.04493013588
Sollie,0.497685571721,-1.74931941161
Sollie,2.30231470413,-3.53713343004
Tibbets,0.685299049331,-2.08499727209
Crosby,0.158845201299,-0.964309358277
Ben-Eliezer,-1.01990980191,-0.629103567123
Ben-Eliezer,-0.409047632543,-0.588095254431
Ben-Eliezer,-1.12706757721,-2.2701226921
Ben-Eliezer,-0.904251741556,-1.73201644423
Ben-Eliezer,-0.422143127074,-1.64557870973
Ben-Eliezer,-0.862487020533,-1.99370246855
Ben-Eliezer,-0.35846645262,-2.66645461978
Dele,0.184752680175,-1.64027006159
LIzarazu,0.072932655594,-1.41369279209
Habibie,-1.55160205378,-1.0574850142
Ople,-1.72653355524,-1.66624342774
Danner,1.54794220082,-2.02839574006
Danner,2.19583375524,-2.03284122098
Hartley,1.31055296264,-0.485260364574
Hartley,1.58111339151,-0.956800937675
Alper,2.33080738851,-1.1264799457
Beauprez,1.94025452741,-1.66482973963
Beauprez,1.96792793785,-1.6526575783
Bowlsby,0.915885363568,-2.68844961634
Bowden,1.04378925271,-2.35597431
Goldwater,0.958828487499,-2.3403275274
Goldwater,0.654318674557,-2.25487833373
Jackson,-2.03306094316,2.52837715669
Kielty,0.93774085582,-2.16206182325
Robson,0.144773227151,-0.229666231922
Robson,1.05261744607,-1.0229683876
Cantrell,0.199579612374,-0.956747697427
Colvin,0.299053879321,-2.49986040992
Colvin,1.19053126156,-3.26451627561
Crippen,0.463377370236,-1.91983878682
Curtis,0.0191935558912,-1.58447244332
Dole,0.739362756134,-2.10948490243
Dole,-0.286429482582,-0.199644967785
Dole,1.80315583865,-1.43104130276
Eskridge,0.815001167394,-1.71507644984
Ferguson,1.13460904146,-1.19463748302
Geldof,0.144772215345,-1.32969797159
Geldof,0.844010140651,-1.84071098913
Goldman,1.64433523468,-1.88717679404
Graham,1.6548396063,-1.98785559118
Graham,1.49471732627,-1.50686383896
Graham,-0.329938095475,-1.29166182973
Graham,0.283623557262,-1.31439704318
Graham,0.725619150833,-1.40547264102
Graham,0.565556086288,-2.16452530552
Guccione,0.582593390389,-1.14363065201
Hartley,1.39125065346,-2.39804172288
Hayes,-1.58922659801,0.903377541596
Herz,0.641915272904,-1.48084786694
Holden,1.50428069461,-2.84355317318
Hope,0.823383336032,-0.568473010722
Hope,0.213506374726,-0.78511956474
Hope,0.502631016236,-1.53346421695
Hope,-0.307172217474,-0.924297434686
Hope,1.12256731377,-2.98397147841
Hope,-0.198922960698,-1.47482986129
Hope,0.326679088809,-0.856077545272
Hope,0.644817665441,-2.15841613974
Huggins,0.785228996017,-2.43922642775
Huggins,0.530265774977,-2.27558059162
Huggins,0.232254577715,-3.13559793448
Iger,1.26730780865,-2.48810274481
Krueger,1.30327486522,-1.74022831062
Melvin,0.533518157048,-1.10163689866
Menendez,-0.0287130982703,-2.29211888237
Newhart,1.14523018523,-1.67782654574
Balde,-0.985332779864,-0.147962067113
Petrino,1.00977777569,-2.52606381663
Riley,-0.0230722354103,-1.75888970514
Stoops,1.53921511421,-1.43896405698
Stoops,1.32259000044,-1.19566714603
Stoops,1.47278372699,-2.09547021344
Stoops,1.68473089879,-1.81263449484
Stoops,2.0860044879,-2.38705102032
Stoops,1.13166450634,-2.71554176809
Stoops,1.71875826758,-2.22181222433
Sulkin,1.20966417343,-2.24072095949
Taft,0.56244513341,-1.53489717888
Wright,2.16414227023,-2.34047663212
Miller,0.450425471069,-2.93936920765
Miller,0.600096133765,-3.39265120938
Fuller,0.865068048905,-2.4848412322
Hunt,1.83664021958,-1.46705146883
Hunt,-1.30038254335,-1.15025667579
Hunt,-2.0198082034,-1.67855298875
Hunt,-2.24411308513,-1.52096732732
Pelini,2.8903400912,-2.37607441695
Pelini,3.01705256465,-2.64838931163
Becker,0.552137784181,-1.95965397402
Becker,0.248841024857,-1.07860673764
Becker,0.149462573996,-0.756060454852
Becker,1.44294151398,-1.57899083933
Becker,0.639389296533,-1.08622916725
Becker,0.549658882294,-2.04712036748
Berezovsky,1.72487051964,-2.30645146127
Berezovsky,1.81254297601,-2.20676163614
Henry,0.713978492884,-1.47468152059
Jordan,0.775162817467,-1.72740083131
Trajkovski,0.84669034922,-1.45820889951
Yeltsin,-0.0196646136273,-2.06970046946
Yeltsin,1.70934068623,-1.61067132763
Ryan,1.63445728152,-1.48464140403
Ryan,2.00787913434,-0.977081064959
Boutros_Ghali,-1.20427658824,-0.753972371364
Alexander_Smith,-0.527145764858,-0.616628081442
Banks,-1.88317410113,2.88509825895
Brownell,0.43519904855,-2.49211738937
Garrett,-0.217704198317,-0.979314662017
Garrett,-0.0799134555258,-0.0674378190936
Garrett,-0.65580190056,-1.41127552185
Garrett,-0.419582231022,-1.37991438763
Gushue,1.4804109801,-3.0290489195
Johnson,1.589384461,-1.70444377441
Johnson,1.87320703374,-1.53846031091
Johnson,1.46069580871,-1.50262419493
Johnson,-0.0175059165337,-1.1466165163
Johnson,0.0756607243198,-0.856627821559
Miller,1.72842312407,-2.36508122396
Pitt,0.269375716323,-2.14673529545
Russ,0.830228733743,-1.21576919953
Smith,0.309203832508,-1.07129423142
Wilk,1.33648180399,-1.07818217374
Rodgers,-0.966383231184,-1.96168595712
Mishra,-0.124500863828,-1.41548532347
Boyd,-1.1949690863,-0.115487139109
Fails,-2.62715437178,-0.408616718077
Hammond,-0.0465756839968,-0.0428690874417
Inge,1.3867560603,-2.16686164974
Jones,-1.59891328841,0.320386643094
Knight,-0.917585465781,0.385968793682
Larson,-0.102040385561,-1.3494627191
Lloyd,-1.44249427142,0.855063036486
Robinson,-1.40711415821,0.817889623664
Spann,-0.813433596173,-0.463916673881
Webb,-0.00379226360321,-1.00274241485
Crvenkovski,1.0728562295,-0.600181298428
Crvenkovski,0.337570600352,-0.587363815036
Crvenkovski,1.04599056743,-2.42419071669
King,0.868365465211,-1.15159534082
Magana,1.67128293576,-2.77048696138
Fraser,1.31383543684,-3.29483934994
Gaughan,0.398333067094,-2.51331911294
Hansen,2.0893146545,-1.68145565491
Hansen,0.71340272937,-0.218234377895
Stai,0.946780644079,-2.124271956
van_Dam,-0.351710920906,0.736540664408
Wilson,1.55261950384,-2.22130592122
Leighton,0.979637276507,-3.52185541456
Coles,1.36006642616,-0.999156328786
Boone,-0.166966733324,-1.18145938675
Hawke,1.18990438723,-0.778807266464
Hull,0.805202076206,-1.44987934854
Perry,0.608766622306,-2.08950950269
Billick,1.47814984992,-1.76969685679
Campbell,2.27870240944,-2.95003860413
Cashman,-0.854721218046,-2.58948335948
Clemens,0.250094353447,-2.07498472243
Cook,0.0602635713114,-1.67679215542
Cowen,0.4778938521,-1.56167216003
Cowen,1.24984744303,-2.16023255788
De_Palma,-2.14997850086,0.478107196811
Florence,1.48476350096,-2.83644202317
Grazier,0.321433295533,-1.28929708174
Gregory,0.784890737823,-2.31989391662
Griese,0.418400533195,-1.318716132
Griese,0.786000575305,-1.7625111368
Heidik,0.462854867503,-2.41303475985
Heidik,0.740315041251,-1.86582396495
Henson,-0.00844113716582,-0.634278481611
Jordan,-1.14932430142,1.22389208959
Kerr,1.38180899054,-1.44770168548
Lara,-1.49256507279,1.50438651173
McIntyre,0.136709285485,-2.03245861601
Meadors,1.7047032389,-2.17790288172
Mulroney,1.26249026708,-2.38115149045
Mulroney,0.435905610591,-1.58407573643
Olson,1.21397455663,-1.24490716009
Pavlich,1.22748372037,-2.32263106522
Scalabrine,0.810554209497,-2.30881107293
Schneider,0.541638599534,-0.851285209242
StPierre,-0.0577255900623,-3.05816282639
Van_Dusen,-1.80870823233,2.19043621147
Weaver,1.3092269152,-1.78708195044
Wells,1.27293862468,-1.97494930517
Wells,0.0755244503588,-1.07788307222
Williams,0.0981937482531,-2.29056209806
Fonda,1.30577090491,-1.90545034648
Fonda,2.11881900136,-1.98084474174
Fonda,1.37349959568,-2.95643568825
Wilson-Sampras,1.47384240938,-1.62455021438
Wilson-Sampras,0.83148527772,-0.679414775611
Wilson-Sampras,-0.0254188131605,-1.06089336903
Boisselier,-0.291751157542,-1.4040828778
Boisselier,0.617673901993,-2.38053422767
Spears,1.97650277452,-0.941224078217
Spears,1.97735977632,-1.3797911101
Spears,2.1516110353,-0.875661510191
Spears,1.43920118857,-1.61323855878
Spears,2.00775198046,-1.09868068103
Spears,1.78003482185,-1.80574057619
Spears,2.03566156198,-0.798284046899
Spears,-0.470302215556,-0.349700461693
Spears,2.69783689449,-2.4879980922
Spears,1.94730049266,-0.947707045066
Spears,1.05020084245,-1.36239536301
Spears,1.64080264009,-1.30803009083
Spears,1.47105439951,-2.00506082196
Spears,1.98050006144,-1.59843950128
Snow,1.25948427632,-2.34980740318
Berlin,0.539456912896,-2.24775748245
Arroyo,0.112565211591,-2.59184816691
Adams,-0.0740113461567,-1.99160797034
Gordon,1.38141206104,-2.44875938995
Shields,1.6048355711,-3.03349108596
Shields,1.05644227275,-3.23617901431
Robinson,1.77169169909,-1.97845781949
Arena,1.21316116383,-2.02443469802
Gebhardt,0.537925633238,-1.91632910427
Lunsford,0.546891711663,0.0517682193561
Paltrow,1.1948314116,-0.34237808484
Springsteen,1.09040029756,-0.51448256249
Springsteen,0.896990197723,-0.301119403405
Springsteen,0.945628793284,-1.08765115359
Springsteen,1.27415583009,-0.875190069891
Van_De_Velde,1.64768238854,-0.724894352863
Van_De_Velde,0.55482795132,-2.54576218908
Weber,2.71262326577,-1.27252831368
Weber,2.60002153694,-1.72274200076
Willis,1.58866283474,-1.0403901975
Colosio,0.319952462758,-1.50348309285
Junquiera,-0.508204946974,-0.529536070168
Adams,0.87546791329,-1.52796276372
Chui,-0.850061203809,-3.20750612785
Cooley,0.244450566925,-1.03348400575
Murray,2.78702926418,-2.04320621911
Thomas,-1.10763127793,-0.28630215892
Young,-1.15119966327,1.02237237897
Carmine,1.51289383245,-0.919894610969
Rodgers,0.840563970294,-1.29191078487
Schulberg,-0.642477022914,-1.08112455337
Ryan,1.3593576153,-1.79552166992
Selig,0.970760434646,-1.76086613159
Selig,-0.0528926566759,-2.12243363922
Selig,0.342714504762,-2.12645591127
Selig,0.627516790939,-1.59360294508
Blount,1.08427725084,-1.53677352115
Ecevit,-0.902584794147,-1.80350250878
Ecevit,0.729328942072,-1.99028358962
Ecevit,-0.439542747135,-2.01286835098
Ecevit,0.340073448357,-1.6247905659
Ecevit,-0.254816270268,-1.04127298648
Ecevit,-0.397035020371,-1.86434026113
A_Zedan_Aljanabi,0.988653885669,-0.842767074918
Davis,1.26453266252,-1.94946905543
Davis,1.46879108045,-2.19397871318
Hargrove,-0.19679864286,-0.634454102869
Scott,-0.992299945897,-0.0888319113323
Scott,-0.33585172468,-0.581747349451
Scott,-1.62879690207,-2.11603917402
Blat,0.0541642204781,-2.73490485676
Cheaney,-1.41819727776,1.15618371325
Flockhart,1.63941191403,-2.37405073755
Flockhart,0.802028549296,-2.54641232192
Flockhart,0.787685749454,-1.23555662598
Flockhart,1.89860160598,-2.68110894915
Flockhart,2.03316476038,-3.18286970774
Flockhart,1.92063296707,-2.86336422573
Harrison,-1.22306654947,1.4807092284
Joseph_Coleman,-1.10720727408,-1.59364054395
Diaz,0.625561805394,-1.96558472201
Diaz,0.675376534334,0.127945410572
Diaz,1.44720303794,-1.34975038515
Diaz,1.52203196882,-1.17211660594
Diaz,1.75876705269,-1.29341747039
Diaz,1.92903126208,-2.62236355178
Parker_Bowles,-1.65113562175,0.882460682755
Parker_Bowles,-1.24785360181,1.31797680519
Colvin,1.33662399805,-2.32768962326
Lewis,-1.62614532506,-0.964267091258
Manheim,-0.381954639833,-1.21748150711
Sutton,-0.454707213095,-1.36186547267
Beatty,0.273997692398,-0.574572017315
Bergen,1.62710064506,-1.45540570224
Bergen,1.69214178925,-2.17333337277
Bergen,2.24327919416,-2.42846212639
Kung,-0.975821421136,-0.888338394184
Kung,-1.80409238049,-2.31310615793
Kung,-1.28801563341,-2.58585731276
Kung,-1.34363907633,-2.53591394469
Lowell,0.0319903938997,-3.57710488726
Davis,1.01074530046,-2.75156174899
Lau_Ka-ling,-0.677516634867,0.0846229814612
Koch,0.168757379759,-1.29400595939
Del_Ponte,-0.982204891865,1.05768585896
Del_Ponte,-0.709239019921,0.966459146037
Del_Ponte,-0.868915269637,0.263383126543
Del_Ponte,-1.41133993416,1.50660269973
Del_Ponte,-1.02174530531,1.88710525187
Gay_Balingit,-0.890689128333,-1.20860233916
Gugino,0.896477407809,-1.82999257444
Moreno,0.441458684934,-2.47014427809
Myers,0.804787017872,-3.0649713976
Myers,1.20404447502,-3.75351871032
Sullivan,0.536059708738,-0.707551984019
Tricoli,0.454497506046,-1.64497871247
Levin,0.726665621287,-1.35105876395
Ancelotti,0.0690256891545,-0.913569520987
Ancelotti,0.676395098457,-1.07446974828
Ancelotti,1.25378730958,-1.63231945965
Azeglio_Ciampi,-1.13052824669,1.23915294237
Alberto,-1.46442204222,0.722919864874
Alberto_Parreira,-0.829254673269,0.261241121136
Arroyo,1.71012670312,-2.56184897009
Barra,0.266530182757,-1.83229477511
Barragan,-0.211662333577,-1.32137560688
Beltran,0.174165450547,-1.17513871319
Bianchi,0.296473818664,-1.45374185268
Bianchi,1.0935317577,-1.66966871717
De_Abreu,-1.35398886925,0.101279302198
Fasciolo,1.7018976856,-1.88321231336
Ghosn,0.252991437093,-2.23529905164
Ghosn,-0.867021742078,-2.78428993774
Iturgaitz,0.802216105248,-1.48385936259
Juarez,-0.222086028872,-1.43690570353
Lordkipanitse,1.1814682082,-1.39183058279
Manuel_Pruneda,-1.45940696244,1.32910283543
Manuel_Pruneda,-0.532939133689,0.46709918334
Manuel_Pruneda,-0.166072562829,0.0250993169829
Menem,1.23833812508,-0.79257570145
Menem,0.9689503731,-2.0996349395
Menem,0.195363126519,-1.45547955338
Menem,1.11302123723,-2.53500919597
Menem,0.925718163518,-1.17961521793
Menem,0.687195087649,-1.3989309784
Menem,1.38439067875,-1.61311640075
Menem,0.668905627375,-0.546824791916
Menem,-0.148808479114,-0.498917118583
Menem,0.298093917322,-2.94746694525
Menem,0.47126671195,-0.833481696343
Menem,0.0421673750917,-0.580328865793
Menem,0.551201164093,-1.89478401643
Menem,0.9141889583,-2.61341854952
Menem,0.0569956070972,-2.18501984807
Menem,1.68109917706,-1.84623791483
Menem,0.911816567519,-1.72397061966
Menem,1.1456001286,-0.600861902128
Menem,2.02252795776,-2.42436515468
Menem,0.346063994402,-1.08661897294
Menem,0.864306263959,-2.12606349941
Mesa,0.595028239532,-1.18096512211
Mesa,-0.196332930405,-1.68189580337
Moya,1.02165611245,-0.568197905191
Moya,0.934663476201,-1.40849924595
Moya,-0.543958604253,-0.974631302926
Moya,1.44831733067,-1.97683756748
Moya,-0.301219120955,-1.35236783967
Moya,0.41443706282,0.218081821245
Moya,-0.28599302937,-1.0518864943
Moya,0.317747639766,-1.39551907559
Moya,0.224396602556,-1.81969660565
Moya,1.18314864518,-2.13670715592
Moya,1.19120873894,-1.72134469254
Moya,-0.327545327882,-1.45596250795
Moya,0.0605238884188,-0.822064338625
Moya,0.676365620326,-1.23667808005
Moya,0.0837862972803,-1.72255277961
Moya,-0.892050447235,-1.64435011426
Moya,-0.551289635296,-2.7730278425
Moya,-0.659012589807,-2.34064539517
Moya,0.566261120242,-2.15836619154
Ortega,0.305292462665,-1.37234525756
Ortega,-0.11482945688,-0.403687674778
Ortega,-0.269365337932,-0.944835666572
Paternina,-0.891659218211,-0.161460066624
Queiroz,-0.198353340884,-1.49511119049
Quintanilla_Schmidt,-1.21361215159,0.696935652782
Quintanilla_Schmidt,0.0905130756862,-0.99329480414
Ruckauf,1.17734659042,-2.20407455864
Ruiz,0.278634565572,-2.95413099681
Ruiz,-0.771875699984,-2.04893660363
Ruiz,-1.35811455864,-0.537824971759
Salinas,0.847836867156,-1.63546703628
Savedra,0.959458923238,-1.72420116774
Vives,0.717712271423,-2.45992373434
Vives,-0.12512846876,-1.72485695726
Vives,0.468577518565,-1.80207245418
Vives,1.34842137563,-2.56217041755
Pope,1.14664512446,-2.31755894158
Reiner,0.241456812322,-1.71721640845
Reiner,0.853540941092,-2.36674706317
Baugh,-0.685231335212,1.56298694554
Dotson,-1.64532432732,-0.197011038659
Fiorina,1.73905715899,-2.35303549294
Fiorina,0.759174022752,-2.10544830382
Fiorina,1.6369288185,-2.36507665998
Gullickson,1.28761682286,-0.560142789078
Electra,0.588706330521,-2.56906236169
Electra,0.087428084817,-1.92302494845
Electra,-0.709265251807,-0.662279210341
Electra,0.683955833991,-1.47267685742
Electra,0.800909942943,-1.18581618024
Electra,1.35455400266,-1.3425232919
Burnett,1.35634030645,-1.35744573434
Burnett,1.02780826195,-2.75795910886
Carmody,1.58854416387,-3.53447604188
Barco,0.853986041249,-2.27690682018
Kluft,2.23012376559,-2.15528438774
Kluft,0.929667790721,-1.26092675472
Kluft,1.22809448554,-2.04207624759
Moraes,0.994880927447,-1.57526322898
Moraes,1.22182529664,-1.3148663053
Dhavernas,-0.125372483322,-0.800754208649
Kennedy,0.61419418378,-1.51070263759
Kennedy,1.58358620742,-2.02999659384
Kennedy,1.8432029761,-2.54670585784
Link,0.484768827535,-2.40760636502
Moseley_Braun,-0.414647269564,-1.5034376299
Moseley_Braun,-0.374106867414,-0.398803230249
Niedermayer,0.496849370386,-2.05265571447
Williams,0.245333670615,-2.93875228469
Dawn_Johnson,-2.45296061942,2.3705810359
Dawn_Johnson,-2.2942655194,1.90800527656
Dawn_Johnson,-3.00388400165,1.58620205174
Kuhl,1.25245505105,-1.10730417952
Moss,0.769169614587,-2.19909091341
Moss,0.582581792418,-2.77007730962
Moss,-0.0577875359349,-2.57593431193
Moss,0.515649455539,-3.73598969918
Moss,0.326616070992,-2.70474045271
Weimer,0.242388862726,-1.52681256301
Daly,1.15153109545,-3.484697627
Daly,-0.0109773963431,-0.292670164321
Palmer,1.31580633496,-1.37235758688
Palmer,1.40509724043,-2.60847199453
Palmer,1.54559329055,-1.94822259153
Palmer,0.878010392859,-3.34536905939
Crowder,1.97749775589,-2.28805690497
Mears,2.04763527048,-3.0294416498
Heise,1.76182485112,-2.18545653957
Ballenger,0.600397668519,-1.88173037033
Preslar,-0.647624313772,0.250603269182
Blanchett,1.987646373,-2.47531908437
Blanchett,1.30134162885,-1.74129851508
Blanchett,1.05986907862,-2.73119965852
Blanchett,1.79248358598,-1.70174599964
Bell,0.464330273253,-1.54738696008
Deneuve,0.797272219009,-2.69831229598
Deneuve,1.65863622943,-3.80696902807
Deneuve,1.27900970885,-2.57481882883
Deneuve,1.52165487353,-1.76196852136
Deneuve,0.691409028459,-1.89597996462
Donkers,1.46979979758,-1.6560544273
Ndereba,-1.20952675085,0.341152881777
Woodard,1.5648368364,-2.58021905276
Zeta-Jones,1.13976750614,-2.16690688876
Zeta-Jones,0.46906383485,-0.370994275448
Zeta-Jones,1.16665411149,-2.95885023519
Zeta-Jones,-2.19054851743,-1.11691441074
Zeta-Jones,0.791820553173,-2.59852867521
Zeta-Jones,1.593535398,-2.13875588836
Zeta-Jones,1.11916903011,-1.16733573932
Zeta-Jones,1.44060792795,-2.41473023565
Zeta-Jones,1.21613989535,-1.60564411425
Zeta-Jones,1.96751964935,-2.1570845928
Zeta-Jones,0.526725037438,-2.36595127749
Crawford,1.45215284541,-2.47373703558
Chisholm,0.434806904527,-1.59175904417
Cunningham,1.69142766093,-2.56017509623
Freeman,-1.57667391913,0.11498142174
Freeman,-0.856769006372,0.0534060832881
Le_May_Doan,-0.626933903114,-0.472967288274
de_France,-1.11692485126,1.42884396114
Bolocco,0.175129060898,-0.419767561993
Bolocco,0.843016198745,-1.64262192414
Bolocco,0.0906340496162,-0.825077399348
Chang,-0.619052462646,-2.58026640852
Cheung,-0.77174867213,-2.63178957137
Benson,-0.25086275829,-2.30409624577
Cruz,-1.49439329171,0.605773538277
Dion,0.23105101262,-2.48293990717
Dion,1.39816216271,-1.82308943368
Dion,0.506015110643,-2.48416748552
Dion,2.00046860203,-3.88885643566
Dion,1.29826153705,-2.45505207626
Dion,1.03543240376,-1.81714634042
Dion,1.90669183741,-1.89834556593
Dion,0.569843005214,-1.4113707327
Amorim,0.779489168839,-2.82885370985
Amorim,-0.213143258813,-0.751215306763
Lafer,1.09397135535,-2.24580972824
Cicek,0.175330765939,-1.86506371668
Gaviria,-0.374271627545,-1.3844054248
Gaviria,0.564457865775,-1.90006876952
Gaviria,0.240433983506,-3.22619615063
Gaviria,-0.280601751566,-2.12576469143
Gaviria,0.110845936026,-2.277460594
Gaviria,-0.0853287374035,-1.96258446795
Gaviria,-0.0368661252776,-2.31031202717
Gaviria,0.943498196324,-1.71258949299
Maia,-0.338058833094,-0.887756578097
Gurinder,-1.11368863845,-1.61391789785
Khelil,1.21084379674,-1.70522036633
Khelil,0.315908691149,-1.14903006099
Mock,2.6784166234,-2.61392286832
Choi,-1.48723636349,-1.6245025063
Rubin,-1.40172306487,-0.639777397127
Rubin,-1.64391642065,0.730602219526
Rubin,-1.16176514795,-0.215423914605
Rubin,-1.39187742922,0.586615610083
Rubin,-0.885949802616,0.770278709222
Kumaratunga,0.197285365066,-1.06851079077
Gailey,0.848759806428,-2.34527613379
Gailey,0.432312112867,-1.01249504918
Gailey,1.48471408958,-1.4581142071
Dae-whan,-0.579714101145,-2.39762870235
Dae-whan,-0.782603842784,-2.51176868722
Jae_On,-0.0897134422219,0.219116614448
Saio-yue,-1.46778725303,-1.99378632793
Sang,-1.24724847063,-2.25736484461
Tso,-0.347359738265,-2.64965261024
Ho_Park,-0.233696021588,-0.274477111859
Jawan_Mallard,-1.29343644533,0.598460520359
Moye,-1.17405690694,-3.18788952437
Barshefsky,2.14132223874,-2.16591417132
Bell,1.31854312371,-1.69524353965
Bronson,1.31799786104,-2.07471725704
Bronson,-0.588094651609,-1.13562745313
Bronson,0.638339466698,-2.35352389509
Chandler_IV,-1.17396643149,0.596287544461
Cope,2.02560720397,-2.45253109771
Grassley,0.649481569602,-0.722201899913
Grassley,0.55904118952,-1.11831509575
Holzner,1.08472140635,-1.9689175842
Ingram,1.11591594454,-2.18300367246
Kartman,-0.364216401316,-0.440663515654
Kartman,0.934204846021,-1.61228555241
Lebois,0.322488096138,-2.30724759211
Mathews,0.880087483874,-3.29880818112
Moose,-0.748394282546,1.09515954281
Moose,-1.10139598786,0.372156977858
Moose,-1.02938852389,0.802626668777
Moose,-1.35355193864,0.00198511939248
Moose,-0.845345384718,-0.747881396408
Moose,-0.54047064047,-0.319548772969
Moose,-1.26909851978,0.640386972028
Moose,-0.820701728001,-0.362059729221
Moose,-0.504496358235,-0.342637876574
Moose,-0.925077756737,-0.188678625723
Moose,0.0515716746814,-1.47736582394
Moose,-1.3684968577,-0.281347248095
Moose,-0.982651329739,0.395671705235
Pickering,1.00577214671,-1.93800911787
Pouty,0.475016276864,-2.2405173245
Richardson,1.0499288264,-0.638000084969
Rogers,-0.460629550506,1.40707808161
Schumer,1.02967059022,-1.60346858438
Schumer,0.0425029385459,-1.22704274932
Tannok,1.18370063541,-2.06914036695
Taylor,-1.28083239063,-0.121834487816
Taylor,-1.96221172206,0.339496978603
Taylor,-1.33358381453,0.53216237417
Taylor,0.136194250289,-0.84053258872
Taylor,-0.43214741986,-0.693296638214
Taylor,-1.49739809899,0.09729099752
Taylor,-1.86000596383,0.685468443258
Taylor,-1.59013172893,0.520245603135
Taylor,-0.803679034983,-0.845153312439
Armey,1.62986734474,-2.39384121515
Coles,1.06629307685,-0.913791491713
Deane,0.525054059456,-2.82058793641
Garner,-1.87162477852,1.15978083419
Hunnam,0.51401679482,-0.850257362883
Sheen,0.856848000995,-2.30471184152
Williams,0.043728436278,-0.761509060751
Zaa,0.236900764978,-2.23693490998
Zaa,-0.783604984334,-1.14770869778
Theron,-0.128197403276,-0.612718564436
Casiraghi,0.483937542306,-1.91370829674
Chambers,-1.90098313781,1.65324034677
Church,0.398983776594,-2.91362354093
Rampling,0.478924921438,-0.786350590536
Rampling,0.613545426878,-2.39443044331
Heston,1.08496378971,-0.951441305635
Heston,1.47701212483,-1.47378419787
Heston,1.0825910623,-1.27088337021
Heston,1.01772118741,-2.01033193488
Heston,1.66221980971,-1.07817626689
Heston,0.571867001757,-2.22181286005
Crooks,-0.531702075784,-1.16662322337
Armali,1.30513226893,-2.19618485161
Yung-gu,-0.912376668918,-1.35998069012
Sophara,-1.27475808203,-2.71747834329
Clinton,1.30993598253,-2.91831565274
Kaige,-0.403288073452,-1.98945753776
Liang_Yu,0.68354206547,-1.06268293505
Liang_Yu,0.881942277971,-1.27044815948
Shui-bian,-0.796996869858,-2.24860773988
Shui-bian,-0.659642362952,-1.84905717937
Shui-bian,-1.46004244911,-1.35196979265
Shui-bian,-0.74487747292,-3.53164872629
Shui-bian,-0.663532066708,-2.26969650254
Tsai-chin,-1.10098685311,-1.62941853375
Blair,0.0301969177118,-2.91193502171
Blair,-0.808437371971,-1.77926361819
Blair,0.609536397696,-2.59348177333
Blair,-0.089122773821,-2.11482723838
Jones,-2.145106667,-0.413350689384
Ford,-1.18755290763,0.267356806534
Hines,0.701080941233,-1.97071248665
James,1.25856230921,-2.23148279819
Little,1.66573492901,-1.32319069422
Tiegs,1.54967941015,-0.891018281446
Rin,-1.76775531125,-2.30234031108
Hearn,-0.314007973862,-1.11533919601
Hearn,0.480919858452,-1.31826729081
Hearn,-0.989996712344,-0.885730784585
Chen,-1.84057792023,-1.27928477983
Tsao,-0.947642628239,-1.62032654385
Burrus,0.654727419804,-1.24263698932
Ganassi,0.948172696622,-2.71793801039
Knight,0.580526688933,-1.69641514733
Stahl,0.966720938081,-1.88919862266
Rivera,-0.00973813242224,-2.60328244075
Rivera,-0.639238793727,-2.55075835739
Sevigny,1.63056436996,-2.49931574631
Sung-hong,0.23985084823,-1.21285298128
Sung-hong,-0.82378429889,-0.817481455193
Sung-hong,0.554070599692,-2.65467548579
Sung-hong,-0.216954003503,-1.13631707633
Sung-hong,-0.444954118681,-2.03589184238
Yun-yong,-1.27922727489,-2.57010006844
Tong_Goh,-1.28888327257,0.244885296796
Tong_Goh,-0.36815957149,0.0333181763791
Myung-kyun,-0.528572635185,-3.32133746743
Andrews,0.16761256391,-0.740642123666
Bell,1.20729412669,-1.75546856376
Bell,0.82919035187,-1.92143220743
Byrd,-0.359049408684,0.302605094741
Byrd,1.28472052782,-1.63010528029
Cirino,1.55982149085,-2.09876824772
Claiborne,-1.90207950483,2.75161818163
Columbus,1.79202892328,-3.25490284279
Cookson,0.905657797486,-0.689943000099
Cooper,1.52479964108,-1.72202126963
Cooper,1.7624873551,-2.55721344893
Cornell,1.15364072787,-2.73332846486
Crocker,-0.843116958611,-0.130075495902
Dodd,1.10026507907,-3.23402233929
Forsyth,1.8419262604,-1.75303693188
Gratton,1.26038527828,-1.86229318606
Hernandez,0.901297231674,-1.67493063133
Kolanas,-0.751786658699,-1.59966067305
Matthews,1.24361933625,-1.91726984397
Moore,0.473439615614,-2.12247204023
Neil,0.480048656304,-1.64886822615
Noth,0.0566292340389,-2.0182363864
Penn,0.836393395488,-2.27644470789
Pronger,0.639034064231,-2.06961764328
Reitsma,0.741929816619,-2.16124183468
Rock,-1.50196785671,0.22857093435
Rock,-1.37998359032,-0.183345301956
Simon,0.314009905646,-0.653070327473
Swecker,-0.203815557379,-1.42900862344
Terry,-1.93487349067,1.01769243137
Thomas,0.364743144992,-0.871623142633
Bale,0.909271911859,-2.23042831924
Wulff,2.23764135264,-2.99848623175
Fittipaldi,0.335285665964,-1.36711787589
Fittipaldi,0.23715263261,-0.745142331972
Gimenez,0.90660245589,-1.59986985717
Lacroix,0.839887018562,-1.51717654319
Lirette,1.422206023,-1.80539990805
Longo,0.671796419481,-1.63423031465
Longo,0.85846348283,-2.49601060972
Longo,0.515283041262,-1.86248593378
Malcolm,-0.600723749082,0.500901543685
Olsson,0.509247468924,-1.97625821313
Patino,0.368836840671,-2.39096930058
Von_Wernich,-0.445984341069,0.317666529484
Wulff,1.95841416529,-2.14455024476
Wulff,1.70249928557,-2.33326679429
Aguilera,-1.12826996282,-1.64685576056
Aguilera,0.0200863877372,-1.40102491497
Aguilera,0.751617797891,-1.72153780223
Aguilera,-0.205225051673,-0.0423611865447
Sawaya,0.044071378327,-1.47302499702
Arron,0.826020391021,-1.25120876688
Baumgartner,1.71415109692,-1.83489818229
Baumgartner,1.04377547081,-1.16087182107
Baumgartner,0.0858002128674,-0.735923003728
Baumgartner,0.561577351749,-1.2322892926
Baumgartner,0.67703396149,-0.516473654642
Ebersole,1.2892186165,-1.48047863496
Ebersole,1.03097220589,-2.42377071003
Gregoire,0.439068086115,-1.49833880865
Gregoire,1.50342088435,-1.35826555049
Gregoire,0.626871235322,-1.92145367762
Gregoire,-0.210788200129,-1.56867173702
Rau,-0.282026368939,-1.93640442755
Todd_Whitman,-1.45660689807,0.962113675051
Todd_Whitman,-1.49496112096,-0.114081573088
Todd_Whitman,-0.622036003423,0.764755535625
Todd_Whitman,-1.81655315681,2.12320693747
Todd_Whitman,-0.329940345341,-0.506886939321
Todd_Whitman,-1.91350006259,1.12444905236
Daum,0.472268848168,-0.874691965202
Amolsch,0.744949267671,-2.30321954234
Conyers,0.153568327081,-1.33109755068
Matero,-0.229857147152,-1.18258146178
Patten,1.52607141874,-2.26782300134
Patten,1.45334039487,-1.47747436885
Reeve,1.28751249004,-2.01509836149
Reeve,0.888321703954,-1.44566356369
Reeve,1.24435893355,-2.00765314483
Reeve,1.4912479731,-2.05474282902
Russell,1.46020447237,-1.52433834608
Speer,1.47436394576,-2.61545932908
Walken,2.37618907041,-2.09382391572
Walken,1.00243945453,-2.36927283322
Walken,1.18814743055,-1.40861306153
Walken,1.57208230332,-2.30217879369
Whittle,1.46020336219,-2.70099608049
Tucker,-1.71802464246,1.42045040235
Tucker,-1.53613501162,0.353925825035
Ferer,2.17497563863,-2.46476285316
Turlington,0.868782635008,-1.37922065415
Whitney,-1.69768333661,-0.0976125841755
Li,-0.672933448716,-2.80319751173
Amato,0.843338514299,-1.54704583405
Amato,1.10995037562,-1.52313728991
Bednarik,-2.37971089621,2.27352996991
Eidson,-0.146155814943,-0.766375489811
Hagel,1.51323755304,-2.16922737783
Woolery,0.892777804517,-0.663666907294
Yeager,-0.0978236316919,-1.38087637769
Yeager,1.30802621619,-1.98552955904
Mong-hun,-0.711476075307,-1.93282715693
Mong-hun,-0.651079690223,-1.28654316027
Mong-joon,-0.817397769786,-1.95890394978
Mong-joon,-0.93483887005,-1.08756195565
Dai-chul,-1.09947744301,-4.26426981295
Hinds,0.615142145025,-1.81744729113
Crawford,0.93325621934,-1.28758431045
Crawford,0.484708576352,-0.00587684555158
Crawford,-0.196458552165,-0.625478139409
Klassen,0.0104298032149,-3.05743666377
Margolis,1.58795990323,-2.06686196836
Margolis,1.7590140502,-1.18436556784
Moll,0.987160369462,-2.06628549311
Taylor,0.857154663081,-1.86473342814
Zagorski,0.233407535305,-2.55662534825
Gomes,0.624103946997,-2.03677720668
Gomes,0.401548857276,-2.72928807666
Gomes,-0.286298708739,-1.22244448743
Gomes,1.41333831887,-2.41608899436
Gomes,1.90556929252,-2.72472042113
Danes,0.813278512736,-3.05708815911
Danes,0.6553798267,-1.36020842657
Danes,0.751234015135,-0.889509268666
De_Gryse,-0.947527455697,0.876628899957
Hentzen,1.32902846004,-0.785161407995
Hentzen,0.849903643191,-1.55809397161
Leger,0.803629435795,-2.55754219111
Leger,-0.267109150735,-1.71826910909
Tomalin,0.984878368909,-1.87329085308
Harris,0.0945448678568,-2.42538824556
Harris,-0.582956371632,-2.63810379651
Harris,-0.129436006807,-2.28639288015
Harris,0.964635294378,-1.49617571285
Harris,-0.253933665286,-3.16677292643
Latimer,0.837949940251,-2.98189520096
Short,-0.477927693295,-2.31512468061
Short,-0.266918217051,-2.00505318884
Short,-1.09554778582,-1.53950913171
Short,-0.144335460525,-2.13022160603
Randt,0.453933790746,-1.42533415154
Jorda,1.455602098,-1.29906840707
Robinson,-0.128056931747,-0.88740324371
Cardinale,0.763601211693,-2.53185165501
Coslovich,2.33657628694,-2.40177840619
Pechstein,-0.39653435341,-3.26142174961
Pechstein,-0.0868134859388,-2.82443782514
Pechstein,-0.444477989309,-2.5602242554
Pechstein,-0.234718345663,-3.7490549196
Pechstein,0.167360474557,-0.510913193549
Schiffer,1.58295470016,-1.83214678541
Schiffer,1.83089308835,-1.50990263846
Schiffer,2.09948277048,-1.91587819835
Farrell,1.20343419876,-1.59697019825
Abbado,-0.161891429326,-1.7317680826
Lopez,-0.461363829816,-0.320847494823
Ranieri,0.106728329262,-1.95620665267
Aiken,0.188075502699,-0.788634548394
Aiken,0.428824781317,-1.41635218204
Aiken,0.733627034814,-2.54145228417
Aiken,1.45070747225,-2.08000269143
Aiken,1.36743272538,-3.02850378106
Aiken,1.14494796649,-1.37456386551
Campbell,1.00364643304,-2.00966854468
de_la_Vega,1.44926186436,-1.46395630452
Ellis,0.655164669361,-3.68768070036
Etienne,-0.127619728724,-0.911580885119
Robinson,-1.05840991006,1.60730187581
Eastwood,2.09518480299,-2.29164784356
Eastwood,1.86187233547,-2.01481148443
Eastwood,1.12085474691,-1.23469143782
Eastwood,-0.410598745194,0.69520381283
Eastwood,1.70113679833,-2.03620414883
Eastwood,0.877468327416,-1.09593731251
Howard,0.663108970107,-1.20025722651
Lamebear,0.540446321821,-2.64671575519
Woodward,0.981871013716,-1.907590348
dEste,-0.11761538208,-0.0172779764554
Chapman,0.285184333006,-3.42386703099
Rowley,1.23889000829,-1.75394975602
Campbell,1.59288130164,-1.23138559779
Cowie,1.54127177083,-3.31203910931
Farrell,0.419549056889,-2.2747644525
Farrell,0.621638432671,-1.60659700348
Farrell,0.236058037741,-2.53848437363
Farrell,-0.230714551253,-2.19821561934
Farrell,0.0812204336055,-0.964635312347
Farrell,0.686694325768,-2.01426852819
Farrell,0.909522938842,-1.33269519181
Farrell,1.24542771531,-2.21466956397
Farrell,-0.0312303776929,-1.26273409198
Jackson,-1.68479434135,0.552675484932
Jackson,-1.39900032018,0.158705140302
Montgomerie,0.685364378073,-1.55210625331
Montgomerie,1.99799622712,-1.59746412953
Montgomerie,0.704558596318,-0.635744142925
Montgomerie,1.39001120101,-1.11449505915
Montgomerie,0.478433371245,-0.92785456234
Phillips,1.3517958251,-1.35906153398
Powell,-0.162551373958,-1.49793233313
Powell,-0.458064338851,-1.74744720303
Powell,0.0419125761471,-1.37929895583
Powell,0.00271761397293,-1.46573662895
Powell,-0.308497819826,-1.64758667246
Powell,0.140058419607,-2.0466373684
Powell,-0.234943543179,-1.39762648098
Powell,-0.0798714805184,-1.34357992568
Powell,0.0518233073159,-2.01919340525
Powell,0.250069251588,-1.05937046348
Powell,0.338955473818,-0.587353625015
Powell,0.683814984146,-2.54605467489
Powell,0.112468940131,-1.95496923595
Powell,1.02028324313,-2.48876035561
Powell,0.741726623631,-1.2433183595
Powell,0.176378402042,-2.21540032976
Powell,0.542475687651,-0.376350982509
Powell,0.221781164213,-1.40033754451
Powell,0.317838469008,-1.28626739978
Powell,-0.276644085749,-0.938407795937
Powell,0.0711013135464,-1.18820126626
Powell,0.495681423589,-1.04706187292
Powell,0.473762711656,-2.16725712681
Powell,-0.467621290156,-0.896571167256
Powell,-0.817973151706,-1.2106138816
Powell,0.48734014592,-1.38998924797
Powell,0.00416437171074,-0.858095912881
Powell,0.209903167144,-1.49671412862
Powell,0.604694848121,-1.31646435483
Powell,-0.147230265139,-1.38155318878
Powell,0.912028094017,-1.80904128133
Powell,0.0203725756376,-0.698250329365
Powell,-0.299624619116,-0.780488889906
Powell,0.174592418543,-1.79807278336
Powell,0.0505120551929,-0.521526138576
Powell,0.21840926686,-1.72621387959
Powell,-0.642544226546,-1.05586382846
Powell,0.831231450445,-1.19233288227
Powell,-0.187373971286,-2.00315502407
Powell,0.305862289102,-0.857347833367
Powell,0.234324570743,-1.14009727292
Powell,0.677183368987,-1.77149019824
Powell,-0.655185852015,-0.0769170634397
Powell,-0.00188104942067,-1.2915738757
Powell,-0.0108833085637,-0.324530316144
Powell,-0.16028826845,-0.421415709066
Powell,0.396336298893,-0.821113382588
Powell,-0.0619450618353,-1.0720269042
Powell,1.22898947091,-1.81238739049
Powell,0.476457485175,-0.646486482043
Powell,0.930859801967,-2.35656387165
Powell,-0.247849448342,-1.34242016823
Powell,-0.479576544577,-2.0250320374
Powell,-0.709032690982,-1.77269598085
Powell,0.48167796624,-1.63989276544
Powell,-0.629684005711,-1.07794759992
Powell,0.101327889316,-1.81680725097
Powell,-0.369742952213,-2.23910295389
Powell,0.234524024331,-1.8759559583
Powell,-0.709400009661,-1.41913002984
Powell,0.479384339049,-1.58503294614
Powell,0.0977591259662,-1.55940553082
Powell,0.267982035422,-1.45955586432
Powell,0.0572770530598,-1.48805735846
Powell,1.09809934806,-2.84545252435
Powell,0.452961157026,-2.1157490567
Powell,-0.00584466687081,-1.39905072034
Powell,0.874855684272,-1.36148248882
Powell,0.322540434178,-0.88868766661
Powell,0.721766182112,-2.22782394345
Powell,-0.323396335912,-1.75909951912
Powell,1.22819933981,-2.82227696559
Powell,-0.398072269319,-0.710199044677
Powell,0.0267953627678,-1.28736928163
Powell,0.362732573391,-1.36613846693
Powell,-0.0598245089111,-1.69670785922
Powell,-0.724362854276,-0.734892316451
Powell,0.2647997072,-1.41117036255
Powell,-0.674901517921,0.104322324061
Powell,0.718819814585,-1.21314818811
Powell,-0.180980960013,-1.14658876411
Powell,-0.0319698927111,-1.8798299756
Powell,0.731750324526,-1.96066260826
Powell,0.287853848066,-2.34314155922
Powell,0.820425892861,-1.51881297518
Powell,-0.201156589429,-1.90738544668
Powell,0.135246604889,-1.55984520191
Powell,0.844763706308,-1.91596008682
Powell,0.884610127438,-1.27131692047
Powell,1.15805796838,-1.90170587942
Powell,1.2534661936,-1.93790553815
Powell,0.0753177304712,-1.98022257146
Powell,0.35662407312,-1.51789209303
Powell,-0.404975278483,-1.5321538322
Powell,0.379765409699,-1.87807735777
Powell,-0.43129329169,-0.795321550523
Powell,-0.210713801144,-1.33801463954
Powell,1.01805479275,-0.936706298441
Powell,0.774669542377,-3.05079514157
Powell,1.5820915091,-2.34507200838
Powell,0.599846009693,-1.94797794268
Powell,0.300335012818,-1.90670839738
Powell,0.400863356469,-1.13776680005
Powell,0.302105518087,-1.04216709924
Powell,-0.14105839421,-1.7340528879
Powell,-0.711230337498,-1.03523859865
Powell,0.564933002279,-2.14461834944
Powell,-0.319275083908,-2.04077900583
Powell,0.167398746799,-1.66653217226
Powell,0.142231080297,-0.966577786222
Powell,-0.0215477092033,-0.763809691488
Powell,0.495352722408,-1.82776585504
Powell,0.0300404138926,-1.0380497523
Powell,0.581705019124,-1.54435827434
Powell,0.503781608754,-1.2189549792
Powell,1.1425113544,-2.70537195133
Powell,0.00857059474447,-1.44626039294
Powell,-0.393782875135,-1.22212065914
Powell,-0.16828010749,-0.762008019978
Powell,0.845644261144,-1.45393530263
Powell,0.233992589589,-1.89026840411
Powell,1.16729028934,-1.02303869133
Powell,0.181560450777,-2.18217755956
Powell,-0.180772024022,-1.11573946247
Powell,0.0645732511258,-1.06808163226
Powell,-0.11045148584,-1.80366685577
Powell,-0.214458528706,-1.56120062662
Powell,0.091208521736,-0.721581344341
Powell,0.220094904178,-1.61905910736
Powell,0.119221879823,-2.41215301704
Powell,-0.55896474565,-1.45409657013
Powell,-0.73793127013,-1.88835492856
Powell,-0.115950774744,-0.628733155876
Powell,-0.331581271869,-1.02989378229
Powell,0.0302078355021,-2.55672520061
Powell,-0.635829906172,-2.38758348213
Powell,-0.262456588752,-1.7249522092
Powell,-0.874720393479,-0.927452596858
Powell,-0.0515711864627,-1.33620830076
Powell,-0.16658882005,-1.276221488
Powell,-0.249379693472,-0.715315586469
Powell,-0.282590709422,-1.58732348704
Powell,0.166835612897,-2.32038597183
Powell,0.270072904352,-1.22476305881
Powell,0.172677215982,-0.469271694063
Powell,0.212241772733,-1.38750938209
Powell,-0.402409798772,-1.27279862442
Powell,0.139897888959,-1.68908124952
Powell,-0.212943359274,-1.11040511573
Powell,1.22600431089,-2.18015487631
Powell,0.0798778091982,-0.987529108401
Powell,-0.4767262329,-2.50993108692
Powell,-0.0780110780021,-1.30301760844
Powell,0.0736538055881,-1.12061088319
Powell,-0.179205976109,-1.40564295024
Powell,-0.416860707387,-1.29715635087
Powell,-0.698885978576,-1.69973912315
Powell,-0.300011646691,-1.46167027035
Powell,0.240680497906,-1.55342326574
Powell,0.511107551809,-2.61157268021
Powell,0.190551830622,-1.21383287546
Powell,0.308748281745,-2.78245113424
Powell,-0.0380711310005,-1.5978671628
Powell,0.792519043489,-1.1386977735
Powell,0.371185279059,-1.10086874633
Powell,0.0930023407908,-0.680680535783
Powell,0.143189284064,-1.52665448432
Powell,0.933265099054,-2.00343693247
Powell,0.66297995114,-2.15118354051
Powell,0.625208970537,-1.9703361954
Powell,0.727531590664,-0.961679326167
Powell,0.344764163926,-1.23691706852
Powell,1.05601811857,-1.58965478094
Powell,0.943030944529,-2.2272107234
Powell,0.71161839064,-1.68162584333
Powell,-0.462779735074,-2.0381267131
Powell,0.0298029678195,-2.18417495976
Powell,-0.902598430082,-2.40151407715
Powell,0.487258858026,-2.95842935988
Powell,-0.797285897177,-2.27856611813
Powell,0.628736292451,-1.65491688091
Powell,0.155502569457,-1.23880394739
Powell,0.309783701297,-2.19100470485
Powell,0.0432522089576,-1.11970091105
Powell,0.297706510827,-1.98363323991
Powell,0.00672363690244,-2.31566767923
Powell,0.356212909832,-2.06538964738
Powell,0.305769188559,-2.48413363371
Powell,0.422690946641,-1.04146232106
Powell,0.00932614321108,-1.12404617708
Powell,-0.356364775959,-1.19800040468
Powell,0.85058155994,-1.73249462284
Powell,0.0763912878566,-0.703650365746
Powell,0.429236983715,-2.19480606016
Powell,0.304588115096,-1.81809738814
Powell,-0.363869150929,-1.93204321748
Powell,-0.129694905259,-2.07768119017
Powell,0.752981835676,-1.34275859277
Powell,-0.757096960229,-1.83050213437
Powell,0.0539955346276,-1.64438705734
Powell,0.486141122273,-1.59693898857
Powell,0.100907354717,-1.58664634071
Powell,-0.21649646068,-2.06722917095
Powell,-0.236300812492,-1.53236445919
Powell,-0.0872495764108,-0.399389897385
Powell,0.768884733591,-1.12818746611
Powell,0.42800932739,-1.64983201663
Powell,-0.162145034699,-2.11996499767
Powell,0.254100874911,-0.798667091381
Powell,-0.0172138282699,-1.84675464711
Powell,0.518118717747,-2.04029159105
Powell,0.250983349311,-2.12833004663
Powell,-0.480294764957,-1.34943041498
Powell,0.148553765303,-1.93975646075
Powell,-0.199165389361,-1.05516587728
Powell,0.319035357407,-1.0420315787
Powell,0.01396171747,-2.16127720292
Powell,-0.45619501973,-0.809708431969
Powell,0.000310732156246,-1.61626654026
Powell,0.682269042142,-1.96142234943
Powell,-0.0875256391171,-1.23012773923
Powell,0.957610573516,-1.1137779466
Powell,0.19109947487,-1.63454803418
Powell,0.326483527065,-1.66658318657
Powell,0.602339416376,-1.80649453337
Powell,0.552025974898,-2.11874042646
Powell,-0.190332639505,-2.16548952839
Powell,0.234800034246,-0.852613847269
Powell,-0.0848789089251,-1.61990248462
Powell,0.508751536261,-1.88373211946
Powell,0.347428827638,-1.70139164559
Powell,-0.264347345447,-1.39205181712
Powell,0.67468420539,-2.0007799423
Powell,-0.177776736565,-1.06193701619
Powell,0.17185567794,-2.2167264638
Powell,0.385749881462,-1.17885790601
Prescot,1.25679661614,-1.86021671532
Atwood,1.43687053856,-1.8332330926
Donovan,0.873307903463,-3.56992146592
Jones,0.112595640154,-2.46845018186
OClair,1.12316889334,-1.40199437236
Ryan,1.86921312917,-1.89889587779
Temple_III,-0.35059169908,-1.29745580265
Bush,0.823827428117,-1.18491832575
Segundo,-0.215919920152,-0.647559463782
OBrien,1.00272368125,-1.24566471526
OBrien,-0.272556894147,-1.32673135187
OBrien,0.0689294742563,-1.76997382757
OBrien,0.410630578721,-1.89530363161
Martinez,1.15705951284,-1.9881252876
Martinez,1.02362603605,-2.16468167576
Martinez,0.355391157167,-0.93905756515
Rice,-0.319320301909,-1.70028298567
Rice,-1.56106413679,-0.0650053984995
Rice,-0.318904509901,-1.27736129606
Rice,-0.887348535976,0.0245596828718
Rice,-0.712072966525,-0.784823723846
Rice,-0.825262845903,-0.748832284808
Rice,-0.726398829939,0.42224300302
Rice,-0.686267878649,-0.286490393576
Rice,0.289961848439,-0.982101002318
Rice,-1.1592648594,-0.385734310149
Rice,-0.800626150217,-1.8197157041
Chung,-0.331002282321,-1.96573879261
Freydell,-0.60217987662,-1.9852641669
Black,1.4305909695,-1.70294516067
Marie,-0.775223296654,-2.73891127483
Marie,-0.545159066098,-0.358934212948
Marie,-0.459102309112,-0.519101833607
Cambell,0.658814978104,-1.09113620869
Scott_King,-0.131286369234,-1.27158649326
Scott_King,-0.242619697621,-0.295866603035
Scott_King,0.399440540748,-0.806639247568
Maggette,-2.46761202996,0.601561201106
Enghusen,1.26065379756,-2.14826349299
Harfouch,0.996103581881,-2.19325732559
Coman,-0.339956902887,0.0330235776587
Coman,-0.55381426896,0.619560449267
Williamson,-0.0619132350726,-1.64561395589
Iacavazzi,0.66641225152,-2.20877907922
Simitis,0.825225266325,-0.766820314552
Simitis,0.591202837234,-1.26241928793
Simitis,1.01366928877,-0.720498961742
Simitis,0.7591546639,-1.60352381102
Simitis,0.641076963144,0.070430604752
Simitis,1.10824155985,-1.55269827919
Cox,0.666175387797,-2.78281653526
Love,1.32276364455,-1.60199235351
Love,1.99893109125,-2.43902416759
Burley,2.13843946308,-2.03856735598
David,-0.977404198234,-2.50479526169
Doblin,-0.128735360281,-2.66695444086
Fitzgibbon,1.09764958265,-1.99476941304
MacTavish,0.533143426296,-1.46515392298
Morgan,1.10055574236,-2.53060918828
OClair,1.14774155839,-1.80995948406
Wilson,1.66674695196,-1.89466659592
Bowles,1.21949058273,-2.91278645705
Glover,1.00984971308,-2.10155089829
Barros,0.571297299211,-2.87027802331
da_Matta,-1.15813360732,1.4108583014
Fernandez,0.154139313256,-1.35774962429
Fernandez,-0.0412531687145,-1.51251261314
Kirchner,-0.308406969573,-2.32799139676
Saralegui,1.68844138316,-2.55979216018
Saralegui,2.13109210625,-2.6141370816
Torrens_Valero,-1.19234798657,0.899347789099
Bustamante,-0.0243799216964,-1.71355468316
Bustamante,0.770157230719,-2.2025262647
Bustamante,0.508776849715,-0.719192349141
Bustamante,0.338624409781,-1.77875425624
Bustamante,0.609527102687,-1.71511142031
Gooding_Jr,-1.13431752971,-1.24847215157
Joseph,1.44244355945,-2.83142024487
Rodriguez,-0.560794678533,-1.94416875335
Strange,0.451779222996,-0.981008183167
Weldon,1.79591900987,-1.10369351504
Thompson,0.82476699393,-2.50058941825
Thompson,-0.124207370994,-1.20509438925
Nixon,1.77755958108,-2.41241665718
Rowley,0.36734385963,-2.20863617606
Dunlevy,2.03509513881,-2.46783791253
Bachtiar,-0.669315811567,-1.51401618032
Bachtiar,-1.03645065076,-1.41591366624
Chul_Chyung,0.815468755303,-0.59617109037
Fuentes,1.63028235015,-1.76034894085
Fuentes,2.53086328637,-1.90425335599
Fuentes,1.80643518443,-2.04705687127
Fuentes,1.68525448054,-2.0436353894
Bedanova,1.05085246698,-1.79694623266
Lama,-0.354054380869,-1.87729088127
Lama,-0.423862737675,-2.02834413613
Bosworth,1.18451425862,-3.32053147116
Earnhardt,0.856537892557,-2.48421306076
Earnhardt_Jr,-1.71808565881,1.54387860408
Earnhardt_Jr,-2.0557923884,2.10754094904
Earnhardt_Jr,-0.67382283622,0.0676935868515
Earnhardt_Jr,-1.82167863619,1.30053846383
Rabin-Pelosoff,0.819342197388,-3.83719567036
Bilbo,-0.747468261802,-0.156027640168
Dash,-1.00685092784,0.160911661302
Stoudamire,-1.05235914136,-1.57437144451
van_Dam,-0.763456014186,0.145493882359
van_Dam,-0.872150924412,0.512680584934
Ackroyd,1.7267202846,-2.92016523769
Vollmer,0.352085095082,-1.4996214131
Bartlett,1.62368324286,-3.39121931107
Boyle,0.097062938464,-0.969012101549
Bylsma,0.931909039238,-1.92222493429
Dickau,0.280500577754,-3.08733516225
Duquette,0.853317684759,-2.69220305581
Jimenez,-0.763427212257,-0.208377199059
Guerrero,0.670748335538,-2.96873694655
Cicarelli,0.0248742113296,-0.798190564923
Hantuchova,0.306997482557,-1.65108563469
Hantuchova,-0.416860902818,-0.892954655559
Barenboim,1.37996202162,-1.65418239287
Bruehl,1.9079916384,-2.55160162543
Chin,-1.37616179703,-1.15344294772
Coats,0.9959774957,-0.838831235267
Comisso_Urdaneta,-1.44110423627,0.345893849311
Darnell,1.32103740364,-1.86283178071
Day-Lewis,1.96565756363,-2.92179195809
Day-Lewis,1.84006865867,-1.63872774243
Day-Lewis,1.67061740734,-1.16883017822
Bergamin,1.16246651128,-1.99055461655
Hypolito,-0.736700233915,-3.54033037109
Nardello,-0.0903220301187,-1.44498788795
Kurtzer,0.706669717474,-2.26457263964
Spencer,1.77635920833,-1.95178794185
Sunjata,-0.68705388614,-0.794961052344
Montenegro,-0.758951455898,-0.781318732567
Montgomery,1.41606876942,-1.94382089097
Ortega,-0.340489724077,-2.00468353038
Osorno,-1.14620622429,-0.997316576175
Patrick_Moynihan,-0.35409387337,0.0271311707631
Pearl,0.716280195753,-1.78787505607
Radcliffe,0.484761585283,-2.93699027378
Radcliffe,0.0918165690048,-2.51735495904
Radcliffe,0.228526380014,-2.26000404227
Radcliffe,0.633490815784,-2.32572142606
Rouse,0.712352436592,-2.65595348143
Scioli,0.335032727068,-1.3648263492
Zelman,1.16107560774,-0.327683194647
Tanovic,1.03727690797,-2.4446327132
Kellner,1.34699116816,-2.61972705043
LaCoutre,0.817289817393,-0.970879942658
Monson,0.391275596681,-2.11397182335
Morales,1.41581814434,-1.82334571045
Morales,0.528356232297,-2.03649174272
Morales,0.516727921563,-2.32277280515
Ainge,0.00927003043822,-3.24498277159
Avalon,-0.204423053765,-2.4619401482
Elfman,0.58707017311,-1.68679186931
Glover,-1.75692443122,1.63065794863
Green,0.910004589506,-0.576903451351
Morgan,2.06563625393,-2.17152964231
Prinster,0.630705831988,-1.89248670171
Quayle,1.1293753587,-1.78047635069
Reeves,-0.187663808751,-0.670718091015
Snyder,0.116926057299,-1.94864516121
Wheldon,1.05727932797,-1.56399880758
Wheldon,0.764588963388,-2.70495552463
Heatley,1.20958851748,-1.86303845792
Regier,1.18895166461,-1.13159712913
Erstad,2.11063716778,-0.596294726801
Camuffo,0.135987997097,-0.540473537033
Franchitti,0.0380373382983,-1.90644394896
Michalczewski,1.37152993093,-2.21122290333
Milicic,1.15032158532,-3.03924559274
Moore,1.70821171724,-2.03288711232
Garrettson,-1.16902074475,-1.92259925571
Dickey,1.6806924047,-1.20831891062
Issa,0.0654354820977,-1.06015463595
Issa,0.664823278837,-1.50212151266
Porter,-0.675372557308,-0.376521726554
Porter,-0.0525543241986,-1.84909388907
Royal,1.85167748379,-1.41890242138
Campel,-0.990098121335,0.27023084709
Clarke,0.502308780415,-2.07215961197
Clarke,1.42081697167,-0.665925782081
McDaniels,-1.53118085993,0.159033143781
Stingley,-0.949818389422,-0.911325511108
Patton,-2.1819340474,0.963220535307
Hannah,1.45832548922,-2.33107301092
Hannah,2.33209164568,-2.01991137247
Jones,-1.31297223712,-0.126558307505
Parks,-1.77894207123,0.995580911078
Sabara,-0.679540349627,-1.81643780264
Smith,-0.586827696009,0.252178789242
Barr,0.693117354153,-1.08460380539
Campo,0.409287505519,-2.61180432642
Campo,0.59870127035,-2.10599819713
Campo,0.472445737912,-1.99938797252
Johnson,0.58206782107,-2.28598272721
Lewis,1.71736452285,-2.03695841801
Matthews,-0.293431444075,-1.35557019528
McGinnis,0.674420352309,-1.21560424379
McNally,0.0151881857114,-1.8639551941
McNealey,1.07139161545,-0.993044451881
Odom,0.767040692783,-2.26796598753
Potter,1.45449450827,-1.14064167092
Ragone,0.347173742964,-0.160727213565
Robertson,-0.324627941944,-2.82067957159
Tucker,0.72229180487,-2.32025875259
Wannstedt,1.11543245134,-1.76659385887
Williams,2.68367980566,-2.90484932227
Johnson,1.57019565199,-0.701345734582
Alpay,0.481166302946,-1.33836120933
Anderson,0.461938750532,-1.80615123283
Anderson,1.13675237771,-1.52366041595
Anderson,1.30549344324,-2.07625702522
Anderson,1.07480224621,-2.20630295569
Anderson,0.952758019955,-0.555811892625
Arquette,1.47548987024,-1.50570848602
Ballantyne,1.87627078897,-2.82184444091
Beckham,1.97388451014,-1.58620779184
Beckham,1.09094253163,-2.1315491181
Beckham,1.7272144655,-0.75690584952
Beckham,1.23947245815,-0.281326863485
Beckham,0.492808277478,-1.56935085615
Beckham,1.19562759945,-2.547650173
Beckham,1.06707101842,-2.46678089145
Beckham,1.20943976426,-2.37488796947
Beckham,0.260560775136,-1.47877230943
Beckham,0.857599380469,-1.77171856707
Beckham,0.580538438337,-0.22527522909
Beckham,2.30394311846,-3.47217889723
Beckham,0.717153301038,-0.616195465569
Beckham,0.627136865652,-1.37421548507
Beckham,1.71449477927,-1.93162196906
Beckham,1.96752424045,-3.08451934562
Beckham,2.63043705625,-2.77693423412
Beckham,0.839141737248,-1.52976105453
Beckham,1.48394727627,-2.18760125164
Beckham,1.19365099367,-1.32067153543
Beckham,1.98594404976,-2.26072808582
Beckham,1.05115472922,-1.35133809021
Beckham,1.32193927642,-3.11648737108
Beckham,0.988126293281,-1.65848242891
Beckham,1.69764253019,-1.46507441282
Beckham,0.802850547285,-0.741533068947
Beckham,1.27534774327,-2.1385046381
Beckham,0.855414580013,-1.80088187689
Beckham,1.15324778662,-1.15510356262
Beckham,1.58154902738,-2.66183234467
Beckham,0.714108380781,-1.57521127302
Bell,1.27607977991,-2.55472395193
Bell,1.54237970366,-1.56556949248
Bisbal,0.545348473622,-2.74714912388
Blaine,-0.0857660300535,-1.39869886532
Bowie,0.25195842658,-1.77815698113
Braley,1.20501003903,-2.1186982607
Brent,1.16251463929,-1.33484550325
Brinkley,0.229347157993,-0.985144853219
Brown,1.67998723685,-1.83627663523
Canary,1.26258858015,-1.41927190351
Caraway,1.76910966221,-2.19622287735
Caraway,1.5721971429,-1.31624240965
Carradine,0.993318483048,-0.88494403976
Caruso,2.28252804436,-2.9132497949
Caruso,1.71406706782,-1.06478990856
Caruso,1.72485146809,-1.24179172786
Chase,1.07601659302,-1.87081941821
Collenette,1.34226511795,-2.08000903412
Coulthard,1.26985820202,-2.21997313
Coulthard,1.85634062288,-1.34063970065
Dewayne_Williams,-1.45507448453,0.325587601524
Dewhurst,1.01973611118,-1.93363576625
Dodge,1.41786188985,-2.44404758238
Dodge,1.27683798266,-2.11540650693
Donohue,1.82397511872,-1.66319454097
Dorfman,1.2147344414,-1.97754048757
Duke,2.12083919019,-1.71205178512
Duval,1.54196064634,-2.80528454397
Eldon,1.76754527886,-2.6470900912
Gest,0.617691690805,-1.83111364409
Glenn,0.603774706576,-1.62511399021
Hannay,1.03761481654,-1.9838924226
Hanson,1.41891376359,-2.44961447401
Hasselhoff,1.19335655583,-2.93198500688
Heyman,0.376273083355,-2.71087623828
Heyman,1.16963409002,-2.49033230253
Heymann,1.10754078219,-2.57873176878
Heymann,0.344783593112,-1.38377965261
Heymann,0.893968499298,-1.80913339706
Heymann,0.315270821367,-2.81888547644
Heymann,0.708607541727,-2.50489243824
Hilt,0.171497759947,-0.860844086048
Ho,-0.654591657001,-0.855507735771
Howard,0.608675474227,-1.32830706726
Hyde_Pierce,-0.720026944976,-0.400693866744
Hyde_Pierce,-1.5359122608,0.548668516905
Hyde_Pierce,-1.68039617275,0.437370503077
Hyde_Pierce,-1.22209740091,1.00742108021
Kelley,0.326212566641,-2.32737576355
Kelley,0.0461529970966,-0.931222702451
Kelly,0.42955989154,-1.25236557297
Leahy,1.20312796911,-1.17251107153
Leahy,0.786694478767,-2.18149390274
McCallum,1.52755745298,-2.63040275998
McCullough,-0.0354926378571,-0.429799595402
McKiernan,0.596242770882,-1.40661337927
Millar,-0.23000240737,-0.880254367206
Modell,1.30700555642,-1.2736763166
Montoya,0.364866277458,-1.4014686053
Myers,1.64441876437,-1.62729184673
Myers,0.980144101224,-0.597725198615
Nalbandian,-0.0518652775009,-1.18775515744
Nalbandian,0.252915026232,-1.55757157065
Nalbandian,2.09120591591,-3.29111330353
Nalbandian,1.61270804399,-2.10794133505
Nalbandian,0.768254154341,-1.68841801989
Nalbandian,0.590091446145,-0.840708852747
Nalbandian,0.982675135562,-2.02428050516
Nalbandian,1.52219875527,-1.68907232387
Nalbandian,1.7309098237,-1.6121169766
Nalbandian,1.59961987413,-2.21774419494
Nalbandian,1.34627212388,-1.76037583997
Nalbandian,0.933187438249,-2.30720783404
Nalbandian,1.07488919259,-2.0347388763
Nalbandian,0.844245646099,-2.34964167646
Obey,0.681092455445,-1.876854629
Oh,-0.724238113479,-0.625470979961
Provost,1.26524997938,-2.91270313546
Przybyszewski,1.34192680181,-1.40795292826
Rivkin_Jr,-1.5480494842,1.50312649777
Scott_Morris,-1.86347573253,2.15186437521
Shayler,0.137395817897,-2.44862597361
Sibleyk,0.487101250722,-2.60217493599
Siegel,0.300862402219,-1.90560791721
Sousa,2.50401795186,-2.58689244909
Spade,0.773035220637,-0.889726368188
Spade,0.735817024245,-2.75618772134
Stern,0.53221604868,-1.21237435774
Stern,0.832956791862,-1.60701733064
Stern,1.22169417288,-2.41693868353
Stern,1.47719201467,-2.62786060488
Suazo,-1.90057407906,0.546043421191
Surrett,1.49185882571,-1.44145239968
Tornberg,0.698086089236,-2.03701713419
Trimble,1.69158219962,-2.10645197549
Trimble,1.6601196617,-1.28136577277
Trimble,0.340502907361,-1.64877475312
Trimble,1.98026126795,-1.83271196874
Trimble,0.87143737333,-2.08424821863
Welch,2.06488901707,-1.58354643874
Wells,-0.0104401739715,-1.19237437652
Wells,1.67510725867,-1.14806609831
Wells,-0.966473513107,-2.20117161417
Wells,-0.0682063212452,-0.838119378304
Wells,-0.240143088105,-2.5211258535
Wells,-0.0581293714071,-1.46969527433
Wells,-0.123298954107,-2.05227846177
Westerfield,-0.260375135527,-1.83676002162
Wolf,1.26315285731,-2.253103187
Wolf,1.15031754093,-2.10388646178
Zeplowitz,1.36611006867,-1.61441503664
Love_III,-0.6798703697,-0.076949157267
LoPiccolo,-0.541135611239,-0.920518162123
Staley,-0.930250335752,-0.762340078444
Barker,1.85822973019,-2.91422829211
Barkley,1.13672178339,-0.969164045308
Barkley,0.635865006946,-2.59857449665
Barkley,0.757313727044,-1.88579855837
Barkley,0.912265528307,-1.53922609624
Jacek,1.1509380221,-1.31849136911
Sheremet,1.87306662412,-2.11873528026
Allen,-1.29869145702,-0.146205408139
Reynolds,1.62505024377,-1.58169619369
Reynolds,1.78950358838,-2.54012031925
Reynolds,1.31496245256,-2.63342006846
Reynolds,1.60253642139,-1.99515702523
Brown,1.64869951949,-1.70506033263
Brown,1.41308671026,-2.79901926647
Messing,0.747587034882,-1.72756665229
Messing,0.741691512591,-1.97069857894
Messing,0.980799066758,-2.03377539362
Rose,0.886963120183,-2.13456785554
Shank,0.919909365378,-1.63095257087
Yang,-2.04194178894,-2.19458629885
Santos,2.29387329968,-3.05821228387
Eckstein,1.14230213528,-1.79200266341
Burnett,0.610709090093,-2.17334896081
Mehta,0.194339051841,-0.95336958635
Clara,0.242128462386,-1.10960376942
Chuillot,-0.339204793972,-2.07580225211
Veal,-2.290429667,0.479431249482
Ferraciu,0.476781111882,-2.99253382634
Ferraciu,0.238685041203,-0.719901621251
Moore,1.21428858487,-2.34882638926
Moore,0.907891140624,-0.996605755214
Moore,0.646386973116,-1.35112713068
Moore,0.639200910332,-1.80652406816
Coderre,0.246080326678,-2.39733612216
Johnson,-0.640118445808,-0.818460064772
Johnson,-1.20963581339,-0.148263323383
Locke,0.90467305195,-1.97113398408
van_Outen,-1.16083277196,1.51959911435
Fassou-Nguesso,-1.13453215738,0.230336031935
Baykal,1.73292215825,-3.66331907663
Archer,-0.798794292247,0.050675643405
Erickson,1.16149358674,-1.97318311481
Erickson,0.939370817336,-1.87299299472
Franchione,0.876791685378,-2.08253615563
Hastert,0.631018192904,-0.496295142106
Hastert,0.727489687387,-1.6220974763
Hastert,0.0507758179564,-1.31700721682
Hastert,1.63934593328,-1.07026620799
Hastert,1.75139210238,-1.60746452627
Hastert,0.744722078052,-1.10446489637
Johnson,-0.0633471786684,-0.532391005715
Kozlowski,1.21517008296,-0.873541170516
Kozlowski,1.90882160634,-0.993833308354
Kucinich,0.950249799737,-1.60652275979
Kucinich,0.860078554749,-1.36655300833
Kucinich,0.120163406054,-1.85706566464
Kucinich,0.577694820524,-1.91082347844
Kucinich,0.3205000986,-2.52755637611
Kucinich,0.752862715317,-1.99569139224
Kucinich,0.311759982762,-2.20197154112
Miller,-0.106015443778,-1.28638338208
Oswald,1.45152154741,-1.80244036074
Powell,1.54515786126,-2.15727254782
Powell,1.21165625885,-1.33950328857
Arcand,0.429885212972,-0.447330182061
Washington,-1.08646992596,0.510267981175
Washington,-0.771590933493,0.042340510196
Washington,-1.38861227497,1.68828724214
Washington,-0.583988316774,-0.97275091552
Washington,-0.767001880762,1.07862701737
Whittenburg,-1.97564468377,0.55100234463
Abney,-0.0951642098425,-2.22082088093
Bond,1.25901156294,-2.25389474005
Jeter,0.604399168049,-2.37190635093
Jeter,-0.202533029415,-0.402319960603
Jeter,-0.383702291796,0.387636366249
Jeter,0.344669894413,-2.28936069746
King,1.02501063122,-1.82458053289
Lowe,-0.502029406858,-1.47513507963
Lowe,-0.110398790106,-1.41547216822
Parra,0.304882005806,-3.05819319304
Hatcher,1.27122018167,-1.86213612516
Battie,-1.59079975804,0.701207840708
Rodgers,-1.00928327778,0.581418013357
Taylor,-0.97230772121,-0.441613717419
Brown,2.75078925191,-2.31669260874
Lemosi,-0.239488644903,-3.13947449823
Lemosi,0.277837512548,-2.62078411071
McKenzie,-0.257060783511,-0.204120216977
Farmer,-0.732725400321,-0.532055874891
Harris,-0.603166917094,-0.619729921568
White,-0.964554082995,0.038410549064
Jackson,-1.48031351952,1.80921769049
Jackson,-1.44182405076,0.208226765669
Krall,1.72944887073,-1.40110959616
Krall,2.16832061105,-2.33717930886
Krall,0.833821285212,-0.192803533758
Krall,0.730757090596,-1.49796314968
Krall,1.9685190889,-2.56475556724
Krall,1.80724663745,-2.52086183264
Munz,0.874684251698,-2.6742997186
Munz,-0.0591396899748,-2.63958070852
Munz,0.891189552724,-2.02832394337
Renee_Valdivieso_Dubon,-1.32141065371,-1.30652341143
Ross,-1.18187565456,-0.934624733125
Silvius,1.63489380823,-2.81644949125
Taurasi,0.958084211616,-2.77281044638
Taurasi,1.82162414468,-1.58870129412
Taylor,0.812513541459,-2.4419866171
Green,0.949047957245,-1.92988971263
Green,0.695659305012,-1.73783362131
Ladd,1.20372572434,-2.00865689475
Lane,0.360646377129,-1.31782078611
Feinstein,0.304943969479,-2.6931078763
Feinstein,1.33933975884,-1.90968729206
Feinstein,0.941671725961,-2.73368359224
Reeves,-1.387436,0.188826722901
Armey,1.1232796103,-3.29055535858
Bennett,-0.0453740586495,-2.001840962
Cheney,2.03400625952,-1.47355172363
Cheney,1.71523722851,-0.838161931807
Cheney,1.24498665945,-2.49713954115
Cheney,1.10851387107,-1.94120474924
Cheney,1.18371102267,-1.48830574373
Cheney,1.70710360017,-1.85538259894
Cheney,0.993099631323,-2.1042293172
Cheney,1.14660997444,-1.96432345272
Cheney,1.11560171796,-0.344742719407
Cheney,0.548824922085,-1.89519827731
Cheney,1.12940820822,-1.54594728527
Cheney,1.68758896595,-0.625090307228
Cheney,1.11406049872,-0.92917120646
Cheney,1.51683737711,-1.10464005987
Clark,-0.252034116377,-0.766721136743
Clark,0.0452860808387,-3.00370824956
Clark,0.247682664574,-2.47056756535
Devine,1.92321567952,-3.03946890943
Jauron,0.381327637568,-1.47038845618
Latessa,0.769700588704,-1.50907621385
Latessa,0.763883614656,-2.46761154689
Posthumus,1.96374509474,-2.16996542076
Smothers,0.968608814766,-1.49905060152
Vermeil,1.05588114534,-0.966277272973
Vermeil,1.40067334157,-1.97908569995
Defago,-1.00470185362,-0.391980026807
Armando_Maradona,-0.281982841555,-1.29040094338
Colorado,-0.381473576155,-1.02315900596
Diego_Lerman,-2.04332592022,-0.0100532872056
Holzer,0.701159852739,-2.02890701152
Zetsche,1.24139140788,-1.59563942797
Berbatov,0.126325792265,-2.90885148562
Perricos,0.98884240159,-1.84595371026
Turner,1.81990069516,-3.6495292665
de_Laurentis,-1.07300555467,0.261506479678
de_Laurentis,-0.350589496817,-0.106856017234
Rosales,-0.979492155089,-1.5453071212
Risi,0.106647474022,-1.49636058928
Samsudin,-1.20118752623,-1.68955321688
Glover,-0.543780490645,0.649980838018
Tettamanzi,0.828892583644,-1.65893873894
Warwick,-0.314875881983,0.522796507561
Georgiadis,0.172607499815,-3.30021395581
Kempthorne,1.47354211796,-0.907169780397
Von_Tesse,-1.17833415199,1.75164015834
Said-Guerni,0.944651949795,-1.10894726448
Rivers,0.171057034212,-0.902910342512
Parton,1.7439614397,-0.952372493423
Parton,1.78526369725,-1.80732738237
Tsering,-0.894768416616,-1.51302683602
Tsering,-1.10464256014,-1.4436559949
Dunne,1.93731120256,-2.4104029351
Monaghan,2.23093579505,-2.51290861048
Garcia-Lorido,0.275969792878,-0.762477320595
Garcia-Lorido,0.77642006837,-2.48701753749
Hrbaty,0.87295114607,-0.806020668361
de_Villepin,-1.04586032449,0.760938949192
de_Villepin,-1.41463179851,1.34474829608
de_Villepin,-1.12251575726,1.55448917602
de_Villepin,-1.44931908421,0.420823512527
de_Villepin,-1.10599448867,0.33590279561
de_Villepin,-1.1880194596,0.339378738037
de_Villepin,-1.68568759217,1.88860293718
de_Villepin,-1.53706682621,0.840064660442
de_Villepin,-0.804557180964,0.179276325141
de_Villepin,-0.891798826675,0.681532880346
de_Villepin,-0.0950848566857,0.667162952587
de_Villepin,-1.28516178623,0.898756975058
de_Villepin,-1.01454297541,1.30503344856
de_Villepin,-1.5305542952,1.89643646992
de_Villepin,-0.96374904856,1.41412274529
Perben,0.978705228187,-2.07427368106
Anderson,1.90410930971,-1.96877338106
Carty,-0.110429705763,-1.6281150346
Evans,2.69732852105,-2.80410168546
Evans,1.73876178535,-2.59448770872
Fehr,0.500925961476,-2.40647521103
Fehr,0.888773579084,-2.55663204013
Fehr,1.3912451304,-2.21267537194
Fehr,1.99901039306,-2.50072962834
Hays,0.795056764192,-1.68038805676
Keck,0.70900891011,-0.505776558027
Keyser,1.35441842223,-1.60627039264
Pettit,0.95437436654,-2.56852496954
Pettit,0.593228690102,-2.29279376838
Pettit,1.81917085317,-3.06179550139
Regan,0.0930798766259,-1.01357912193
Rumsfeld,1.26009749375,-1.47490866905
Rumsfeld,1.35048384429,-3.17030812763
Rumsfeld,1.94782319571,-2.88705983003
Rumsfeld,1.39497551967,-2.07998874722
Rumsfeld,1.26596811634,-1.96372289794
Rumsfeld,1.78457524337,-1.6718906954
Rumsfeld,1.90612071797,-3.27849261168
Rumsfeld,2.07289454474,-3.52553862044
Rumsfeld,1.33701742983,-2.94505657462
Rumsfeld,1.55765213287,-2.15861784396
Rumsfeld,1.2378091588,-1.44975978154
Rumsfeld,0.918157202821,-2.09566164404
Rumsfeld,2.13178628454,-2.39177700308
Rumsfeld,1.05325200617,-2.41388492236
Rumsfeld,1.01922585644,-1.70089693577
Rumsfeld,1.61631005532,-2.41285852022
Rumsfeld,1.53457372177,-1.97239389173
Rumsfeld,0.404399628442,-1.35128356949
Rumsfeld,0.679493503796,-1.36286650863
Rumsfeld,0.419231101103,-0.268560880718
Rumsfeld,0.039158832335,-1.34388465867
Rumsfeld,1.08634471743,-1.32865574657
Rumsfeld,1.00839534264,-1.75592185934
Rumsfeld,1.22010673784,-2.2446821758
Rumsfeld,0.553761381001,-1.90707373187
Rumsfeld,1.67413496338,-1.7070409991
Rumsfeld,2.17009669063,-1.68728351338
Rumsfeld,0.666941088892,-2.17892250301
Rumsfeld,1.87595003531,-1.39828710808
Rumsfeld,1.60895842307,-2.271161912
Rumsfeld,1.22023197018,-1.71551568201
Rumsfeld,1.26233960722,-2.16331879605
Rumsfeld,1.5160241811,-2.1048250987
Rumsfeld,2.45726780099,-1.6277488921
Rumsfeld,0.097290905614,-1.66601842086
Rumsfeld,2.08031063685,-2.70442342186
Rumsfeld,0.81007664612,-2.04437400608
Rumsfeld,1.96297116741,-2.42683955757
Rumsfeld,1.07180393133,-1.36418440368
Rumsfeld,0.969669232809,-1.87454162019
Rumsfeld,1.29881073879,-1.96310626602
Rumsfeld,0.357292529668,-1.53659410024
Rumsfeld,1.41754834456,-2.31054058895
Rumsfeld,1.72142724039,-3.79503334697
Rumsfeld,0.496938434623,-1.36598069756
Rumsfeld,1.79252946742,-2.14278960238
Rumsfeld,1.20738842425,-1.7624498837
Rumsfeld,2.39334824265,-1.48435798385
Rumsfeld,1.30574513,-2.01176242804
Rumsfeld,1.53029364582,-2.13501576991
Rumsfeld,2.05950913794,-1.83085566806
Rumsfeld,0.850341896638,-0.786601294918
Rumsfeld,0.664526360488,-1.51210891697
Rumsfeld,0.606017714375,-2.02590367371
Rumsfeld,1.10686718586,-1.57596493511
Rumsfeld,0.647455156291,-0.98160914761
Rumsfeld,1.36541643402,-0.813783053696
Rumsfeld,0.838651263661,-1.24692908228
Rumsfeld,0.120109042926,-1.6853631874
Rumsfeld,1.77819664964,-3.03600807265
Rumsfeld,0.228419288897,-1.376840905
Rumsfeld,1.47395303689,-1.42955028789
Rumsfeld,1.27323016977,-2.23535958681
Rumsfeld,0.38125150288,-1.46524001116
Rumsfeld,1.487464657,-2.210559367
Rumsfeld,1.00635550703,-0.843934167564
Rumsfeld,0.012384087782,-2.16853924559
Rumsfeld,2.08479824189,-1.0653618645
Rumsfeld,0.370153614907,-1.27440840817
Rumsfeld,1.75020493296,-1.52241795866
Rumsfeld,1.44123944222,-0.999114959981
Rumsfeld,2.26353811601,-2.25638310318
Rumsfeld,0.966640541489,-1.39677657029
Rumsfeld,0.250916981963,-1.38923408091
Rumsfeld,1.5194614921,-1.01631386541
Rumsfeld,2.08241189722,-2.134744623
Rumsfeld,2.29921370468,-1.74568903744
Rumsfeld,-0.203780607862,-1.75967089591
Rumsfeld,0.60514382467,-1.41637486718
Rumsfeld,2.56221964322,-2.20246572889
Rumsfeld,0.785271175079,-1.56440347078
Rumsfeld,1.27806150619,-2.30873009322
Rumsfeld,0.215769237987,-0.777496510215
Rumsfeld,1.32970706273,-1.9757955295
Rumsfeld,1.0012707753,-2.11889895415
Rumsfeld,1.11063102805,-1.33234522157
Rumsfeld,1.34121261549,-2.84817223514
Rumsfeld,0.871895947648,-1.05707865255
Rumsfeld,1.00778336724,-1.32911884025
Rumsfeld,1.44814949205,-2.75137736828
Rumsfeld,0.633349743387,-1.7632868371
Rumsfeld,1.60677918824,-2.51206087653
Rumsfeld,1.41234772153,-1.83732473556
Rumsfeld,1.97323290925,-1.89087706648
Rumsfeld,0.844132005171,-1.19118499234
Rumsfeld,1.24199392651,-0.833441729789
Rumsfeld,0.935961235269,-0.886255293708
Rumsfeld,1.854606795,-1.51615306106
Rumsfeld,0.0917391214322,-1.39910463255
Rumsfeld,1.56583502315,-2.64693797119
Rumsfeld,1.16664069975,-1.67033857834
Rumsfeld,2.37818223702,-2.48187217468
Rumsfeld,1.32244660311,-1.58393930474
Rumsfeld,0.48853189591,-1.47036075464
Rumsfeld,1.74971692452,-2.40339545604
Rumsfeld,0.777275864753,-1.28759056955
Rumsfeld,1.83050481549,-1.86795989538
Rumsfeld,1.99647743533,-3.3323435793
Rumsfeld,1.28852840203,-2.70659887032
Rumsfeld,1.70941909609,-2.24039267618
Rumsfeld,1.37196819568,-2.45130689129
Rumsfeld,2.11637619357,-2.10482914702
Rumsfeld,0.19398089349,-1.53889699568
Rumsfeld,1.04542347604,-1.94444114105
Rumsfeld,0.680639867396,-1.4467096878
Rumsfeld,0.442393539042,-2.68603723602
Rumsfeld,-0.384994951616,-0.759375373998
Rumsfeld,2.37302517344,-2.43304248386
Trump,1.18051984454,-1.81184627934
Versace,-0.0487163468699,0.217799834829
Versace,0.903836000465,-0.704311686551
Versace,0.430045568974,-1.03992114397
Boudria,0.62115585184,-1.69569250856
Carcieri,0.821752506993,-1.43059492295
Flanagan,0.918074516612,-2.29493856344
Henley,2.03829788264,-1.55779093179
Hewitt,-0.441670055671,-0.890882641407
King,-1.17409115261,-0.246751596727
Lake,0.590372094988,-1.37046016405
Matthews,-0.170455340745,-2.09829528533
Meredith,0.639943289274,-1.63941336042
Barrera,1.08259012043,-1.32975888052
Brazile,-2.02959147047,-0.0234052601387
Morrissey,0.354950592805,-2.0223477075
Ralston,1.13614139196,-2.49879294977
Shalala,0.176786325821,-1.30649057123
Shalala,0.467542602815,-1.52378113148
Walker,0.315260236065,-2.04326785697
Nickles,0.89239386014,-1.09319218545
Nickles,1.40271883271,-1.91959223515
Osmond,2.46925968943,-2.48676282218
Siegelman,0.479694320778,-0.960299020862
Siegelman,1.06882340985,-2.42034900585
Siegelman,0.82478179339,-0.939391016366
Siegelman,1.62698387952,-1.06896858927
Bakoyianni,0.852249623081,-2.12894741926
Roberts,0.659785846471,-2.43270691755
Roberts,1.92973713314,-3.01203974311
Roberts,1.54293115888,-3.25125885635
Schroeder,0.791079828476,-1.46602288548
Schroeder,0.365035831853,-0.916386819521
Schroeder,0.439411974805,-1.00737080241
Schroeder,1.25135231415,-1.66505378868
Lamour,0.364773397116,-2.67267691878
Loudon,0.267730007223,-2.87252717504
Wilson,0.53973874803,-1.80950171467
Moxley,0.791433436281,-2.28567231375
Moxley,0.64484568955,-2.26871882828
Helms,0.437186870146,-1.09337448837
Christie,-0.70665675758,-0.491103260359
Collins,1.73376551603,-1.0454858435
Collins,1.07920508327,-1.99477406747
Duncan,1.01856272447,-2.72015143758
Duncan,1.26835250186,-2.29668088933
Faneuil,0.416272451464,-1.87474022102
Gansler,0.630662850485,-1.50197122265
Meester,1.654340045,-1.65852045895
Paal,1.08115022656,-2.09203996219
Melvin,0.74927944932,-1.50094439913
Melvin,0.696092379404,-2.03590980902
Melvin,0.886331864995,-1.43017336812
Moe,1.3855150236,-1.62029534411
Racine,1.2769945447,-2.03869847441
Wilson,0.583072660602,-1.38950165155
Covic,0.643229201891,-2.17499364483
Barrymore,1.07820396159,-2.14357717575
Barrymore,0.554693540303,-2.30268305594
Bledsoe,0.576545787762,-1.7194848555
Gooden,-2.29716060995,-2.14688023381
Barber,0.570702164209,-0.801002623224
Lee_Chapman,-1.39955930556,0.883185231732
Lee_Chapman,-1.59473193486,1.08296752583
Rogers,1.25177938134,-2.44840853523
Hill,-2.18820817983,1.8607056495
Fletcher,1.75416832613,-2.18220951174
Lampton,2.1976895813,-1.61054603531
Qinglin,-0.294938494371,-1.3159740627
Mohr,-1.35345228385,0.93961530833
Brown,1.37003063035,-1.9652906318
Hoffman,0.0738077028543,-0.672807553327
Baker,-0.674768909699,0.578936889102
Kyles,-1.73759405301,-0.673959585623
Johnson,-0.297457322969,-1.00950851775
Johnson,-1.1974261327,-0.648915843327
Wade,-1.8382716339,1.84333710506
Williams,-2.61927975809,0.958189810354
Abou_Jahjah,-0.951921459227,0.586670757133
Calub,-0.114763357587,-1.94909363189
Campbell,-1.63275910286,0.362683019798
Counter,0.605979792328,-2.58105265958
Fritts,0.896158278671,-2.09551981599
Scruggs,0.151314746186,-0.949785442596
Clay_Shaw,-0.299755772229,0.639645896476
Book,1.90631461119,-1.19722792138
Case,0.392859969566,-2.26877468797
Compass,0.612263285891,-0.814185332072
Fenech_Adami,-0.804962394991,0.335743941153
Jordan,-0.437532896902,-0.500532252092
Lewis,0.389168837926,-1.04072554179
Lucio,0.457087537299,-1.01056435003
Murray,-1.3136777426,1.1512400213
Sutton,1.6018370812,-1.4244002545
Sutton,0.862242395888,-0.326158930573
Hartenstein,0.702059830101,-0.726257647758
Merckx,0.417702730671,-2.9617689893
Savisaar,2.06562847928,-2.19207988093
Falco,-0.447747324408,-1.30344676745
Falco,0.545408065463,-1.07870515926
Batar,-0.127502148927,-2.29790270718
Masai,-0.898815720428,1.70731028516
Mekertichian,-0.904436836396,-0.380543024009
Hillary,1.86140041917,-3.75111478313
Hillary,0.418436373883,-2.04281139475
Hillary,0.303035144486,-1.42744112374
Stoiber,0.193360026226,-0.820468908415
Stoiber,1.84571886643,-2.28743400551
Stoiber,0.910463217371,-0.510363269576
Stoiber,1.58385356378,-1.94769548314
Stoiber,1.50974973225,-2.1007700608
Stoiber,0.706963734153,-1.97606335237
Stoiber,0.558130915179,-1.30827503729
Stoiber,1.2131751341,-1.15241146786
Stoiber,1.8421366448,-0.649002599019
Stoiber,1.23037657527,-0.909766899696
Stoiber,1.46682704131,-1.35718947877
Stoiber,2.24076166175,-2.59732021683
Stoiber,0.601334963222,-2.10115347199
Michelin,0.865413882014,-2.30444747822
Rendell,1.11643274073,-1.88110920769
Rosenthal,1.68977042832,-2.08135583882
Rosenthal,1.22498510158,-1.76461590683
Rosenthal,0.00346095906997,-0.486285193756
Smart,1.57623543096,-2.26548474436
Smart,0.66636932449,-0.273918080819
Smart,0.486777750995,-2.42732107463
Sullivan,0.959083432554,-0.641590149954
Limonov,0.440857005034,-1.83884314788
Chillida,1.2348262818,-1.77899873307
Duhalde,0.632879158969,-1.60473819251
Duhalde,0.249517130037,-1.26905335276
Duhalde,0.319713771993,-2.5287274745
Duhalde,0.142752326852,-2.06724607985
Duhalde,0.799724891345,-2.30941294357
Duhalde,0.711881142641,-3.32326414944
Duhalde,0.736932562389,-1.36670437019
Duhalde,0.754009790703,-2.79153678241
Duhalde,0.995215683427,-1.90593649447
Duhalde,0.925793793974,-2.64250956573
Duhalde,-0.637466432016,-2.48477289369
Duhalde,1.40066316266,-1.30646887955
Duhalde,0.309863265154,-2.47265072969
Duhalde,0.187556234312,-1.71981705433
Fischer,0.49915201182,-0.781519072061
Romero,-0.224974756713,-1.92740140654
Shevardnadze,0.967538708479,-2.26474243436
Shevardnadze,1.56240188079,-2.2100411759
Shevardnadze,1.82181652408,-1.32891117195
Shevardnadze,2.08122788779,-1.77332726353
Shevardnadze,1.72688813637,-1.48263308657
Wade,0.521240644004,-0.413960400174
Albee,-0.289657494407,-0.913469503136
Arsenault,1.51336906933,-2.53213190282
Belvin,-1.73326262848,-0.680663345169
Burns,1.41522933114,-1.54545329017
Egan,-0.302017740958,-2.15903030917
Flynn,0.754719959377,-3.09833411535
Greenspan,1.21154672825,-2.15148475522
James_Olmos,-0.830297523599,-0.627453445574
James_Olmos,-0.87779842519,-0.559615267604
Johnson,0.313129908804,-1.28234778914
Kennedy,2.00935624425,-1.74566448563
Kennedy,1.26196583031,-0.740906771462
Kennedy,0.784581551536,-0.746597071753
Lohn,1.056685758,-1.57324006534
Lu,-1.24854107687,-1.92104293435
Lu,-0.777792333355,-1.04509936374
Lu,-0.725348034975,-2.85271086301
Lu,-0.293407495928,-3.0448376948
Lu,-1.0794851984,-1.03673405047
Lu,-1.60788171178,-1.98233937398
Norton,0.53790656135,-2.13989218278
Norton,1.76982240136,-2.32667553607
Said,0.345052751303,-0.94088739623
Said,0.201033732674,-0.881205187279
Seaga,1.80145203414,-2.02386050729
Currie,1.45569882948,-3.97657797527
Currie,1.29423619327,-3.47901821637
Currie,1.32071473527,-2.6724097123
Currie,2.05151801084,-3.71883770089
Edwards,1.1388143322,-1.97704189201
Edwards,1.38328812773,-2.55793486424
Edwards,1.65312317767,-1.37295431334
Rios_Montt,-0.829813250629,-0.548839054567
Yaima_Cruz,-1.2606746538,0.82119553439
Coparropa,-0.94300053471,-0.59442519912
Coparropa,-0.875199845238,-0.667347068174
Coparropa,-0.690331719348,-1.06539333673
Spina,0.343800682216,-1.94720020514
Repse,1.75727142485,-1.41252327603
Dmitriev,-0.955583352301,-2.71656119077
Hard_Forberg,-0.711483053366,1.0144315017
Larez,-0.177532205963,-1.09557481076
Chao,-2.26566572012,-2.10741112417
Stritch,1.65685470265,-1.95414578878
Bereznaya,0.605537153848,-1.39285330135
Bovina,0.207550146108,-0.977937394723
Bovina,0.150655658747,-1.38074281987
Bovina,1.83893884083,-1.6957573873
Dementieva,0.232853766223,-2.65622226272
Likhovtseva,0.175774476436,-1.58209438452
Tihomirova,0.214114116388,-1.72771178078
Baylor,-1.17643212991,0.6750240954
Hadji_Diouf,-0.29279457769,-2.50632950264
Karp,0.687009978355,-2.31361535497
Karp,0.223123137274,-2.16808209614
Karp,0.871611781518,-2.62937252832
Karp,1.71925138562,-1.81014484259
Attallah,1.179509225,-0.0462430291758
Broad,1.00764447174,-1.97988776672
Wood,0.60185046336,-2.61369087192
Wood,0.0936193837231,-1.78154556168
Wood,0.519413076206,-2.90401343282
Ingram,-0.563225160268,-0.23186090238
Nordegren,0.541942309822,-1.1692570268
Nordegren,1.11063983863,-1.71503264695
Caplan,-0.436354120191,-2.16974747012
Caplan,-0.312199980038,-2.33649749926
Spitzer,1.7241845573,-1.07816389492
Rosenbaum,0.355280946829,-0.677095010318
Schumacher,1.09568600139,-1.96191981962
Schumacher,1.7237113758,-1.87638010972
Welch,-0.610777032754,-1.21293575937
Cuthbert,0.593773266149,-1.6218520837
Stutsman,0.969064197704,-1.97070981102
Berkeley,1.01584780729,-1.69931241912
Dole,-0.0273400096986,-2.84781463743
Dole,0.629909590298,-2.0730517115
Dole,0.0376685586287,-2.20962843847
Dole,0.2077777366,-2.876857782
Hill,1.57046419673,-2.36692511648
Hurley,1.08740131336,-1.80377814297
Hurley,-0.0131760463308,-2.04349052382
Hurley,0.30083009248,-2.7050010842
Hurley,0.154006926618,-0.761819361641
Hurley,0.181279327206,-1.89861367104
Pena,-0.408166650395,-2.17207396154
Regan,0.68956875871,-1.54517051496
Shue,1.01900589492,-1.4429370131
Shue,1.42565981555,-1.87215099454
Smart,2.6146776481,-2.72261208289
Smart,2.0665967616,-2.27450209835
Smart,1.59317242588,-2.37141685763
Smart,1.89875410898,-3.25783978949
Smart,1.82911310758,-3.39607000267
Taylor,1.96171628552,-2.85109142846
Taylor,1.72803639118,-1.64473454696
Dushku,0.410970248908,-0.930605900863
Manningham-Buller,0.241048191107,-2.91055789499
Barkin,0.51963970847,-2.24281114854
DeGeneres,1.2322617743,-1.30267853276
DeGeneres,1.19214927531,-1.74865345623
Engleman,0.77151181125,-2.53753831604
Engleman,0.905478838517,-2.58571129572
MacArthur,0.341812685828,-0.808347318457
Martin,1.07297574185,-2.18070235685
Pompeo,0.666458704123,-2.86752252996
Saracini,1.42111229203,-2.18569786425
Mincberg,0.393227790165,-1.72258951132
Brok,1.1732815395,-1.29064784702
Bouchez,0.0133225841154,-1.85094047182
Gutierrez,-0.137452360202,-0.345085386404
Zylberstein,0.495360878394,-1.17098698544
Zylberstein,1.11950715976,-2.952761342
Zylberstein,1.20754600623,-2.28765437535
Zylberstein,0.934695554018,-3.34729136783
Zylberstein,1.30981795174,-3.00180172568
Zylberstein,0.645084770415,-2.18943730299
John,0.211159979369,-1.81377576455
John,0.694193120026,-2.46621801494
John,-0.134683639636,-1.55885421078
John,0.523810777279,-1.79193185049
John,1.11305701667,-2.71285690433
John,1.17964538462,-2.97172625156
John,0.415688976071,-2.32985681857
Hsiao,-0.791447449349,-2.7915195145
Costello,0.867868395976,-1.64829683389
Presley,0.691808138215,-0.333124223857
Presley,1.15915531335,-1.38300749893
Stojko,1.25688629352,-2.4931294168
Ginobili,0.719000438062,-1.57336184732
Ginobili,-0.0873949193585,-1.92072093206
Ginobili,0.786361821222,-1.12325367801
Ginobili,1.54936527495,-2.29752241347
Ginobili,1.64991734823,-2.73137083442
Loit,1.27976586389,-2.30135162934
Lahoud,0.777117123461,-0.769125837179
Azcarraga_Jean,-0.913973557836,0.202199065936
Botin,0.27687818919,-1.07374058136
Mason,1.54414910398,-2.02736891223
Mortimer,1.34074960223,-3.34707643366
Robison,1.47597679057,-2.12297177421
Robison,0.706643476851,-1.47258907929
Stevens,0.406628540158,-2.64526812975
Stevens,0.709609245235,-2.10723115091
Nicholson,1.44751545322,-2.18698720208
Filiberto,0.575529165992,-2.15538678761
Beart,0.807113603985,-2.0343475444
Beart,0.15007136407,-1.72120927978
Beart,0.975383064672,-2.4039210998
Jagodsinski,0.65826049377,-1.51953238684
Milingo,-0.857253067023,0.919645374368
Thompson,0.772831305686,-2.58392562022
Thompson,0.794497898022,-1.46101948814
Thompson,1.44735478789,-1.95919695593
Watson,0.904448615173,-2.63793630796
Watson,1.62909738283,-2.81328623848
Watson,1.34787253356,-2.52880835186
Watson,1.45509998253,-3.35818614488
Watson,1.19713654526,-3.40106906714
Smith,-1.28104222841,1.83335102979
Smith,-1.87023591064,2.09562570062
Rossum,0.851392965352,-2.31693283301
Jones_Parry,-1.03982558863,0.598044551579
Rice,-0.295285910348,-1.75503793657
Slaughter,0.448560827932,-2.22398518264
Fico,1.38774819568,-1.35544353661
Vendt,2.14882588581,-3.28291452009
Bolanos,1.08216724812,-1.69785949185
Bolanos,1.36146156873,-0.351730558705
Bolanos,1.02063125801,-0.915192162582
Bolanos,0.432410547819,-1.63960884552
Bolanos,0.708426037028,-1.87288812793
Haroldo_Gorriaran_Merlo,1.34564402137,-1.35052035571
Iglesias,-0.0311028627989,-2.22960461387
Medina_Gomez,-1.70176801889,1.33434221069
Oliu,1.71238818434,-2.94235936348
Bana,0.0376959629405,-1.10712550244
Benet,-0.955314892799,0.739808427746
Christian_Olsen,-1.41394342633,0.330242911382
Clapton,0.670587963486,-1.27003599365
Clapton,-0.339708463965,-0.35180262888
Daze,0.503746044289,-2.8335835304
Dubin,1.23116641812,-2.02306149484
Fehr,1.45351627673,-3.03971455238
Hinske,0.73908264936,-1.07810700753
Hinske,0.848121761272,-2.14010736144
Idle,0.90555178697,-1.23335666208
Barkley,-1.69933771555,0.00489662441116
Lindros,1.26596580442,-1.9654210274
Lloyd,1.05220606475,-1.93852110886
Robert_Rudolph,-1.37988440787,0.687932785103
Robert_Rudolph,-1.90972724174,0.219389480458
Robert_Rudolph,-1.8897159109,1.33392414873
Rosser,1.26321194282,-0.843229559432
Rosser,1.84319789152,-2.25615035105
Ryan_Donnelly,-0.86488667414,1.48295620063
Schacht,1.86025336856,-2.21796433715
Shinseki,-1.06961543642,-1.15559404323
Snow,-2.21268935688,0.511843714981
Staal,1.11905258336,-2.27888760242
Taino,-0.435342065536,-0.0187824648489
Vigouroux,0.665411417819,-1.9026750733
Wedge,1.16755279839,-1.42514047461
Christensen,0.879934713097,-2.31867841844
Christensen,1.3332285839,-3.45787305329
Harold,0.755744132208,-1.3539561551
Harold,0.890644533572,-1.58261271921
Harold,0.354071947788,-1.73202021688
Harold,-0.54527309705,-2.02822105576
Harold,0.614817158666,-0.540019990027
Reyes,-0.0896500145338,-1.15342985925
Morales,-0.202517399207,-2.46153583888
Morales,0.594513060612,-1.64130922478
Morales,0.614706584127,-0.384584233178
Tamura,-0.18721471783,-3.67948015093
Brockovich,1.65485893046,-2.34648551071
Hershey_Presley,-1.4810942891,0.33886549404
Runnion,0.65329781155,-1.95002369393
Runnion,0.985528759253,-1.44710143231
Runnion,0.961007476269,-1.71494405247
Runnion,1.90843265548,-2.72723796984
Hollings,0.285717066049,-1.68470001362
Zedillo,0.911537104802,-1.16827044622
Zedillo,1.05016715791,-1.94112534747
Els,0.525702188818,-1.37659582621
Els,0.555528235883,-2.33262819148
Els,0.257608613731,-1.20301014405
Els,1.51952565949,-1.54518816958
Eves,0.214036197611,-1.29592874595
Eves,1.41351918995,-2.04440878407
Fletcher,0.841525105766,-1.53900958994
Fletcher,1.22034655681,-2.25868859016
Grunfeld,1.66126192477,-3.14876786885
Harwell,1.38205694524,-0.909644368661
Preate,1.31651144315,-2.28032949871
Stewart,0.786819476033,-0.742465688339
Bowles,-0.466915122383,-1.82960166046
Abdullah,-1.72562946,-1.01512943624
Mapasseng,-1.13361468904,-0.840879735212
Landzo,0.54810576471,-1.53841667339
Cordoba-Velazquez,0.836630644203,-2.04101580665
Warren,0.593577679298,-2.9510852271
Morris,-0.783700132035,-1.40521739157
Canadas,0.387017160349,-1.20740774794
Macklin,-1.10273523389,-1.72277929978
Hawke,1.85800726199,-2.40424630158
Hawke,1.4548054344,-1.96960759691
Hawke,1.73945624644,-2.26952074999
Hawke,1.38523231728,-2.24945169715
James,0.0240784104168,-1.04526266892
Melnyk,0.661687114952,-2.98740857098
Teslovic,1.71636655512,-2.10503925691
Barber,-1.45272363588,1.63555962362
Barber,-1.27177251408,1.68734633079
Guterres,-1.94059826244,-2.05773258143
Amurri,0.738320284487,-2.09047122998
Dimas,0.795190864676,-0.655825587125
Dimas,0.318609715672,-1.59000969236
Herzigova,1.12152245135,-1.0435485358
Marie_Saint,-0.971869663323,1.82924111883
Mendes,-0.179490748571,-1.26261725969
Holyfield,-1.64946084494,1.07739991965
Holyfield,-0.644375032344,0.54956159155
Marriott,0.543152180117,-1.93356765162
Rachel_Wood,-1.97891274045,1.28686388079
Rachel_Wood,-1.51360842553,1.06389469201
Rachel_Wood,-1.50563307917,1.46469125998
Ensler,0.00588498346189,-2.41299595823
Lauder,0.117310238586,-3.05256528907
Pelletier,0.312284241887,-0.979932542003
Pelletier,0.301686966907,-2.19787162458
Plushenko,1.31326261613,-3.10898113451
Lazarou,0.58929364224,-2.03080696476
Morales,-0.747157344946,-2.9801030509
McGregor,1.06509568622,-2.74553479897
Vargas,-1.35232770816,-0.676917690544
Zuluaga,0.207577808597,-1.5573241716
Zuluaga,0.74031137589,-1.99024540631
Santoro,0.404237376785,-0.887563467398
Santoro,0.171634215222,-1.60088286783
Santoro,1.93621177263,-2.31569719713
Oberto,1.37266238754,-2.45598494102
Iqbal,-0.33491322904,-2.43553271683
Saleh_Hayat,-1.40524508298,-0.619335238838
Wong,-0.751544896452,-0.947064743768
Ragoonanan,-1.48090252075,-1.51274895703
al-Sharaa,0.484707309428,-2.07977500834
al-Sharaa,1.15637733012,-1.90674459782
al-Sharaa,0.319985979612,-2.04245672074
Kaddoumi,1.38857857789,-1.63454478212
Kusibeh,-0.339954954575,-2.77430711936
Limaj,1.71170256351,-2.66670861898
Alibocus,-1.37099356267,-0.788626383285
Dunaway,0.456774797248,-2.13517508397
Dunaway,1.67523166814,-2.67775790695
Dunaway,0.529668763407,-1.3773126209
Wong,-1.42822961944,-2.15200180425
Mekdad,0.156943388021,-1.70582554037
Mekdad,1.02920913432,-2.1608858866
Mekdad,0.645251743193,-1.66376049362
Mekdad,0.704348225703,-2.39693817605
Mekdad,-1.38923329467,-1.97895073427
Castelan_Sayre,-0.978667763657,-0.271896302497
Fellini,0.935909869654,-1.38509735884
Trillo,0.643482900238,-1.63141554427
Trillo,0.694497050481,-2.21909686951
Trillo,0.936341194737,-1.94691051849
Lopez,0.928115524647,-2.52075039525
Huffman,0.862267363332,-1.16164819999
De_Borbon,-1.85741778642,1.9734362213
Fernandez,-0.623551725789,-1.80314899081
Perez_Roque,-0.943697766383,0.204088110235
Perez_Roque,-1.3380078706,0.64433059065
Perez_Roque,-1.55445369835,0.364366197808
Perez_Roque,-1.1339840893,0.596392886223
Doh,-1.10770672523,1.53297257075
Mantilla,0.234343781683,-1.15619250713
Mantilla,0.744789265556,-1.96131254621
Sanchez,-0.771884635391,-1.00625143421
Trinidad,-0.662591048285,0.600139785865
Madl,0.935319707524,-2.60722997784
Madl,2.25085722666,-2.05953992489
Alonso,0.19164214534,-1.54213251199
Gonzalez,-0.293485015382,-0.0948887322565
Gonzalez,0.329410829382,-1.49803394652
Gonzalez,0.319342553416,-2.0621819258
Gonzalez,-0.374986136427,-1.9279511071
Gonzalez,0.461452466304,-2.20256516449
Gonzalez,-1.25907134444,-2.62714066903
Gonzalez,-0.110641512406,-2.0474697348
Gonzalez,0.0263299963541,-2.38509079939
Gonzalez,-0.257066152929,-1.75583467613
Henrique_Cardoso,-1.43527534776,1.12513436893
Henrique_Cardoso,-1.06416552197,0.157764788522
Henrique_Cardoso,-1.38211099282,0.767584199211
Henrique_Cardoso,-1.84039213079,0.804404273595
Henrique_Cardoso,-0.0537165712054,-0.480825120485
Henrique_Cardoso,-0.830052858751,-0.0447053305729
Henrique_Cardoso,-1.82261446947,-0.155978405634
Henrique_Cardoso,-0.586880791021,-0.412345583878
Hierro,0.877367637319,-0.211760829171
Leon_de_Aranoa,1.30726865901,-1.3443723618
Sanz,-0.00624590783672,-1.53185274799
Valenzuela,-0.426090687244,-0.853432346751
Vargas,0.421268115847,-1.79406281134
Vargas,0.137437538527,-1.62856086489
Vargas,0.385756736435,-0.56637363896
Vargas,0.27667537877,-0.404398786739
Velardez,0.66111522197,-1.47440013517
Mogae,-1.20537812568,1.41481310371
Castro_Daiz-Balart,-1.23282047143,0.519183058124
Castro,-0.255619092908,-0.518411014649
Castro,1.08523424809,-1.15810056678
Castro,0.636423886541,-1.19573739556
Castro,-0.627052536851,-1.91584859945
Castro,0.920674407641,-1.64665798484
Castro,0.98608997557,-1.67436446146
Castro,-0.480409612935,-1.18792386564
Castro,0.355338471213,-0.320956415873
Castro,0.40877125335,-0.831513894677
Castro,0.835046768064,-0.987289612226
Castro,0.125578397216,-1.6345422523
Castro,0.481896543357,-1.33856236075
Castro,0.395587986502,-2.23177751195
Castro,-0.374954844666,-0.685594177037
Castro,0.391508221137,-1.15308067019
Castro,0.261907321079,-1.75329282552
Castro,-0.369259332727,-1.26149722194
Castro,-0.17660254428,-0.992213056286
De_Winter,-1.44513882379,1.53104882451
Inzaghi,0.771813698724,-1.78564934182
Inzaghi,0.184430065357,-1.25494142985
Inzaghi,-0.644438774844,-1.97294929356
Volandri,1.19509285084,-1.65619649346
Milne,0.806540233108,-1.69971582107
Delaroli,1.02804389514,-2.49240355206
Delaroli,0.292011442618,-0.958499536832
Pennetta,-0.853818204981,-2.0594083986
Cobian,0.992527159624,-2.30904628446
Kirchner,-0.0233400477019,-2.04869846359
Macri,0.33414015276,-1.21114100891
Montulo,-1.174889648,-1.20453101943
Montulo,-1.42870854595,-1.41913912985
Keith,0.186205078822,-1.1379970255
Mayweather,-0.755061531511,0.47474306215
Totti,0.0314771743244,-0.537146764265
Fisher,0.24148795564,-2.70077316752
Fisher,0.845454279816,-0.00726509851606
Flores,-1.15425974942,-1.59768224704
Flores,-0.466278526175,-1.77202403555
Flores,-0.246728072685,-0.582142104624
Flores,-0.215966721896,-1.95557045364
Garcia,0.654568729304,-1.93920166949
Collins,0.948176705221,-1.78640842184
Maturana,-0.981508072829,-0.0244425685773
Santos,-0.0344799552223,-0.926144860924
Urenda,-0.37551738297,-1.79238262007
Crick,1.47838482535,-1.64592667987
Ford_Coppola,-1.94176939097,1.17147029367
Ford_Coppola,-1.15810100195,0.408676608899
George,0.0763116193547,-1.58900008207
George,0.56150369738,-1.05462398548
Mer,0.167048618125,-2.80717147798
Mer,0.981151717732,-2.55339957115
Ricciardone,0.433416851535,-0.42263671819
Cerutti,0.395173178091,-2.21396907969
Cangele,0.264543402876,-1.58565425281
Dragone,0.0502721445098,-1.55239847469
Dragone,0.502235215269,-1.05298846183
Frattini,1.43240174302,-1.86728513857
Botha,1.03812242638,-0.62145447088
Ozon,1.26803450984,-2.31675480736
Pienaar,1.08127748323,-2.29241388794
Drescher,0.297923717426,-2.0908690316
Drescher,-0.0624762934316,-3.31389609459
Abagnale_Jr,-0.49800592877,0.63608087602
Beamer,1.63649247324,-0.811147070394
Bell,1.57323843718,-0.927646171139
Cassell,1.04615973778,-1.50701370637
Cassell,1.64062072752,-1.86169073194
Cassell,1.5280890162,-1.73976564139
Coraci,0.319651956141,-0.539010798179
Dunham_Jr,-0.647866577789,0.968927091378
Dunham_Jr,-0.705790640261,0.901056236739
Griswold,1.21431989626,-1.18908479491
Griswold,2.00234542014,-2.00755453733
Hilldrup,1.21848278017,-1.74412232461
Hsieh,-2.13800554097,-0.124831563899
Keating,2.6514694967,-1.89904342129
Lautenberg,1.24846995539,-1.78179076421
Lautenberg,2.11563558548,-1.68895745268
Brown,0.730207115866,-1.57548050875
Damann,-0.918850227699,-1.30755873723
Marshall,1.15944213729,-1.07526851734
Murkowski,0.776914456725,-1.54770452151
Simatovic,0.97544316256,-2.10860344169
Simatovic,0.275522724386,-2.55621697037
Pallone,1.24237038049,-1.75860725833
Schmoekel,0.716515965986,-0.509524211983
Shea,1.641548301,-2.51796414329
Sinatra,1.07874519249,-2.70206247506
Solich,1.7806884511,-2.49600262819
Solich,2.08064653862,-2.50634816693
Solich,0.907356669712,-1.25732369107
Solich,2.11860613134,-2.01162829554
Solich,1.77387584049,-2.23751069363
Stallone,0.506969317946,-2.93497972307
Stallone,1.32836224991,-1.19054799777
Taylor,0.215093686501,-1.64233490959
Van_Ecke,-1.81657868724,1.22131473665
Wycheck,2.59442374833,-2.19063622332
Zappa,1.89292561607,-0.880341280319
Beckenbauer,1.89485296964,-0.169897428207
Beckenbauer,1.93944433139,-1.7067294871
Fischler,1.71312658867,-2.38659311857
Fischler,2.13398918165,-2.17992674889
Fischler,2.36522115721,-2.12082418763
Fischler,2.51001094389,-2.53128859324
Gsell,1.14947754987,-2.35604568283
Muentefering,1.13069119832,-1.9939109898
Muentefering,0.49847380969,-2.27218438943
Muentefering,-0.186621652579,-0.726477269127
Black,0.997019577162,-1.43925286548
Durst,1.13723175864,-3.42251899194
Garcia,0.193996819062,-1.63736831612
Garcia,0.0158681118959,-1.33673377434
Vasques_Kinchokpe,0.227553282712,-0.541199557051
Eckhard,1.22403930963,-1.96016773301
Eckhard,1.77138565518,-1.69387216376
Eckhard,1.67117502541,-1.83749344165
Madden,1.08122409967,-1.94112628898
van_der_Wal,-0.910567621176,-1.65660012883
Funk,1.64511260841,-1.72594734774
Funk,0.845266624143,-1.69525472831
Huff,0.650492402811,-1.97170647578
Seaman,0.331351756079,-1.94943458228
Rogers,0.4313682283,-1.43073311052
Swan,1.14093775032,-1.72674581436
Thompson,0.921750943614,-1.04522652063
Thompson,1.59722492153,-1.79853733191
Thompson,0.419499006979,-1.15118166806
Wilpon,1.10911059977,-2.75584508374
Chan,-0.918766670602,-1.8859859902
Cho,-1.3801114539,-1.16222073606
Cho,-0.689563092793,-2.73492601413
Cho,-0.679490177353,-1.5259990291
Cho,-1.01969419932,-2.67636729671
Cho,-0.988094499995,-1.63545771296
Cho,-0.964793397631,-1.33467282332
Mitarai,-0.924692100314,-1.13088013564
Zimmer,2.0282074049,-2.33853473787
Batistuta,0.0348770586615,-0.410572446246
Batistuta,-0.270183876277,-1.43772610897
Farhi,0.244008584885,-1.51128390269
Hughes,-1.49096589759,1.14174945035
Jorge_Ferreia,-1.67294598449,0.512801868942
Bo,1.20438563238,-0.741804965464
Rose,0.891972374598,-2.01190001605
Union,-0.55781639523,-0.684566528277
Valdes,0.945591512744,-2.26841929169
Valdes,0.51962686248,-1.13159207842
Garcia_Bermal,-0.898564441182,0.0949237736703
Leon_Garcia,-1.36220282051,0.736501610856
Rowell,1.50707704157,-2.88947272248
Qiang,0.181063488034,-0.177603705357
Qiang,-0.0979587844065,-1.08209114253
Alejano,-1.11844883315,-0.566786252839
Kasparov,0.599567201267,-1.68927706188
Kasparov,-0.126016899759,-1.75412019477
McCoy,-0.713956881694,-2.10883150946
Trudeau,1.66893972639,-2.85099709451
Trudeau,1.09627900477,-1.80363089785
Witherall,0.523271723785,-4.13637150339
Drabinsky,-0.196930433269,-1.27871761873
Barnett,-0.793081107093,-2.55111039357
Bauer,1.21127926066,-2.14486757186
Bergeron,0.716819655527,-2.69591412157
Bergeron,0.824317988809,-1.92406618287
Bettman,1.74317314808,-2.76603819768
Carter,1.24278494513,-1.31655624785
Carter,1.31419879877,-1.13154024131
Carter,0.597159287611,-0.520991935021
Coleman,-1.16513472869,-0.991560841427
Condit,1.21856121053,-1.65997850459
Dellaverson,0.377683610756,-1.72846928921
Doer,0.370074320897,-2.39622318746
Doer,0.84687916099,-1.96513064781
Doer,-0.00410208927539,-0.428231170444
Forsee,0.71053480572,-1.90481592087
Forsee,0.456017068335,-1.56750343222
Gero,1.44947193218,-1.75648699072
Gitnick,1.82246939042,-1.78905281772
Leon_Ridgway,-0.817658249775,0.601369312707
Locke,-1.16775558289,-2.91315760291
Locke,-1.55255298086,-2.73213956129
Marshall,0.0946736912576,-2.34740016761
Paer,0.558819954032,-3.13344740121
Sayler,0.960891302058,-1.86665996358
Sinise,0.444347390819,-2.4369081413
Stevens,1.18839150689,-1.40175926888
Williams,1.66730847796,-2.41630570701
Williams,1.20136496491,-1.24793586917
Winnick,1.15452242316,-2.40807041707
Winnick,1.59047927727,-2.06164907269
Gaudio,-0.0440977470287,-1.2028070752
Degraw,1.23650466821,-2.48232708437
Arthur,1.85705047549,-2.63172684884
Davies,0.876088549725,-0.926153496289
Autry,0.226241856708,-1.88330322734
Hackman,1.45001403949,-1.69172247395
Keady,1.12593934909,-1.58889815501
Orza,1.26800005305,-2.18533958276
Robinson,-0.155991245499,-1.73999058198
Robinson,0.474934801889,-1.74239310648
Robinson,1.11568694558,-1.52203060459
Robinson,0.461250208204,-0.570161196771
Robinson,0.983654039648,-1.87689872674
Sauers,0.209151987547,-1.96371300212
Meredith,0.962065185068,-1.88667670219
Flowers,1.25300451048,-3.30086887944
Auriemma,0.619683464079,-2.7724185249
Auriemma,1.21240323946,-2.61458331671
Dixon,1.32015914291,-1.77354488568
Hoon,0.136730937797,-1.64743811111
Hoon,1.54776763417,-1.69732554519
Hoon,0.910811459863,-2.338079142
Hoon,1.43146594649,-2.50710770756
Hoon,0.638965241343,-2.13724591483
Hoon,0.365139683247,-2.31938206644
Hoon,1.39987958617,-2.21978433821
Davis,-1.64178388662,1.19773247054
Rush,1.55839101167,-2.17873288258
Allen,1.6040089921,-0.529900540736
Blaney,1.19199182988,-2.11507130883
Bovell,0.475448809752,-0.696420703455
Brumley,1.14804324112,-1.91178382624
Brumley,1.23196202148,-0.417426487357
Brumley_III,-0.668065710564,0.360643784865
Clooney,0.891567695944,-1.29166892008
Clooney,0.587886584911,-2.977612565
Clooney,0.678580918449,-2.79654122987
Clooney,0.99208562753,-0.785713227008
Clooney,0.337491599172,-1.74220427379
Clooney,1.34050934789,-2.13522267372
Clooney,0.681382228682,-3.12722874154
Clooney,0.736819109702,-2.00058066052
Foreman,-1.83505748311,0.652132796236
Foreman,-0.773581683076,-0.470140200066
Galloway,0.929072025051,-1.39840784853
Galloway,1.65416500817,-1.46965484123
Galloway,1.26710729569,-1.54699172027
Galloway,-0.211857707007,-1.281418387
Gregan,-0.966078826755,0.351881136217
Harrison,0.788087895105,-2.33213497249
HW_Bush,-0.836360292105,0.909554066907
HW_Bush,-1.91405310949,2.51024968616
HW_Bush,-1.39616291332,0.636715380411
HW_Bush,-1.75116220939,2.34706488806
HW_Bush,-1.83818706342,1.63398437852
HW_Bush,-1.89431038098,1.92056195189
HW_Bush,-1.52869014227,1.29792498434
HW_Bush,-1.94575178218,2.14158085588
HW_Bush,-1.38469087505,0.408212042355
HW_Bush,-2.36415411354,1.6972014605
HW_Bush,-1.72252301224,0.811925697791
HW_Bush,-1.84617270403,1.93580527277
Karl,1.41528485915,-1.84393098323
Karl,0.843007443412,-1.01192890093
Lopez,-1.40487889762,-1.18024444724
Lopez,-1.72395956696,-1.66134754312
Lopez,-1.13010544823,-2.40609846619
Lopez,-1.29043652139,0.836515036886
Lopez,-1.34801168499,-0.129470677463
Lucas,1.22507630459,-2.20347494907
Maxwell_Richards,0.847326261058,-1.8058038808
McCloud,-1.96516704463,2.1238059028
Murphy,1.31741330213,-1.54184201141
Papandreou,1.298285408,-2.23705664272
Papandreou,1.02996503379,-2.45607242543
Papandreou,1.31172283051,-1.76443694741
Papandreou,1.61528196434,-2.31893800326
Pataki,0.532377130109,-0.896424399239
Pataki,0.0966464447709,-1.89759753569
Pataki,0.805813221111,-1.05648772916
Pataki,0.0516354189277,-0.470357535669
Pataki,1.1731126818,-1.96935944653
P_Bush,-0.380606218275,0.650387556672
P_Bush,-1.17684426315,0.225165080795
Plimpton,1.17847938729,-0.176943525657
Robertson,1.30993433515,-1.85261745418
Robertson,0.74842601929,-2.77247597505
Robertson,0.86639654525,-2.3800625891
Robertson,1.28668502837,-1.83035274334
Robertson,1.6426921616,-3.05707576632
Robertson,0.832890822321,-2.84452560149
Robertson,1.18027806048,-2.75995054435
Robertson,0.876018304121,-2.73360992736
Robertson,1.1121386802,-1.22825752503
Robertson,1.11402377095,-2.71208092136
Robertson,1.4006984948,-2.43481971048
Robertson,1.19755199946,-2.23241773798
Robertson,0.830146040973,-1.88718925373
Robertson,0.792672812552,-1.1404999885
Robertson,1.63243424433,-2.98919398432
Robertson,1.03645774818,-2.53204237482
Robertson,1.36202634515,-3.25151402203
Robertson,1.03488481859,-2.63977589117
Robertson,0.959845913117,-1.9614509586
Robertson,1.70014262457,-3.43008125753
Robertson,1.6697986473,-2.36882965832
Robertson,0.634325062725,-0.109349973675
Roy_Hill,-0.888855780839,-0.0778446474462
Roy_Hill,-0.978150219922,-0.548635959462
Ryan,0.998282975,-0.204941677637
Ryan,0.343782406165,-0.77767309111
Ryan,0.0665394267764,-1.27324634701
Ryan,1.28452134506,-1.38968319371
Tenet,0.646965470321,-2.13651853835
Tenet,0.390621564244,-1.16140763485
Voinovich,0.443558555252,-1.50670565802
Voinovich,0.949360911447,-0.557969792008
Voinovich,1.36172060478,-0.01680427106
W_Bush,-2.0922933145,1.91280608159
W_Bush,-2.23158290186,1.40878886233
W_Bush,-1.64699189695,0.700887722991
W_Bush,-1.73395745837,2.29666812448
W_Bush,-1.56152607461,1.69866819642
W_Bush,-1.42985299333,0.966714750695
W_Bush,-0.430165136902,0.284946146955
W_Bush,-0.881265630444,0.753807494955
W_Bush,-1.29986355367,1.83754548187
W_Bush,-1.90341370872,1.99082948097
W_Bush,-1.5425985038,1.80350869179
W_Bush,-1.07734367855,0.851563576898
W_Bush,-2.39850905356,2.1103659799
W_Bush,-1.36933933779,1.31369158299
W_Bush,-1.49927562251,1.59503908425
W_Bush,-0.693691594455,1.00039426863
W_Bush,-0.865416322577,0.471340774531
W_Bush,-2.15460438996,1.54237453368
W_Bush,-1.64842856294,0.91502430361
W_Bush,-1.50545721067,0.821927725682
W_Bush,-1.71084662301,0.940319414659
W_Bush,-1.29754723132,0.847459779257
W_Bush,-1.37843103329,0.809132285248
W_Bush,-1.25527199075,0.739687293624
W_Bush,-1.27901894801,1.47142482486
W_Bush,-0.525940979146,0.913063318259
W_Bush,-1.96138742924,1.14167839682
W_Bush,-2.19517232676,1.01841527427
W_Bush,-1.68279487992,1.49034095545
W_Bush,-1.1323310246,1.32776278583
W_Bush,-1.02431303484,1.04723872949
W_Bush,-1.82301555258,1.53052072352
W_Bush,-1.23291000933,1.71938797439
W_Bush,-1.86923439103,1.44483304852
W_Bush,-1.05248628824,0.887771317854
W_Bush,-1.64243284074,1.22914026604
W_Bush,-1.50842540333,1.4932073361
W_Bush,-0.931942892104,1.52565309947
W_Bush,-2.61058735873,1.41900285059
W_Bush,-1.59883277851,0.905998830786
W_Bush,-2.41128694439,1.35621696786
W_Bush,-1.58862783445,1.78952739188
W_Bush,-2.07117405148,2.02036786969
W_Bush,-1.27853863375,1.54012283551
W_Bush,-1.25179346514,1.10647132554
W_Bush,-1.165340619,1.58464125829
W_Bush,-1.61967454268,0.766429558039
W_Bush,-1.58319739048,1.42131662509
W_Bush,-1.84731762084,1.12490423035
W_Bush,-1.12578447629,1.41928299745
W_Bush,-1.66482229689,2.04631608354
W_Bush,-0.626139315709,1.25980826732
W_Bush,-1.16855882015,0.890094742884
W_Bush,-0.974023333252,0.0796035322348
W_Bush,-1.19143579215,1.269325005
W_Bush,-2.06407424125,2.37476095816
W_Bush,-0.949321197574,0.861948703813
W_Bush,-1.34965144101,0.449497011946
W_Bush,-0.397771355538,0.217655734642
W_Bush,-1.45923556763,0.851994512258
W_Bush,-1.6512246637,2.08202279991
W_Bush,-2.09357671977,1.64379288664
W_Bush,-1.08815915884,1.40614360413
W_Bush,-2.28261072727,1.83597735191
W_Bush,-0.833022237953,1.1675512826
W_Bush,-1.43272579092,1.02659334248
W_Bush,-1.33052331153,1.57561243095
W_Bush,-1.00537773783,1.68568026999
W_Bush,-0.530821075079,1.05115512259
W_Bush,-1.60545936462,1.13188153469
W_Bush,-2.13708493487,1.58502372428
W_Bush,-1.7138177446,0.850137247328
W_Bush,-1.50513074413,1.86835432891
W_Bush,-1.91311736894,1.01400526864
W_Bush,-1.77409389962,1.76750202902
W_Bush,-2.41094435576,1.19136325721
W_Bush,-1.73074689458,1.3730246116
W_Bush,-1.93951346898,1.40430884249
W_Bush,-1.28153385437,1.08746705197
W_Bush,-1.72272030732,1.98142123222
W_Bush,-1.79338393838,2.08382308015
W_Bush,-1.19507092063,0.598662098559
W_Bush,-1.45035003716,1.29150731781
W_Bush,-1.70241888264,1.27155955357
W_Bush,-1.69361878121,0.93357904337
W_Bush,-1.16444476266,1.09946181899
W_Bush,-1.595429732,0.326715226094
W_Bush,-2.21844083053,2.313943646
W_Bush,-0.989830712609,0.844390223032
W_Bush,-1.63858379632,1.2100414797
W_Bush,-1.75804490929,1.38454102916
W_Bush,-1.70046258512,0.0824730192777
W_Bush,-1.60755931115,1.34531847507
W_Bush,-0.794970619388,0.330219569618
W_Bush,-1.28106182207,0.63101864476
W_Bush,-1.79099048414,1.82475187043
W_Bush,-2.7109833041,2.26717340282
W_Bush,-1.37623871199,1.03632373831
W_Bush,-1.75848639064,1.35427235615
W_Bush,-1.30953319176,1.07053464838
W_Bush,-1.23705253959,1.37338766413
W_Bush,-1.94838521925,1.36290604785
W_Bush,-1.54273617235,0.258078197467
W_Bush,-2.16200240326,1.95878797621
W_Bush,-1.10951993599,0.922844810505
W_Bush,-1.56899653692,1.20271842446
W_Bush,-1.38802954847,1.69452163661
W_Bush,-2.16998770364,1.73144993781
W_Bush,-1.38833130752,1.25231510671
W_Bush,-1.25724639721,1.15372761744
W_Bush,-0.947387930665,0.941509549205
W_Bush,-0.782598471946,0.577495359327
W_Bush,-1.01816320662,-0.207167690661
W_Bush,-1.5531381529,2.08938828429
W_Bush,-0.774410204883,1.10086254667
W_Bush,-2.04428242419,1.04205913681
W_Bush,-1.54623796474,1.39115680926
W_Bush,-1.12149214605,0.625748965657
W_Bush,-1.42225473909,0.893701112119
W_Bush,-1.40261973951,1.48065258452
W_Bush,-1.57071487444,0.871782396408
W_Bush,-1.46402909469,1.57219912472
W_Bush,-1.9134938117,1.89151116173
W_Bush,-1.29373703061,1.18490972933
W_Bush,-0.894282535532,1.31277161257
W_Bush,-1.7582838682,1.63322342734
W_Bush,-0.831321768641,0.383817701865
W_Bush,-1.06587057167,1.47994948263
W_Bush,-1.60814571702,1.08960367939
W_Bush,-2.02623100889,1.87591481579
W_Bush,-1.09579875396,1.11430514466
W_Bush,-1.71857952264,1.56113058541
W_Bush,-0.824600244066,0.780996718086
W_Bush,-1.80825897131,1.58329923612
W_Bush,-1.15679598746,0.9986607353
W_Bush,-0.961113851949,1.26379662008
W_Bush,-1.05304853927,1.82731878711
W_Bush,-0.572668772056,0.593684672069
W_Bush,-2.21723914193,2.11471341262
W_Bush,-1.11436161008,1.29688749519
W_Bush,-0.852544400545,-0.654226118121
W_Bush,-1.43637455636,1.45337787609
W_Bush,-1.1327794553,0.101747792937
W_Bush,-1.90293216913,1.37028294017
W_Bush,-1.33087201468,1.82991090556
W_Bush,-0.933577189962,1.4508572969
W_Bush,-1.06757244857,0.396197256777
W_Bush,-0.298566337329,0.475054046656
W_Bush,-0.867526345459,0.859755916228
W_Bush,-1.48109848365,1.28701841117
W_Bush,-1.89632998747,2.08031877497
W_Bush,-1.10348666897,1.32287250919
W_Bush,-0.852691202808,0.149288999284
W_Bush,-1.35088794781,1.1033045422
W_Bush,-1.45542083676,1.98866563643
W_Bush,-1.63221976499,1.21168371487
W_Bush,-2.31568380465,2.03055668089
W_Bush,-2.34227980389,1.1516657637
W_Bush,-1.46966242262,1.75253586167
W_Bush,-1.38026139005,-0.0514028857271
W_Bush,-1.95837784505,1.16104045846
W_Bush,-0.68341692853,0.213447602146
W_Bush,-0.88540728547,0.727209925587
W_Bush,-0.490821306998,0.466024821616
W_Bush,-1.86434846461,1.62051236896
W_Bush,-0.860067154465,0.732418582693
W_Bush,-1.14928283222,1.1535976158
W_Bush,-0.614880287308,1.16220494483
W_Bush,-1.87817108209,1.52101041863
W_Bush,-0.401569567614,0.484966284449
W_Bush,-0.958198457126,0.352915894998
W_Bush,-1.02784203282,1.22643577097
W_Bush,-1.72796879334,0.975411109362
W_Bush,-1.41824707576,0.955603966958
W_Bush,-1.46681910185,1.94873665711
W_Bush,-1.46146506667,0.745389384882
W_Bush,-1.12273317626,1.41923762697
W_Bush,-1.84903832493,0.116511493865
W_Bush,-1.15926716371,0.865299749031
W_Bush,-1.30002079532,0.989262364848
W_Bush,-0.883944219658,1.22596916833
W_Bush,-1.54946046666,1.34438192054
W_Bush,-1.60880095488,2.32704409161
W_Bush,-1.31831916569,1.42521300612
W_Bush,-1.54804724175,0.712696479619
W_Bush,-1.50237869834,1.38275849943
W_Bush,-0.988619485296,1.74044486988
W_Bush,-1.21838690263,1.06370826868
W_Bush,-1.28888883214,1.03300682896
W_Bush,-0.962809456503,1.24922879109
W_Bush,-1.6409072584,1.62769177333
W_Bush,-0.864433816044,0.787911543469
W_Bush,-1.58667552824,0.885704401154
W_Bush,-1.36510744967,1.09082452729
W_Bush,-0.122885761736,0.124824466574
W_Bush,-1.32956768234,1.79695028021
W_Bush,-1.71111599172,0.613996640424
W_Bush,-2.25183357215,2.02168687463
W_Bush,-1.91685802693,1.4626431123
W_Bush,-1.72985790953,0.802926032511
W_Bush,-1.04121292718,0.601530984301
W_Bush,-1.41015774678,1.64893546502
W_Bush,-1.27758326668,1.75177832076
W_Bush,-1.3191345282,0.7207357834
W_Bush,-1.40662251602,1.18280044401
W_Bush,-1.81731217399,1.75109152125
W_Bush,-1.61679011726,1.33686788237
W_Bush,-1.10691991829,0.797173735884
W_Bush,-0.97987578161,0.507623883959
W_Bush,-1.07000143313,1.18281454961
W_Bush,-0.9936691383,0.247831314145
W_Bush,-2.44313864982,2.33211681594
W_Bush,-1.20262808443,1.56813661386
W_Bush,-0.397179366415,-0.0497639436901
W_Bush,-1.75000094322,0.858904469647
W_Bush,-1.12904859857,1.3166740468
W_Bush,-1.28110808202,1.31708451197
W_Bush,-0.897363212378,1.06548873764
W_Bush,-0.949117245511,0.992867521586
W_Bush,-1.68920774099,1.45434082743
W_Bush,-2.27423972848,2.08942549913
W_Bush,-1.51331336773,1.54186351469
W_Bush,-2.56657245843,1.71043115214
W_Bush,-1.03656860401,0.857712998945
W_Bush,-1.17029903672,1.38770822916
W_Bush,-1.28404254391,1.40703769952
W_Bush,-1.5926277779,0.940241260664
W_Bush,-1.39589279847,1.71058197952
W_Bush,-1.1175519655,1.27435023523
W_Bush,-1.39235592973,1.18787648369
W_Bush,-1.64164684733,1.64041440325
W_Bush,-1.72697515517,1.65389175024
W_Bush,-1.30253330666,1.02779007756
W_Bush,-2.08637964896,0.600148517855
W_Bush,-1.84595502726,1.58587023427
W_Bush,-2.05161941165,1.09698370774
W_Bush,-1.73810170821,1.04928156938
W_Bush,-0.818388196662,0.703590856891
W_Bush,-1.4952378984,1.30611429456
W_Bush,-1.40788994695,2.25369180052
W_Bush,-0.877360237606,0.317270717962
W_Bush,-0.419627716172,0.491587021361
W_Bush,-1.40367482369,0.86695897355
W_Bush,-0.534673010392,0.710414201337
W_Bush,-2.1120468037,1.95165077124
W_Bush,-1.22716154587,-0.22026463835
W_Bush,-1.79675859063,1.19220646348
W_Bush,-2.05759140528,1.2108076023
W_Bush,-1.54517565476,1.83857583582
W_Bush,-1.47871990781,1.3516407728
W_Bush,-2.17451912357,2.01491842192
W_Bush,-1.00138572099,0.461697519176
W_Bush,-1.86819038189,1.12944667825
W_Bush,-1.06800515433,0.134171911872
W_Bush,-1.05701265373,0.443292583382
W_Bush,-1.39194439145,1.39747635776
W_Bush,-0.395519781591,0.706124555214
W_Bush,-1.82113997508,2.29202553597
W_Bush,-1.06257900434,0.618346318123
W_Bush,-1.96978254071,1.62587441886
W_Bush,-1.08876624898,0.754275303677
W_Bush,-1.74937869211,1.8854521943
W_Bush,-1.14229689948,0.760074936806
W_Bush,-1.41239699917,1.03286649601
W_Bush,-1.48175210074,1.13207383318
W_Bush,-0.517066530182,0.461756412692
W_Bush,-1.01073398778,0.150887512575
W_Bush,-1.38891853613,1.28944013974
W_Bush,-0.778849011106,0.845650338952
W_Bush,-1.34293640368,0.527149769746
W_Bush,-1.92929971796,1.34926666186
W_Bush,-1.09058208264,2.14557781125
W_Bush,-0.899532540442,1.44552741788
W_Bush,-1.77251605071,2.19102198458
W_Bush,-1.50286143998,2.18212934512
W_Bush,-0.841545565495,0.856458469049
W_Bush,-0.789210315342,0.374486205461
W_Bush,-1.0123654189,-0.388607921023
W_Bush,-0.897952892308,-0.159997956664
W_Bush,-0.658284583388,1.04019469342
W_Bush,-0.703561584954,0.468227766411
W_Bush,-1.90829262818,0.965146097646
W_Bush,-1.14868622156,1.22283003405
W_Bush,-1.73891433466,1.65485865157
W_Bush,-0.724229736363,0.901633461719
W_Bush,-1.45330654845,1.65036631622
W_Bush,-1.79029447675,1.48268916835
W_Bush,-1.29642116519,1.76597280165
W_Bush,-1.52519931861,1.36674591366
W_Bush,-1.56848635048,1.21647283049
W_Bush,-2.76628230366,2.12874771455
W_Bush,-1.4647644946,1.16783209128
W_Bush,-2.33795998604,1.91581044684
W_Bush,-1.3961103635,-0.652653473331
W_Bush,-1.40904971491,1.56137570272
W_Bush,-1.7858185322,1.44708729608
W_Bush,-1.75207025796,1.49929638935
W_Bush,-1.429484331,1.41773537128
W_Bush,-1.59470636727,1.16512541662
W_Bush,-1.43427650531,1.29356187531
W_Bush,-0.67360332651,0.759735681068
W_Bush,-0.616993347683,1.15490565412
W_Bush,-1.74073181651,0.985481851929
W_Bush,-1.66763439054,1.06335867825
W_Bush,-0.744484603234,-0.0914260438594
W_Bush,-1.14338542143,1.32808248244
W_Bush,-2.00654023846,1.06786531254
W_Bush,-1.18068140521,1.41734758799
W_Bush,-0.942259098301,0.94998802462
W_Bush,-1.49907093732,1.78477945879
W_Bush,-1.35939857775,1.81702146589
W_Bush,-0.944528214363,1.19571845987
W_Bush,-2.3762117767,1.90590030612
W_Bush,-1.34351793166,0.244431534046
W_Bush,-0.825663772039,1.364828152
W_Bush,-1.34962637949,0.996750584931
W_Bush,-1.09160767294,-0.873164659072
W_Bush,-0.173422789819,0.102196569728
W_Bush,-1.73031249156,1.17300394807
W_Bush,-1.4088702051,1.40181215813
W_Bush,-1.78014621545,1.43562145849
W_Bush,-1.31744096904,0.694622883217
W_Bush,-1.1119246533,-0.334126297625
W_Bush,-0.84836492048,0.230206086863
W_Bush,-1.05699357978,1.00953435688
W_Bush,-0.715768092071,0.969746490088
W_Bush,-1.97301443156,2.54404418301
W_Bush,-1.01244900213,0.369833936004
W_Bush,-1.00039119985,1.22720292498
W_Bush,-1.02055075896,0.360394526356
W_Bush,-1.03742522895,0.122413889782
W_Bush,-1.27603701122,1.3826751616
W_Bush,-1.17298000959,1.25821177309
W_Bush,-1.10137564197,0.912665247311
W_Bush,-1.07152971583,0.812709898069
W_Bush,-1.29344717536,1.32724328016
W_Bush,-1.53211856912,1.20960809748
W_Bush,-2.06935580849,1.89333355921
W_Bush,-0.695166563161,0.920987093242
W_Bush,-2.08057362047,1.51714952812
W_Bush,-1.39768232607,1.67704565075
W_Bush,-1.45493454049,1.49777876146
W_Bush,-1.40428155617,1.16374267278
W_Bush,-2.02588694633,1.68515514968
W_Bush,-1.14645131662,0.814377146229
W_Bush,-1.02351518117,0.690970488868
W_Bush,-1.75181772424,1.44279382274
W_Bush,-1.77766865886,1.07147543442
W_Bush,-1.25239987624,0.563787542074
W_Bush,-1.33707380267,1.39496127458
W_Bush,-1.79599568744,2.11616322025
W_Bush,-1.01979825112,0.419617670314
W_Bush,-1.19489284672,1.00772159836
W_Bush,-1.34328337369,0.386530258202
W_Bush,-1.4931467405,1.49872023693
W_Bush,-1.01157394507,1.75689325576
W_Bush,-1.6645065889,1.12543802385
W_Bush,-1.59611883877,1.02985935354
W_Bush,-1.91647342083,0.595733228331
W_Bush,-1.32260114702,1.44161861055
W_Bush,-1.75814527897,1.23525946347
W_Bush,-1.33899703508,0.861332545541
W_Bush,-1.7295275223,0.99232830899
W_Bush,-1.53684447374,1.84991953577
W_Bush,-1.32875348106,1.50671948316
W_Bush,-1.93356279535,1.8555237215
W_Bush,-0.861619652592,1.79919967689
W_Bush,-1.81250001156,1.67507357033
W_Bush,-2.07269670877,1.47242813455
W_Bush,-1.73360476222,1.25626425521
W_Bush,-1.97318218568,1.5663945782
W_Bush,-1.73219558881,1.55279241555
W_Bush,-0.560869591494,-0.308321220851
W_Bush,-1.3092470459,1.03304494721
W_Bush,-1.62671301509,1.88837106278
W_Bush,-1.88970359502,1.8361494618
W_Bush,-1.04866252112,1.0390742503
W_Bush,-1.96626124306,1.51208542779
W_Bush,-1.80462095964,1.44940237234
W_Bush,-0.660713005462,0.949009034473
W_Bush,-1.34908676104,1.67453816786
W_Bush,-1.34493421107,0.752945243998
W_Bush,-1.30616301883,1.38385367978
W_Bush,-0.925670016395,0.681705703731
W_Bush,-1.25320446803,1.74790141524
W_Bush,-1.11847336082,0.917778931342
W_Bush,-1.01534508068,0.718488029759
W_Bush,-1.89153189646,1.93734826999
W_Bush,-0.893893586194,0.545225805228
W_Bush,-1.14043767351,1.08850438274
W_Bush,-1.83670884842,2.20248373801
W_Bush,-1.75737128266,1.32380798298
W_Bush,-1.27931493893,0.196814562035
W_Bush,-1.26915689516,1.50249251256
W_Bush,-0.716867651952,1.15406260883
W_Bush,-1.3852789616,1.63339959858
W_Bush,-1.44573757278,1.26440953893
W_Bush,-1.20165467222,1.49853638738
W_Bush,-1.80960889694,2.34126567443
W_Bush,-1.47909756446,0.647196136223
W_Bush,-1.78348715545,0.774235398406
W_Bush,-1.72892244979,1.87986361667
W_Bush,-1.66237586775,0.659091006697
W_Bush,-1.15778961322,0.914544780986
W_Bush,-0.692773181226,0.471676639182
W_Bush,-1.02327911624,1.52481766743
W_Bush,-1.2432588466,1.14168378376
W_Bush,-1.74140409334,2.05520505865
W_Bush,-1.70368561254,1.96560632404
W_Bush,-0.956794922185,0.895635637348
W_Bush,-1.98683839266,1.82040044922
W_Bush,-0.795911106085,1.74110897859
W_Bush,-0.398214143155,0.130006285744
W_Bush,-0.873048089532,0.652038020509
W_Bush,-1.14469269434,0.907448146908
W_Bush,-1.3259931264,1.33862845971
W_Bush,-1.75743676231,1.59200575066
W_Bush,-1.08509132862,1.35713194124
W_Bush,-1.61356969573,2.16403993929
W_Bush,-0.473686975915,1.06886047687
W_Bush,-1.36138194075,1.65798204988
W_Bush,-1.35688022183,1.58195656931
W_Bush,-1.25426505141,1.77454752526
W_Bush,-1.55252500744,0.892066104429
W_Bush,-1.2932980434,1.33923781535
W_Bush,-0.943486407298,0.958459474331
W_Bush,-1.37781765604,1.07495188428
W_Bush,-0.625345160737,0.510971035683
W_Bush,-1.38304949574,0.699227231789
W_Bush,-1.67558575451,1.42349067026
W_Bush,-0.976408954452,0.412785949009
W_Bush,-2.07696145759,2.4059684709
W_Bush,-2.26145399197,1.55385249602
W_Bush,-1.26782970453,1.6672752355
W_Bush,-0.9376053508,0.863302830231
W_Bush,-1.48370833799,1.71662905926
W_Bush,-1.57289362433,1.4719471101
W_Bush,-1.70943005915,1.94868401338
W_Bush,-1.64247010695,1.37280090541
W_Bush,-2.21863790688,2.10133066759
W_Bush,-1.36508501746,0.718809423465
W_Bush,-0.957933109884,0.660645300586
W_Bush,-0.636211802956,0.894881446539
W_Bush,-0.808667424948,0.839228771766
W_Bush,-1.76165008936,1.36054164864
W_Bush,-1.84955437849,1.86396230752
W_Bush,-0.746995603348,1.02223871993
W_Bush,-1.01631020535,1.11987364025
W_Bush,-0.991642948725,0.820720107578
W_Bush,-2.29236045815,2.14934861658
W_Bush,-1.41541548303,1.75829092098
W_Bush,-1.27911862976,0.731380127661
W_Bush,-1.31735705027,1.79262092562
W_Bush,-0.742066115207,0.684521363555
W_Bush,-1.15858231725,1.09149798007
W_Bush,-1.10383617121,0.741663208676
W_Bush,-1.21892049813,1.09615374939
W_Bush,-1.97174710477,1.44272358553
W_Bush,-1.76993120735,1.09774728551
W_Bush,-1.48912621444,1.05009427647
W_Bush,-1.57621097521,1.92691841666
W_Bush,-1.09481706438,0.475875308871
W_Bush,-1.83273539781,1.12785332562
W_Bush,-1.0874006257,0.474407277421
W_Bush,-1.22164178247,1.98923078794
W_Bush,-0.150935092884,0.685191417348
W_Bush,-1.30354495186,1.98929318101
W_Bush,-2.08951874777,1.94447714271
W_Bush,-1.44605489006,2.4062735975
W_Bush,-1.85061525452,2.03711603533
W_Bush,-1.98395084494,1.64178078817
W_Bush,-1.23016770214,0.654490037261
W_Bush,-1.13404643818,1.43161231766
W_Bush,-1.53633817752,0.822363255052
W_Bush,-1.58008812269,1.04674035265
W_Bush,-0.68434778358,0.809986541197
W_Bush,-1.55750367402,1.39603732878
W_Bush,-1.3752768197,0.392918128169
W_Bush,-1.05119207729,1.08024857515
W_Bush,-1.37596435944,1.15083210163
W_Bush,-1.7361420602,1.32041623333
W_Bush,-0.323708758588,0.889421357104
W_Bush,-2.1886294023,1.30133961721
W_Bush,-1.19095936528,1.21362668219
W_Bush,-0.601384009439,1.0632350072
W_Bush,-1.40658756586,0.661949628332
W_Bush,-1.20601976518,0.985867409274
W_Bush,-1.54402183508,2.1890352374
W_Bush,-1.16880839426,1.27489186493
W_Bush,-1.02942956242,1.12715410806
W_Bush,-1.28470818598,2.22223089368
W_Bush,-1.5646118217,1.02878804125
W_Bush,-1.07501492808,0.791401775724
W_Bush,-1.61006550538,1.57080072557
W_Bush,-1.21728680981,0.797556976635
W_Bush,-1.82084445605,0.563410562166
W_Bush,-1.92168737489,1.34863049642
W_Bush,-1.28677323308,1.12389671419
W_Bush,-1.74241552723,0.95125619309
W_Bush,-1.51039114294,1.63642787772
W_Bush,-1.26297639501,0.77760515905
W_Bush,-0.855290576839,0.711780295074
W_Bush,-0.271668070049,0.833891998327
W_Bush,-0.649379605,0.721387031683
W_Bush,-1.37818150115,0.734621059711
W_Bush,-1.47900290995,0.9294898095
W_Bush,-1.32380325991,0.373555798036
W_Bush,-1.33185433125,0.441778426895
W_Bush,-1.0771376519,1.07688056749
W_Bush,-1.31367224076,1.22322276576
W_Bush,-1.68702187874,1.63901086545
W_Bush,-1.2444205746,1.63985240415
W_Bush,-1.75423987042,1.76714876843
W_Bush,-1.70670719697,2.08421002654
W_Bush,-1.36781023917,1.04510293554
W_Bush,-2.04886369576,1.7979674239
W_Bush,-1.99590253127,1.49736083989
W_Bush,-1.69495215275,1.76486249437
W_Bush,-1.77305202694,1.23556885081
W_Bush,-1.14566221072,1.24438621699
W_Bush,-1.45794492624,1.88442922062
W_Bush,-0.859296126042,1.21486586914
W_Bush,-1.88329843071,2.41693596284
W_Bush,-1.10465115844,0.290565677099
Giddings,0.0498530413032,-1.60455425346
Bardach,0.946757451221,-1.10574544184
Papin,-0.547123097894,-1.49829921016
Parvanov,0.492674053951,-2.33520209658
Parvanov,-0.413189198837,-0.912718778494
Lapentti,0.192548632159,-3.07452437457
Barbarito,0.355133880935,-1.4393882743
Calabrese,0.859582565077,-1.20959354299
Fitch,0.071190172958,-0.66846871973
Ford,1.43604259163,-1.57638843444
Chaplin,0.226244064706,-2.15372037102
Chaplin,0.452044812653,-1.90238467555
Chaplin,0.304624309942,-2.61930135654
Chaplin,0.182525089983,-3.77498642824
Rivera,-1.09771266107,-0.829291980844
Riley,-0.76285658797,1.03874118164
Butler,-0.00198836773692,-0.933009079445
de_Cortanze,-0.8968462695,0.526724743276
Depardieu,2.10878238672,-2.01952612788
Depardieu,0.970386263474,-1.44153392353
Kleisterlee,1.64668305833,-1.3046790678
Gambala,-1.12621834449,-1.55059023588
Gambala,0.045995865359,-1.70788068216
Tronche,1.38124647484,-2.17397599976
Boekel,1.01873049048,-2.03239032448
Schmid,0.738895204421,-0.962593631729
Schroeder,0.362125088409,-0.943775459879
Schroeder,1.10039957794,-1.0872540639
Schroeder,0.310501405625,-1.72481039291
Schroeder,1.16975397477,-1.66832956913
Schroeder,0.620996585864,-2.43846961959
Schroeder,1.41501924052,-2.14934480466
Schroeder,1.53421276446,-0.698650446413
Schroeder,1.74714555426,-1.46990064441
Schroeder,0.800255521757,-1.51232586447
Schroeder,1.48853710885,-1.24776164537
Schroeder,1.43829174699,-0.891191949937
Schroeder,2.1198211298,-2.28113959775
Schroeder,2.04610827246,-1.81586573878
Schroeder,1.29489426947,-1.25026140714
Schroeder,1.15449273388,-0.762511656492
Schroeder,1.56588530912,-2.4070647582
Schroeder,1.49208363995,-1.68609656863
Schroeder,1.50918452443,-1.4789003895
Schroeder,0.7647160928,-2.13884421158
Schroeder,0.977391445043,-1.48605013568
Schroeder,0.865932027051,-1.57306504386
Schroeder,0.567355590024,-0.526406141434
Schroeder,1.63786424643,-2.35852728449
Schroeder,0.914350731465,-1.07930961852
Schroeder,0.701432914757,-1.51592314103
Schroeder,0.613966488518,-0.595447619899
Schroeder,0.688242433249,-1.58037792406
Schroeder,1.7278695239,-1.66961180878
Schroeder,1.1018253087,-1.36699089708
Schroeder,1.32036375586,-2.94569119807
Schroeder,1.07073940592,-2.56419552262
Schroeder,1.29420948142,-1.77157776031
Schroeder,2.07014096009,-1.98275400904
Schroeder,2.02561461383,-1.42848780893
Schroeder,1.50870512753,-1.75125211708
Schroeder,2.39107421475,-2.27122507575
Schroeder,1.47011316877,-1.32582271752
Schroeder,0.426348125689,-2.23762607707
Schroeder,1.40827530018,-2.01852937821
Schroeder,1.34569583143,-1.50231888503
Schroeder,1.15509914222,-2.62842075555
Schroeder,1.36333489128,-2.28002077892
Schroeder,1.03601645131,-2.04552706975
Schroeder,0.366861555812,-1.67187267826
Schroeder,0.653126278343,-1.6982502164
Schroeder,0.699505653317,-1.32165225053
Schroeder,0.0946784527557,-1.34012241782
Schroeder,0.659132557805,-1.11599075957
Schroeder,1.13283018089,-1.85606033518
Schroeder,0.447710872802,-0.678251342572
Schroeder,0.838209384847,-1.09163996062
Schroeder,1.93074580708,-1.67868235306
Schroeder,2.0949709672,-2.12936866771
Schroeder,0.161445498776,-0.349596599265
Schroeder,0.86622183558,-0.333863820706
Schroeder,0.835883818647,-1.00381114456
Schroeder,0.270059115051,-1.38804818358
Schroeder,1.05940777356,-2.34968749362
Schroeder,1.20762380318,-0.810977127786
Schroeder,1.89883705166,-2.28090437933
Schroeder,0.179334485887,-1.94717685358
Schroeder,0.476864991487,-1.67409821889
Schroeder,0.742734191455,-1.74361602882
Schroeder,1.11329718799,-1.84601816974
Schroeder,1.40689174509,-2.07191174762
Schroeder,1.31047621461,-1.87673633842
Schroeder,1.42481656515,-1.06233028981
Schroeder,1.3037160718,-2.92379192424
Schroeder,1.14312216309,-1.73073826095
Schroeder,0.458537226546,-1.97705937011
Schroeder,0.61467532534,-1.67734708697
Schroeder,1.24835909243,-2.41897737426
Schroeder,2.13063654234,-2.30117268042
Schroeder,1.81629623477,-2.38277707553
Schroeder,1.51660678832,-2.52719396526
Schroeder,-0.0954150354928,-0.838717973784
Schroeder,0.245573027235,-2.30971280566
Schroeder,1.22469088814,-2.25445599105
Schroeder,1.53277774906,-2.86152807617
Schroeder,1.19048584263,-1.28860109664
Schroeder,1.46410156798,-1.30319399401
Schroeder,1.13436946093,-1.77131468239
Schroeder,1.20069654805,-1.9483418258
Schroeder,1.64137134094,-1.85598840983
Schroeder,0.804169339728,-2.29499578112
Schroeder,1.23815713725,-0.748225120417
Schroeder,1.21684085863,-3.49545104664
Schroeder,0.958420044896,-2.58617450174
Schroeder,0.844655572544,-1.89115008766
Schroeder,1.18789005908,-1.82662608064
Schroeder,1.59208642178,-2.08024714921
Schroeder,0.831445673612,-1.30117126411
Schroeder,0.726795507512,-1.87232192977
Schroeder,2.03613373038,-1.1920379123
Schroeder,1.92044747705,-1.82390061223
Schroeder,1.85288422649,-0.923910030607
Schroeder,2.03148060849,-1.55619453988
Schroeder,1.02006772675,-1.03796138881
Schroeder,2.68417920013,-3.1817260021
Schroeder,1.06857579727,-1.72162664729
Schroeder,1.7706771205,-2.15181287621
Schroeder,1.01040390277,-1.99738563532
Schroeder,0.793063936156,-1.96195828679
Schroeder,2.147346164,-3.56604866549
Schroeder,1.26664846337,-1.36091702632
Schroeder,0.500688766161,-1.11218604562
Schroeder,1.13897625304,-1.98022097067
Schroeder,1.85594277206,-1.79730649969
Khan,1.29529882609,-2.10292300751
Zalm,0.156934872297,-1.56711520846
Adams,0.249297882649,-1.38470992074
Adams,0.663987761339,-0.385756321746
Adams,0.988555455529,-1.89100224304
Adams,0.614816283936,-1.10088149458
Adams,-0.158371957973,-1.68768531512
Adams,0.118166785426,-1.56621578076
Adams,0.667932553152,-1.30139753015
Adams,0.344718778193,-0.895456743876
Kelly,0.787974957852,-0.829122724576
Parsky,1.06578625928,-1.51653449091
Parsky,0.859959295737,-1.9466744472
Elashi,0.593223610725,-1.61256135716
Aghazadeh,0.830630281189,-1.19796764495
Fisichella,0.885908262369,-2.07730808412
Marco,1.47949797385,-2.44340029453
Marco,1.78192737485,-1.14245885447
Marco,2.31228512908,-2.52685792998
Angelopoulos-Daskalaki,1.22587849248,-1.95200822921
Angelopoulos-Daskalaki,-0.064898397532,-2.72447727458
Angelopoulos-Daskalaki,-0.321083279906,-1.9639757024
Agnelli,1.39699178438,-1.07189570596
Facio,0.914568544565,-2.89269395374
Black,0.812543333955,-1.72282645906
Yago,0.19235866899,-0.443544984214
Rodriguez_Orejuela,-1.83571053776,0.669284501375
Rodriguez_Orejuela,-1.96654367098,1.55077957587
Rodriguez_Orejuela,-1.3180462739,0.018862294622
Rodriguez_Orejuela,-1.22587570925,0.68603479083
Simoni,0.231642538554,-1.60316629215
Cates,1.34209846609,-2.63339735414
de_Ferran,-1.25228358711,0.789812596926
de_Ferran,-0.931745057322,0.511303809603
de_Ferran,-1.56778176859,0.867759032679
de_Ferran,-2.27734275669,1.53915131029
de_Ferran,-2.07945491902,1.36302494555
Panizzi,1.02296677889,-2.68788624408
Anderson,1.32330291438,-1.28642946987
Anderson,1.62724709526,-2.86309450795
Centrello,0.266351249362,-2.37801728637
Gershon,-0.436444804902,-2.35628311791
Lollobrigida,0.967294345837,-1.93713325742
Torres,0.0421421647809,-1.78986858179
Cordoba,-1.34489913711,-0.159027684549
Bundchen,1.15164508285,-1.2545836867
Bundchen,1.20431528464,-2.28224515195
Estefania_Tavarelli,-1.24218697453,0.990131195984
Masina,0.433328608199,-1.93961796713
Andreotti,-0.134367726399,-1.25604908959
Gibilisco,0.320541853267,-2.39074421328
Gibilisco,0.904657311662,-0.963435535815
Gibilisco,1.69321134562,-2.0704056877
Morchio,0.75591341514,-1.88688507341
Clerides,0.845256802998,-0.266879028322
Clerides,1.77429834041,-1.61410690341
Clerides,1.60395077119,-1.43065847548
Clerides,1.72974909583,-1.33799111206
Clark,0.306403677401,-1.26456647094
DaSilva,0.203648278881,-1.44684225338
Plummer,-1.18697245585,-0.661978566681
Rivers,-0.245470207427,-0.960938294404
Tilton,0.920728954829,-2.23803075388
Sather,1.93693809477,-1.42902608906
Allred,-0.23638096946,-2.37646527313
Allred,0.474950650701,-2.35495053729
Gaynor,-1.31362343944,1.6302765724
Macapagal_Arroyo,0.545285610188,-0.338704911608
Macapagal_Arroyo,-0.0339763586728,-0.696121212027
Macapagal_Arroyo,-0.674448929946,-0.00892296201769
Macapagal_Arroyo,0.455778748807,-1.22329399401
Macapagal_Arroyo,-0.244806144735,-1.00072991496
Macapagal_Arroyo,-0.19644443357,-0.583371734105
Macapagal_Arroyo,-1.14417293951,-0.495628908591
Macapagal_Arroyo,-0.137144910946,-0.562769066536
Macapagal_Arroyo,-0.405138700913,-0.00656213747625
Macapagal_Arroyo,-0.179333011162,-0.422372392332
Macapagal_Arroyo,-0.48796694107,-0.587741933525
Macapagal_Arroyo,0.744474525844,-0.647621870685
Macapagal_Arroyo,-1.17500069309,-0.652386609905
Macapagal_Arroyo,-0.271609289995,-0.716666501537
Macapagal_Arroyo,-0.260491998524,-0.518235685797
Macapagal_Arroyo,-0.0246650948724,-0.915148280484
Macapagal_Arroyo,0.348231346122,-0.293264591712
Macapagal_Arroyo,-0.424857785949,-0.424254322172
Macapagal_Arroyo,0.326184370948,-1.00395410874
Macapagal_Arroyo,-0.523152784095,-0.0987761521333
Macapagal_Arroyo,0.93397078184,-0.684969497317
Macapagal_Arroyo,-0.591270111945,-0.385867212597
Macapagal_Arroyo,0.0129263862112,-0.370231421488
Macapagal_Arroyo,-0.234364592876,-0.693842064612
Macapagal_Arroyo,0.33398927888,-0.764429624957
Macapagal_Arroyo,0.145566325944,-1.2450340219
Macapagal_Arroyo,-0.531253119849,-0.843950934511
Macapagal_Arroyo,-0.699715615423,0.814804545831
Macapagal_Arroyo,-0.420584793361,-0.958037147083
Macapagal_Arroyo,-0.380520743581,-0.909197174865
Macapagal_Arroyo,-0.266805972812,-0.228684621889
Macapagal_Arroyo,-0.19330412807,-0.669707001853
Macapagal_Arroyo,-0.468530827976,-0.0490168455936
Macapagal_Arroyo,0.430513836985,-0.170156717186
Macapagal_Arroyo,-0.428041295998,-0.273281207765
Macapagal_Arroyo,-1.12955235797,-0.506089855488
Macapagal_Arroyo,0.549270110872,-0.981772639759
Macapagal_Arroyo,-0.244533023921,-0.462580443244
Macapagal_Arroyo,-0.024678004281,-0.817468967224
Macapagal_Arroyo,-1.02300301254,0.188284116199
Macapagal_Arroyo,-0.56380643722,-0.66115219447
Macapagal_Arroyo,-0.464008243979,-0.674830563617
Macapagal_Arroyo,-0.283037663947,-0.986640459404
Macapagal_Arroyo,0.233410903294,-1.38135291388
Trevi,0.214110990594,-1.56899723751
Trevi,0.945111084951,-3.30811181746
Trevi,0.617529036417,-2.90146597876
Trevi,-0.220725957991,-2.74656029289
Peiris,-0.0476135568943,-0.236944009326
Peiris,-0.264745456906,-1.04673319981
Peiris,-0.192956390562,-1.16462132102
Peiris,0.196937680889,-1.12394932417
Kun,-0.766545404361,-2.67441163166
Kun,-0.575887084365,-2.1018104923
Hawn,1.09031012034,-0.567300400404
Hawn,1.35101439623,-0.936410702909
Hawn,0.0185323231261,-0.19945150207
Hawn,0.514679634876,-0.600862862448
Hawn,0.364879445212,-0.954872811023
Hawn,-0.435017266542,-0.808166016316
Hawn,-0.0372843517337,-1.2503794585
Li,-1.53736717138,-2.12463567758
Ruina,-1.03666330647,-2.52806732586
Barrientos,-0.17505790949,-1.06452435241
Sanchez_de_Lozada,1.51749254254,0.0978608374871
Sanchez_de_Lozada,1.52067513,-0.512078632076
Sanchez_de_Lozada,1.5622433177,-0.542996779942
Sanchez_de_Lozada,1.20809977762,-0.573193519374
Sanchez_de_Lozada,1.31661492699,-0.627475084193
Sanchez_de_Lozada,1.99759665776,0.213592211266
Sanchez_de_Lozada,2.47049491417,-0.512157602682
Sanchez_de_Lozada,0.521427421971,-0.0453179435242
Sanchez_de_Lozada,1.32781622068,0.48219272282
Sanchez_de_Lozada,1.34137621169,-0.0666351442206
Sanchez_de_Lozada,1.61284628699,-0.0770256820239
Sanchez_de_Lozada,1.33163928157,0.18223408895
Persson,0.927860238722,-1.66510674928
Persson,1.29674133818,-2.17587599149
Zivkovic,0.570917678282,-1.20088674697
Grubin,0.104679912594,-2.52913036284
Tallis,1.59612435307,-1.84160603545
Brown,0.998367882828,-3.36741560806
Brown,0.105166228818,-2.34108489953
Brown,1.24721234864,-2.36420755218
Brown,1.03835319871,-2.72260611021
Brown,0.39379112437,-2.54141025839
Brown,0.30113088955,-2.25730495643
Brown,0.403579517318,-1.95988942563
Brown,0.869349243095,-2.44854980201
Brown,0.374381473919,-2.1685726462
Brown,1.15859083428,-1.6386920573
Brown,0.552487919977,-1.38616187489
Brown,0.417819890962,-2.35455471896
Brown,0.95362662542,-2.55063389567
Campbell,1.6751065932,-2.75149207523
Campbell,1.89887086452,-2.59488013508
Cooper,1.58889658225,-0.860080744503
Lightfoot,0.768904053198,-2.00453029844
McDonald,1.97342140198,-2.33680498603
Verbinski,1.85763514213,-2.98220504716
Vidal,1.07138098526,-2.73427628716
Brinell,0.793693389002,-3.02727254324
Dodd,1.02168965976,-1.15749580575
Kelly,1.56782453829,-2.67299476768
Burnham,0.33484379945,-1.47510849917
Rocchigiani,1.42938740361,-2.17568671029
Irvin_Jr,-1.31813021643,-0.356888582852
Irvin_Jr,-2.05109519203,-0.573657100367
Little,0.594859832984,-2.28241074731
Lloyd,-1.15286291928,-0.564049666792
Smith,1.65163058508,-2.7425093375
Bentley,1.46708154142,-1.64243520341
Hackett,1.0451773223,-0.590390832057
Hackett,1.12306515264,-1.53052969722
Hackett,1.72571865621,-1.57663746537
Hackett,1.07901560184,-1.03916108423
Hackett,0.873616531076,-0.649275206002
Rossenmeyer,0.871704887548,-3.01170987387
Davis,1.51094833538,-0.919711070657
Davis,0.810609803338,-0.267497566934
Davis,0.338147370762,-0.471136095852
Davis,0.870214038958,-1.41847827886
Davis,-0.0651601343866,-1.32345793257
Davis,0.8584320746,-0.741966509083
Davis,0.978360777438,-1.45900982772
Davis,0.629742288251,-1.25748471204
Davis,0.512898865135,-0.410052581652
Davis,0.590083592628,-1.60211788068
Davis,0.15953460116,-1.02553686802
Davis,1.0293424488,-1.67734376037
Davis,1.68585716703,-1.93046056608
Davis,0.388725608761,-1.06694211209
Davis,0.385110952585,-0.594951743832
Davis,0.85484965509,-1.6290507672
Davis,0.617795740791,-1.31981322465
Davis,1.11136384953,-1.74195852076
Davis,1.16933608484,-1.10197570911
Davis,0.750153825025,-0.991729159449
Davis,0.773642120861,-1.90066364806
Davis,0.137537521136,-0.75744269902
Davis,0.126355602831,0.371424444489
Davis,0.438764731328,-1.71286065208
Davis,-0.863186274444,-0.840118518847
Davis,0.480696311244,-1.11544522199
Frers,1.49181566091,-1.6616659626
Berhalter,0.734022123882,-1.69834875811
Gilbert,1.60320725678,-1.9964258979
Gilbert,2.46541062788,-2.69172160285
Popovich,0.988247560431,-3.25685693748
Popovich,2.10319621567,-1.57198757652
Popovich,1.76059084043,-2.18508331975
Popovich,1.61839062831,-1.86234930437
Popovich,1.06454395966,-0.252628683977
Hennigar,2.27186061991,-2.07465101668
Hodge,1.23889574132,-0.969787016208
Kinnear,1.68156595972,-2.1205260049
Kinsey,0.82175094967,-2.04261850864
Gysi,1.04679697693,-0.790485920993
Honasan,0.162623127901,-2.3445845524
Rosal,-1.31944286139,-1.17496900688
Geoffroy,-0.00168667392277,-0.589399992869
Geoffroy,0.298257143832,-1.42957857684
Hines,-0.813341791054,-0.0693922756507
Hines,-0.727940815698,0.64694693281
Peck,0.735053018666,-1.82021611263
Ostertag,2.5572749022,-1.40537714368
Ostertag,2.19712686445,-1.99587365806
Owen,-0.362645450869,-2.27047617595
Owen,2.00525466384,-1.58278954752
Rusedski,0.537661900753,-2.07169703021
Rusedski,1.2948029441,-2.15260463323
Rusedski,1.44005047115,-2.53383862485
Rusedski,1.05992711803,-1.63989457304
Mol,2.32495134109,-3.34692960662
Colvin,-0.269920987227,-1.8606609597
Harlem_Brundtland,-1.66412335321,0.946900849333
Harlem_Brundtland,0.212877955084,0.64278836179
Ou_Guangyuan,1.56830643683,-2.39211146885
Chipouline,1.47839387147,-3.48724267867
Verheugen,1.99368706852,-1.95077442527
Westerwelle,2.14899916224,-2.44322364488
Westerwelle,0.781025413206,-1.01103473133
Cannet,1.42321446539,-1.56592781777
Depardieu,1.09366077465,-1.49358014483
Soro,-2.18774182063,1.79007559332
Soro,-2.54641820588,2.04760231061
Canas,-0.980270538085,-1.11195053385
Canas,-0.598140210223,-2.16866906042
Canas,0.339145648745,-2.82720102505
Canas,-0.415138422125,-2.1830578798
Coria,-0.688116588633,-2.60157231229
Coria,0.136523761078,-2.10592033794
Coria,-0.188789097824,-1.49869936042
Coria,0.894844742007,-1.02848222961
Coria,-0.218870368384,-1.88994613873
Coria,0.60119995379,-1.43733953019
Coria,0.732587239518,-1.89373673031
Coria,0.539024633727,-0.513652769271
Coria,0.0604939955143,-2.6527320414
Coria,0.855128016948,-1.62639573391
Coria,0.359340047973,-1.7372227775
Coria,-0.500711343036,-1.93324186592
Coria,0.523182971922,-1.25749663796
Coria,-0.371691594797,-2.47022389141
Coria,-0.718835945666,-0.610723801991
Coria,-0.556007283045,-2.43261995275
Coria,-0.143911723596,-1.01911830094
Coria,-0.327436790219,-0.389685289173
Coria,0.179590897913,-1.83292751226
Coria,0.176783534059,-0.709032009704
Coria,0.23179302798,-1.11854862534
Coria,0.131728956058,-2.25259504133
Coria,0.113059130653,-1.75016199095
Coria,-0.279444801573,-2.15517508167
Coria,0.111030465301,-1.66099110236
Coria,0.448462512071,-1.33680243119
Coria,0.285850106933,-1.90190878271
Coria,0.0288984715487,-2.31670615583
Coria,-0.0615758727019,-1.46140864963
Coria,0.173829806277,-1.08263124078
Monroy,0.464838137143,-2.13941584517
Ortiz,0.800551966178,-0.948063639831
Ortiz,0.457074749559,-1.604714264
Ruiz_Polanco,-1.37028939926,0.431730362822
Backman,0.336674232104,-2.43863568451
Pleuger,1.08025382357,-0.228262234265
Pleuger,0.752771928661,-0.73437502389
Pleuger,1.70432847624,-1.39320494945
Pleuger,1.53791855174,-2.16333773276
Pleuger,0.569767693352,0.0105940250108
Pleuger,1.26361192482,-1.91673221771
Pleuger,1.05599243902,-2.833495145
Frerotte,1.07563254884,-2.0337602906
Cisneros,1.07704163083,-1.84803782956
Franco,-0.10152229563,-2.33083081108
Kuerten,1.24185933963,-1.6117676084
Kuerten,0.610056119652,-2.13448410198
Kuerten,0.683643946366,-0.851185260508
Noboa,1.19557340815,-1.15497171448
Terrazas,-0.230177535193,-1.16297201499
Van_Sant,-1.18356672396,1.45857791789
Van_Sant,-0.670407562693,0.523733953617
Van_Sant,-1.38074901361,0.970107805029
Hiddink,0.878739381546,-2.51077147792
Hemmings,1.28657013666,-3.10431303459
Hemmings,1.09083834766,-3.71552040501
Ritchie,0.858195094077,-2.11015203431
Ritchie,1.6373253284,-1.44784198157
Verhofstadt,-0.0066818603449,-1.6113046889
Peizerat,1.66434872162,-3.11601667449
Peizerat,1.81052252251,-3.23945606835
Peizerat,1.40370223078,-2.93505747294
Stefani,-0.369261580128,-1.63664775842
Paltrow,1.17087841943,-1.12882444912
Paltrow,1.46250669027,-2.07803491686
Paltrow,1.5382620464,-1.01365563243
Paltrow,1.7231706562,-1.96520338124
Paltrow,1.76842478013,-3.19662702435
Paltrow,0.94506942989,-1.97734869783
Hisham,-0.688774155294,-1.34923243265
Rizieq,0.919990067349,-0.970974032669
Rizieq,-1.35259162765,-2.20049813866
Rizieq,-0.932291422824,-1.35244485507
Rizieq,-0.150256356129,-1.10363880604
Rizieq,-0.617793344159,-2.00963919142
Bilger,1.13015990691,-3.43055682832
Fillinger,1.72765853223,-1.11291154634
Gehman,1.09839326517,-1.89071215947
Gehman,2.06024432208,-1.92103322922
Gehman,1.75160191185,-1.95875428134
Gehman,1.47673846384,-2.40593460948
Gehman,1.48947476631,-2.18726225475
Berry,0.922844289846,-2.39061112004
Berry,-0.811075664796,-1.17205264394
Berry,-0.370596644814,-0.565707837589
Berry,-0.462697839857,-1.29412344467
Berry,0.0222026582869,-0.43294081088
Berry,-0.658767525707,-0.867412415375
Berry,-1.17771806217,-0.128069105198
Berry,-0.582898944976,-0.345591374243
Berry,-0.43476135315,-1.21818475933
Berry,-0.121605407314,-1.8780274149
Berry,-0.55163965187,-0.990232469246
Berry,-0.358961507295,-0.595760856823
Berry,-1.06259586626,1.01515152877
Berry,0.751541404604,-1.70124600117
Berry,0.110155626567,-1.03559880047
Berry,-0.132340847346,-1.158709211
McCoy,0.798818189582,-1.13256136179
Sellers,0.835400913628,-1.36604653119
Sutton,1.49765250896,-1.85581301557
Sutton,0.602373221768,-0.0432928723209
Arba_Diallo,-0.214065944246,-1.17866686242
Bin_Isa_al-Khalifa,3.06606762383,-1.10543231423
Bin_Jassim,-2.27789462581,0.221762147177
Efendi,0.774300301193,-1.83426014595
Karzai,-0.138888538966,-1.54356692695
Karzai,-0.0936000551613,-0.660339815987
Karzai,0.286939862626,-1.1152960829
Karzai,0.085796886951,-0.986754936655
Karzai,-0.879731004756,-1.28194600436
Karzai,-0.521055039254,-0.349274288
Karzai,0.00727160503911,-1.4691409563
Karzai,0.0347089833023,-1.39174886071
Karzai,0.122346636538,-1.18993140233
Karzai,-0.0705569833047,-1.88650540285
Karzai,-0.361946803885,-1.23096633156
Karzai,-0.343895280462,0.696713419216
Karzai,0.648516374698,-1.62391853459
Karzai,-0.0709435487237,-1.33578872153
Karzai,-0.269508725345,-1.31131217012
Karzai,0.132554779883,-1.85885905338
Karzai,0.136761360172,-2.44653057879
Karzai,0.190898983693,-1.67186669556
Karzai,-0.393584105624,-0.677253838655
Karzai,0.730550559139,-1.59428039411
Karzai,0.0809631963672,-1.04911615232
Karzai,0.173840347764,-2.07302616698
Reza_Asefi,-0.995284128292,-0.894762032019
Pong-sil,-1.49360488461,-0.960608104461
Atiya_Muhsen,-1.58322135644,-0.734555606519
Haz,-1.65123731999,-1.72458716688
Haz,-0.929119160164,-2.24249793607
Makhmalbaf,-0.265226989382,-2.93668407739
Ashrawi,0.578345385273,-2.40477384713
Ashrawi,0.341981899226,-2.38890142674
Sadiq,0.757344567513,-2.51606206908
Urushima,-0.0114258388112,-2.13570227817
Aaron,-1.99815276645,2.41119685998
Azaria,0.718194052725,-1.80856892879
Bass,1.68423922081,-1.16731854855
McKinnell,1.2115094403,-1.97601219834
Stram,1.03972054284,-0.901418517203
Stockbauer,0.896852131009,-2.74092740736
Stockbauer,-0.0506710544706,-2.04379476169
Schumacher,0.523817448963,-1.11935250257
Blix,1.2840045016,-2.31648808261
Blix,0.930981161789,-1.63325465931
Blix,0.652772399626,-1.67856896312
Blix,0.855512517453,-1.62556285323
Blix,1.00639295052,-1.56814457597
Blix,1.00030541026,-2.00137988678
Blix,0.986704067866,-0.89778850156
Blix,0.532575303636,-2.05789083038
Blix,-0.249240881953,-0.97180847028
Blix,0.5840587665,-2.1797654134
Blix,0.797283045808,-1.34090001088
Blix,1.30041481113,-1.19081063464
Blix,0.882569187525,-1.0860367573
Blix,1.37703843399,-1.48415424245
Blix,0.507416264797,-0.948736430895
Blix,-0.0677657834717,-1.04934537271
Blix,0.0383235571132,-1.21079830179
Blix,0.258139077865,-1.43080816402
Blix,1.82688654917,-2.04419643769
Blix,0.685585792042,-1.65487174365
Blix,0.894070092931,-0.824091953376
Blix,0.59906782555,-1.82311130911
Blix,0.555528216183,-2.7498696054
Blix,1.15259906727,-1.19628865858
Blix,1.51318209338,-0.510560634053
Blix,1.17557344778,-0.676914821395
Blix,0.538086696436,-1.35957069431
Blix,0.419896699138,-1.14015431104
Blix,0.605776364976,-1.92448648933
Blix,0.992347495891,-1.53882296417
Blix,1.10140041849,-0.593904539725
Blix,0.931385134267,-1.27172055281
Blix,1.49881038739,-2.33704287937
Blix,0.55451699922,-1.17267878785
Blix,0.812896393156,-1.72499724386
Blix,0.432627098221,-0.191456594046
Blix,0.183043447154,-1.43280424825
Blix,0.306560116285,-0.848382238144
Blix,1.06047978338,-1.2972164726
Schmid,2.18413987854,-1.68180889001
Corell,0.0408680197711,-1.66724775571
Eichel,1.13234949209,-0.794993002666
Eichel,0.456765552776,-2.6485570818
Eichel,1.02153264407,-1.6596564016
Leistritz,0.984337237935,-2.04145009907
Peter_Briegel,-1.6899339159,0.812633040014
Sung_Joo,0.14914388452,-0.79106301503
Ringstorff,1.35145458273,-0.893207920734
Singh,0.481604463793,-1.30647938481
Singh,-0.55762085252,-0.747356875252
Braun,2.51695745488,-2.08459530471
Brown,0.878939017954,-1.73774197517
Scott,0.740922987544,-1.1806302886
Lessy,1.07145311804,-1.66117975387
Ford,1.37383965309,-2.93473008848
Ford,1.32350120952,-1.8888657647
Ford,1.5474484442,-1.96491402326
Ford,0.995338844934,-2.09519431596
Ford,2.31277095729,-1.84392432299
Ford,0.789253130699,-2.00723344632
Ford,0.803131503132,-1.86818489805
Ford,2.33283954706,-2.80482916139
Ford,1.80619605288,-1.79451245178
Ford,0.407166118275,-0.943906597147
Ford,0.983398607084,-1.44607248917
Ford,2.37176816501,-2.28596159336
Belafonte,-0.799659498593,0.222410849066
Belafonte,0.801701296769,-0.884369141549
Kalas,1.08512425473,-1.94834745588
Kalas,0.876251439978,-2.89395006254
Schmidt,1.83143078684,-2.78585104388
Schmidt,0.550802226477,-1.92594083976
Schmidt,0.803443316895,-1.89864038795
Schmidt,0.0753426726798,-1.12985256718
Mehdorn,0.231288224067,-0.478471716716
Fierstein,1.01561803531,-1.06102933722
Wachsman,0.451423486927,-1.14074677812
Weinstein,0.693103121757,-2.1286082279
Weinstein,0.191967840717,-1.83303861674
Wirayuda,-0.175554741755,-0.454955904192
Tillakaratne,-1.08485904923,-1.0954756082
Thaci,0.504808304235,-1.99559805546
Thaci,-0.191119071911,-1.46974098068
Bolkiah,-0.85542408815,-0.949828141612
Nasrallah,0.378712911047,-0.927435898283
Nasrallah,-0.476906117619,-0.0499919626119
Wirajuda,-0.728100091021,-1.84547455661
Wirajuda,-1.35703832521,-1.32299201345
Hasuike,-0.0438661272396,-3.07734804121
Aliyev,0.689820199898,-1.69533363701
Panettiere,0.46649276649,-2.00059725102
Tullett,1.60513394905,-2.99065975708
Tullett,0.320763232874,-1.65754867224
Chinnock,1.71097534668,-3.40737044946
Locklear,2.14650007534,-1.92627627556
Mills,1.50149875752,-2.86663850595
Mills,1.57892409871,-2.68559578143
Mills,0.940701259515,-1.83367033252
Mills,2.54949408298,-2.47724633358
Whitestone_McCallum,-0.770538281527,0.0477466795333
Willson,0.976786991877,-2.42011022073
Ledger,1.24140277397,-3.17308587705
Ledger,0.850642458312,-1.41897887801
Ledger,0.71997007391,-2.08962483448
Ledger,1.42598323404,-2.28110559644
Babenco,1.63381667021,-2.14907704559
Babenco,1.07891769696,-2.44484842727
Babenco,0.36661425784,-0.666613329871
Grullon,-0.807883702949,-2.08492893153
Mitelman,0.396986379351,-0.594998983942
Amin_Arsala,-2.15794974044,1.83976699374
Han,-0.237776924206,-2.62723569362
Han,-0.595806907919,-1.03034559384
Han,0.0415708743438,-1.07190740002
Fleiss,-0.043457901818,-2.02899062948
Fleiss,0.983935770715,-2.08016555661
Fleiss,0.451797404023,-0.0923291328777
Fleiss,-0.451449254859,0.275247498154
Klum,1.00531925044,-0.836516137424
Klum,0.970398221922,-2.92195026906
Klum,1.55040705735,-3.04943964637
Klum,1.53523261534,-0.897078151953
Klum,1.89554919081,-1.57478615233
Wolfgang,0.052993135426,-0.84853974049
Feldmann,0.797515834159,-1.00442498746
Feldmann,0.734476318437,-0.600526245343
Feldmann,0.953124638165,-2.5208831799
Takenaka,-2.65692410157,-1.97637896981
Takenaka,-2.1517101842,-3.10141426538
Takenaka,-1.99034328575,-2.39456479824
Takenaka,-2.05434754818,-1.99220115947
Takenaka,-1.58842344724,-1.88438250991
Takenaka,-2.30579455329,-2.52779718996
Takenaka,-1.22603436741,-2.40397467976
Takenaka,-2.1969934867,-2.93742407015
Takenaka,-1.91922612162,-1.94884422411
Alvare,0.447448856178,-3.11937039948
Schneider,1.51610980557,-1.02053801906
Clark,1.00876821122,-2.60248493695
Clark,0.558063209471,-3.58808812971
Clark,0.00771374541245,-1.88849799552
Clark,1.02387862888,-2.59346108244
Darling,-1.11928874433,-1.15362820845
Eksterowicz,2.16021041606,-2.14367313639
Castroneves,-0.00393050437155,-2.28370027922
Rubens_Garcia,-1.74754762222,0.624932665832
Panke,2.17521661823,-1.97092536515
Pinheiro,1.01832397937,-2.67116934489
Bekedam,1.21772093962,-2.9843105271
Scherf,0.170581079895,-1.31447509617
Proglio,1.21974566928,-2.04439382421
Meirelles,0.762729530145,-1.86755112251
Meirelles,0.430285403494,-2.10970078657
Castellanos,-1.11618069963,-1.38279152604
Hilow,0.636225336503,-2.27021751246
Hyde,1.47544282116,-2.09401273339
Kissinger,0.111059147907,-1.19869518538
Suazo,-1.01098956861,0.70688603422
Brooks,1.07316815845,-2.11007724744
Dhaliwal,-0.637796961768,-1.5911281678
Haupt,1.27265051058,-2.65912006764
Hancock,-0.934425406972,0.0901876627526
Ritts,1.68218438703,-1.3902749382
Sendek,0.432929130979,-1.00160734941
Sendek,1.31131808074,-2.54718123556
Sendek,1.31874090856,-1.31103265066
Sendek,1.20905296671,-2.04811458198
Harton,-1.5578007839,0.765265349236
Edwards,0.0419838086697,0.121115230887
Moore,-1.42567059969,2.08043257786
Maier,1.2527387619,-1.04916316448
Maier,0.572042983915,-2.04525628213
Gamonal,0.0296406651097,-1.53915445716
Ebdane_Jr,-0.294720531598,0.350941876839
Crespo,-0.422701510879,-1.46918896155
Daeubler-Gmelin,-0.0562429163352,-1.52410382301
Daeubler-Gmelin,0.874428904904,-2.42392938945
Cloette,1.37792994959,-2.43921350481
Naemura,0.239721763752,-1.45100321395
Naemura,-0.397986347902,-1.95632877156
Matsui,-1.77610824572,-1.35717727098
Matsui,-1.32765266567,-0.380445209946
Sato,-1.22102798795,-2.00985603248
Nakata,-0.572708676552,0.222074318313
al-Azzawi,-0.092196915912,-1.79927879764
Duff,1.03564902037,-0.454098432517
Duff,0.415376983978,-1.30252090017
Duff,1.19861267961,-1.34751775598
McKay,0.822547596561,-2.38371666478
Fortune,-0.26708558204,-0.0880498878574
Clinton,0.386169122468,-2.30403037026
Clinton,0.565897063008,-2.47628316247
Clinton,0.678583801261,-1.53091198227
Clinton,2.17819572729,-2.14100890119
Clinton,1.25954673529,-3.37921884795
Clinton,-0.0354240076458,-2.03561321272
Clinton,0.739534639258,-2.28200282142
Clinton,0.407502454341,-2.35997917623
Clinton,0.86077661697,-2.563692475
Clinton,0.788472482032,-2.82918529567
Clinton,0.394413667285,-1.75664171258
Clinton,1.02439724929,-2.68928497621
Clinton,0.392256918284,-1.6039670714
Clinton,0.567541230523,-1.41374616836
Akin_Zorlu,-0.318645490188,0.283844321723
Ozkok,1.16633423257,-3.45090075996
Ozkok,0.394636651218,-2.42212049534
Rebu,-0.255395047491,0.88472042442
Mejia,1.7956512441,-1.70325341574
Mejia,1.73921076706,-3.06166865328
Mejia,1.56160029193,-1.78515347094
Mejia,2.01121883684,-1.64661604047
Gomi,-0.487034864387,-1.96040366388
Yoshino,-0.308857105566,-1.97247249498
Oguchi,-0.509394558956,-1.79260802756
Oguchi,-0.988939725721,-3.35319090805
Owada,0.175889376164,-1.01566865915
Halawi,1.39839126468,-1.51328046082
Soga,0.603518800965,-2.45554517818
Soga,0.526836675698,-2.57222561738
Soga,-0.263966689809,-1.8187725374
Soga,0.682259009165,-2.34281073488
Soga,-0.871535360422,-2.59213250654
Oshitani,0.652646379291,-2.22583291952
Tanaka,-0.327536225835,-2.75304959184
Asfor,-0.948705679878,0.288690877028
Hunter,1.76098004225,-1.85970026312
Hunter,1.92993863975,-2.18713983296
Hunter,1.43205145676,-2.35845009586
Hunter,0.862682236445,-1.27144201959
Hunter,0.997482980613,-2.62916335992
Hunter,0.547823193121,-3.12964752552
Hunter,1.06930703446,-3.34539292221
Robinson_Peete,-1.21691234008,-0.698725848215
Myung,-2.15885179365,-2.74513649709
Johnson,-0.562301263714,-0.574526042886
Donovan_Reid,-2.03228869144,-0.792024106638
Newcomb,1.2097826616,-1.97988143171
de_Jesus_Montoya,1.12130357256,-1.16567006237
Julio_Pina,-1.86765826388,1.7202086779
Koehler,1.18110740171,-1.54751990777
Koehler,0.353083770271,-1.7311309837
Koehler,0.785481851241,-2.61692258317
Mubarak,-0.648086439879,-1.83964622959
Mubarak,-0.360889095889,-2.33368462009
Mubarak,-0.213631468202,-2.73063889845
Mubarak,-0.496283533608,-2.8654003253
Mubarak,-0.400003742246,-3.05677210448
Mubarak,-0.295705507673,-1.11726961383
Mubarak,-0.554930264435,-1.71483444189
Mubarak,0.610201473366,-2.52117759942
Mubarak,0.437092266574,-0.859032886096
Dean,0.820168517945,-1.47013783338
Dean,1.63835249255,-1.05470440092
Dean,1.83415269165,-2.61981174869
Dean,1.06264619534,-2.78714940327
Dean,2.01196940181,-2.06182867709
Dean,0.981400433275,-1.40555950746
Dean,1.1427202533,-2.80667930463
Dean,0.810363335908,-0.869333760143
Dean,2.33660628932,-1.73391406836
Dean,1.2912589157,-1.08437619097
Dean,2.35833999351,-2.55415354072
Dean,1.20936536599,-2.07419095794
Ross,1.34505650337,-1.17988174904
Schultz,0.372223051421,-0.684769815923
Schultz,1.72654712511,-1.38819233059
Smith,1.72137763507,-1.06238074685
Smith,0.182510449424,-2.6944733373
Stern,0.621809876962,-1.93381107171
Stringer,1.60154749562,-2.70963576776
Wilkinson,2.18492027797,-2.10243659929
Roshan,0.211375663896,-3.09634988879
Chung_Yi,-0.915795357342,0.45423095406
Suey-Sheng,-1.15912080216,-2.42338482943
Green,0.301956132437,-3.34697013942
Brown,2.32627069834,-1.93739613427
Campbell,2.23472892904,-2.56616042678
Carey,1.94799024638,-1.92058191819
Grant,0.84751270975,-2.00508319426
Grant,1.07469556877,-1.68303008124
Grant,0.476869225037,-1.57227141651
Grant,0.690089615855,-2.10475702559
Grant,1.09021237416,-1.33187062564
Grant,1.87327630416,-2.17824382695
Grant,0.314152235343,-1.55794213561
Grant,2.22774666457,-3.06630953813
Hefner,1.54699777823,-2.13056920147
Jessiman,0.989605581181,-1.71068112866
Miller,0.598369998703,-0.869629100915
Chavez,0.29796992824,-2.31876090932
Chavez,-0.8756584101,-2.91644018869
Chavez,-0.0466935604022,-1.70781374363
Chavez,-0.305765981321,-1.5703084015
Chavez,-0.678740389232,-0.416626412815
Chavez,-0.929122015649,-1.67855264199
Chavez,0.547408272846,-2.52278102968
Chavez,-0.853686320685,-0.452906106131
Chavez,-0.239421001372,-2.2198105744
Chavez,0.610374535521,-1.94034995566
Chavez,-0.553582441329,-1.26595191835
Chavez,0.147366338388,-2.59983939385
Chavez,0.618512699392,-2.03342822551
Chavez,-0.376959401924,-2.03087608452
Chavez,0.474199558999,-2.07095654264
Chavez,1.36455730801,-1.98967087891
Chavez,-0.39125270247,-1.66742578733
Chavez,0.416204674175,-2.25895923987
Chavez,-1.0927354777,-1.4493317484
Chavez,-0.332409600845,-1.05793379817
Chavez,0.0433858623198,-1.78191894463
Chavez,0.733646264129,-1.11027225125
Chavez,-0.389697905715,-1.14671759253
Chavez,-0.0869053433157,-2.43202399363
Chavez,-0.699374917929,-0.391021711234
Chavez,0.0684742002532,-1.91740168232
Chavez,-0.212439420457,-2.05917738908
Chavez,-1.02133096542,-2.11322356913
Chavez,-0.714221789307,-1.12024470823
Chavez,0.348142800764,-1.79850856907
Chavez,-0.99129521207,-0.556920900932
Chavez,-0.0360916702066,-1.85009658683
Chavez,-0.577740562523,-1.42369453538
Chavez,0.342744612635,-1.93666154751
Chavez,-0.76915265846,-1.0004049104
Chavez,-0.53348316985,-0.738653686113
Chavez,-0.243726742567,-1.14280611502
Chavez,-0.7846920265,0.727028576973
Chavez,0.375997126896,-0.956602956445
Chavez,-0.641649018347,-1.07641583392
Chavez,-0.802441921929,-0.198583980956
Chavez,-0.313239710347,-2.41703004202
Chavez,0.0878109658559,-3.11753377286
Chavez,-0.225104358662,-2.5405348063
Chavez,0.701725402774,-0.866909089473
Chavez,-0.505004293706,-2.49125704344
Chavez,-0.773777139872,-2.40453713594
Chavez,-0.300674977041,-1.90932440988
Chavez,-0.524441551223,-0.918802572928
Chavez,0.298453981463,-2.4447130072
Chavez,-0.397129875897,-1.85032369665
Chavez,-0.475265029751,-1.99473042127
Chavez,-0.843756851397,-0.697504214225
Chavez,-0.45771624981,-1.74259613216
Chavez,-0.845288704802,-2.03470964782
Chavez,-0.432172120896,-1.78162023827
Chavez,0.0259856338647,-1.75960262817
Chavez,0.174436007926,-0.896718956098
Chavez,0.223088042515,-2.76468613786
Chavez,-1.00398768858,-2.29091595886
Chavez,-1.0234519811,-1.43790101487
Chavez,-1.41342045402,-2.07063411318
Chavez,0.396334202425,-0.934873208089
Chavez,-0.0544278867456,-2.78071828027
Chavez,-0.0339666181912,-2.40920275525
Chavez,-0.183096706611,-2.54193057774
Chavez,0.367938802673,-1.73637382254
Chavez,0.728728849908,-2.09494379722
Chavez,0.23006630622,1.09978155219
Chavez,0.756070600796,-1.24381779093
Chavez,-0.250204586961,-1.32165048556
Colace,0.563367860634,-2.33196928779
Jintao,-0.420981327503,-1.30382884474
Jintao,-1.48412841305,-2.09870470455
Jintao,-0.853047173059,-1.62461338005
Jintao,-0.857170177578,-2.40846865133
Jintao,-1.19571617616,-1.60281420793
Jintao,-1.43563534037,-2.30365904773
Jintao,-1.13755163362,-2.78758863014
Jintao,-1.21829078147,-1.74776691017
Jintao,-1.10036989476,-2.44390900276
Jintao,-1.69464546852,-2.34125712459
Jintao,-1.684797924,-2.99666144047
Jintao,-1.01485159539,-2.919317237
Jintao,-0.890272191113,-2.75401994822
Jintao,-1.51860956127,-1.68823015911
Jintao,-1.94481810875,-1.47316316819
Maoyuan,-2.35096483737,-2.14674593512
Coelho,1.20955322812,-1.54760899099
Espinoza,0.581073650626,-1.39870453104
Wan-ting,-0.849061645715,-1.99468267998
Sen,0.122393356103,-1.32666874046
Sen,-0.81499302057,-1.13805734726
Sen,-0.557726367162,-1.34067972549
Sen,-0.542543792003,-2.33551809547
Bates,1.10484660898,-1.63128267207
Kemper,0.641956743877,-2.18268895028
Zebari,-0.885005539131,-2.19391590992
Mohammed_Amin,-1.18135359794,-0.243598300671
Malik,-0.0468906596163,-1.67900443363
Mandala_Putra,0.488805333727,-1.06652792874
Doo-yun,-0.903001903987,-1.61398145363
Anderson,0.906888003669,-1.27298907695
Duncan_Smith,-1.09712557034,0.647914108367
Duncan_Smith,-1.20885025862,0.100194085984
Duncan_Smith,-0.545844356593,0.811511187487
Duncan_Smith,-1.22618749318,0.575744311591
Richmond,1.67310726199,-1.95859875061
Campbell,-0.459252448531,-1.03994507538
Gillan,0.73854785678,-1.76565692025
Huntley,0.207453556566,-1.12399127408
Knop,0.268702660791,-0.995966257096
McKellen,-0.0570759891895,-1.28108497973
McKellen,0.985151161966,-3.00868788036
McKellen,1.11053206117,-2.02922146202
Moran,0.414815363008,-1.95742732221
Smith,1.36092472235,-1.47008411958
Thorpe,0.869206536954,-1.37340484272
Thorpe,1.18300672293,-1.26095764937
Thorpe,0.716758517525,-1.89348889437
Thorpe,1.20238288871,-2.11831952436
Thorpe,0.78096783851,-2.18082808115
Thorpe,0.80790194509,-2.53687109026
Thorpe,0.837301100054,-1.32666121939
Thorpe,0.41648710273,-1.1042173848
Thorpe,0.957222947412,-1.25320191792
Thorpe,0.728938365467,-2.60218474563
Wilmut,1.65389450081,-1.51805285727
Mayo,1.21469423326,-1.78581742266
Mayo,0.798851413921,-1.41088763774
Al-Marashi,0.54376017587,-2.91428139702
Haddad,0.983668699422,-2.50460469473
Hilal,-0.512338894075,-1.67815916804
Jaafari,0.538638844622,-1.27735316278
Jaafari,0.119765101985,-1.70495804077
Rugova,1.25275958473,-1.05881057314
Amin,-1.48166908505,-0.633195530193
Antonio_Velasco,-0.662544046558,0.215799695223
Wang,-0.733547236331,-1.43740161374
Ivanov,1.01668615163,-0.956477709374
Ivanov,0.879477681977,-1.38612194273
Ivanov,0.96149427788,-1.89438211198
Ivanov,1.22521344479,-1.0377680104
Ivanov,0.248906880671,-2.31114918831
Ivanov,1.01867267893,-1.67683388151
Ivanov,0.721995463044,-1.85498291283
Ivanov,1.16369641403,-2.21184825456
Ivanov,0.571211640219,-1.4084583235
Ivanov,1.18043469982,-1.83862908403
Ivanov,0.601498822732,-2.94563627392
Ivanov,0.0106352936556,-0.934759468111
Ivanov,0.298812693603,-0.496861815688
Ivanov,0.917032815054,-1.3637308483
Ivanov,0.62914537199,-2.89516643907
Ivanov,1.02077303663,-1.9209813161
Ivanov,1.21585756096,-1.98023657277
Ivanov,0.895807722743,-2.51684972086
Ivanov,1.28151224836,-3.01189200163
Trunov,0.719395752396,-2.62830007359
Goldfajn,0.351178780599,-1.53632996875
Ramon,1.82695048788,-2.36582281087
Ramon,2.08016605464,-2.42473016325
Ramon,0.99271747166,-1.36958867355
Aliev,-0.464629704045,-1.76898851104
Nastase,1.1517445895,-0.885001892079
Khadduri,0.783698399158,-1.64921698632
Moustapha,0.899223827904,-1.77722328034
Moustapha,-0.0216804690559,-1.98622748931
Samudra,-1.19527666449,-1.45008437174
Marcos,-0.831643243155,-1.27238483755
Khan,0.95232375381,-1.37244350493
Kertasz,2.20657931,-2.36049908458
Kertasz,-1.30475235732,-1.97514290129
Kertasz,-1.60139586726,-2.3150981691
Cristina,0.462106234223,-2.81900680031
Hall,0.870516246194,-2.72940427468
Betancourt,-1.09442121737,-1.34290541542
Arias,0.598206444539,-1.59025581202
Arias,-0.362511540279,-1.93858610007
Ajouri,-1.36250137107,-2.75218484671
Ajouri,-0.737144495909,-0.895736474913
Ajouri,-0.972541062895,-1.54076682548
Iliescu,-0.109622196717,-0.236359574846
Tiriac,0.860377452575,-1.64123419655
Einhorn,0.926336895703,-1.3817642936
Brown,-0.739601910913,-1.44652017025
Kahn,-0.912751385535,-2.88585875755
Ahmed,-0.627949066237,-2.61503219164
Framtsova,0.715927488679,-2.76760670785
Lobacheva,0.904506204213,-2.87379392894
Yatchenko,-0.204879028281,-3.08080806258
Nathan,0.102496624768,-0.925008776563
Fadzi_Idris,0.613054124798,-1.90778154948
Moraes,1.24012452962,-1.37831837428
Rossellini,0.652610449102,-2.68671627592
Rossellini,0.987194832727,-2.26547431377
Rossellini,0.942640649447,-2.39711053056
Huppert,0.722215383416,-2.64833751843
Huppert,0.770074202866,-3.21270560934
Orellana,-0.271502959798,-0.735468606211
Washington,-1.23102555958,0.812718901046
Washington,-1.74966896405,-0.0315704501128
Shahryar,0.969513765963,-1.77009972743
Shahryar,1.05839063608,-1.83653363303
Pastor,1.10492499573,-1.50116889988
Karimov,-1.4122201644,-0.658831354736
Miranda,-0.298152429072,-0.92982909513
Abu_Shanab,-1.48193293555,0.289523838015
Cem,1.30012116772,-1.95174743013
Khan,0.525563914058,-2.04837851174
Merchant,0.212706254757,-2.01398569637
Merchant,-0.637737489869,-2.32946934558
Franco,0.729251737104,-0.908463358593
Perlman,0.62713729012,-1.43132751337
Majoli,1.21650760263,-1.83068856939
Majoli,1.49042000157,-2.66464582878
Trump,2.68890358086,-2.00442343507
Helguera,-0.447788457418,-1.24643437948
Lee,-2.594905146,2.20237153719
Shvedoff,1.3202530795,-1.9560414064
Stambolic,1.25108542129,-1.26282832379
Benesova,1.81398478481,-2.82284608193
Dubs,1.57210810813,-2.81642812129
Ibrahim,1.49492882425,-1.61601554659
de_Hoop_Scheffer,1.07295625001,-1.64619050273
Goodman,1.51764000987,-2.47830958484
Grubman,0.639558873258,-3.14039032161
Grubman,1.49640403141,-2.57110726208
Chan,-1.40135109759,-1.6649548717
Chan,-1.13113187823,-0.673175192454
Chan,-0.837114699113,-1.78270488394
Chan,-0.497949828672,-2.43240713831
Chan,-1.12085404245,-3.1835036078
Chan,0.0942471393754,-1.31480691319
Chan,-1.36291782722,-0.708756887515
Chan,-1.75661289116,-2.54685628699
Chan,-1.49602495022,-0.95162279523
Chan,-1.18590880328,-0.568953369644
Chan,0.423124496244,-1.72244907795
Chan,-1.00327472615,-1.12943612649
Chan,-0.257721978191,-1.4423637527
Dennis,-0.36106755914,-0.405609049316
Sherrill,1.60466144851,-2.52386296594
Knowlton,0.88178151054,-2.37141012378
LaLanne,0.216660712097,-0.603131994836
Nicholson,0.615623236713,-1.94171414296
Nicholson,1.33045997148,-2.09463028456
Nicholson,1.16964117294,-0.841467307498
Osbourne,0.225477670799,-1.60257815063
Smith,1.19643552339,-2.61878392938
Straw,-0.251767952289,-1.72656107687
Straw,0.423910129934,-2.37701564438
Straw,0.605500835641,-2.31231303916
Straw,1.94113136668,-0.810118600247
Straw,1.34114508426,-1.07372711738
Straw,0.286321286176,-0.370102458128
Straw,1.02607164459,-0.370200947039
Straw,1.76400111964,-0.493971158657
Straw,1.09681244031,-1.42935583328
Straw,1.09238147363,-1.21791480346
Straw,0.901829206315,-0.893651611363
Straw,0.832150634241,-2.50712926883
Straw,0.725192714384,-1.6473735375
Straw,1.58025462119,-2.24723947553
Straw,1.43902747607,-1.25720816985
Straw,1.40095191729,-1.69037995721
Straw,0.337471567771,-1.24871527555
Straw,0.95865721526,-1.19514532165
Straw,1.62935861241,-1.80143117844
Straw,2.13407784207,-1.67599784767
Straw,0.597777640092,-0.942739296109
Straw,1.67577940011,-1.80123192289
Straw,1.05930735788,-1.20075889112
Straw,1.55189744639,-1.46340206833
Straw,1.70842247862,-2.0522342405
Straw,2.48974233613,-1.44466201741
Straw,1.34889396116,-2.1879576154
Straw,1.52283797364,-1.83072564996
Valenti,-0.40613196235,-1.42610352772
Welch,1.95997040579,-1.71996837098
Cheung,-0.87383659779,-1.75260176031
Frenkel,0.591539831495,-0.677267841422
Edwards,-0.708606656495,0.630761421003
Gold,0.805416937829,-1.27906681669
Marris,-0.428367205993,-0.996817998302
Obradors,0.308092452068,-2.58872148799
Obradors,0.234389181793,-2.36274214891
Chirac,1.27284769496,-2.64284508485
Chirac,1.2528163648,-1.48010867884
Chirac,1.85062607512,-0.786623069129
Chirac,0.388950465577,-1.30551806555
Chirac,0.943796810477,-2.19088508801
Chirac,0.68464150044,-2.11909648978
Chirac,1.66654236725,-1.96014464895
Chirac,1.34488236166,-2.67536156022
Chirac,0.336525705119,-2.33027841965
Chirac,0.192215971524,-1.79689434411
Chirac,0.731133031916,-1.82165492737
Chirac,1.13389476817,-2.20708904893
Chirac,-0.544298971769,-0.903904449877
Chirac,0.843956774996,-2.47033038192
Chirac,-0.411163352857,-1.32777048281
Chirac,0.29452582277,-1.46099620341
Chirac,1.63172525103,-1.78817313076
Chirac,0.801696601598,-1.28055351978
Chirac,0.354993706426,0.25395220376
Chirac,0.909292542346,-2.13035822929
Chirac,1.00688707587,-1.89934157651
Chirac,0.638150089257,-1.7025471581
Chirac,0.393401361875,-0.742757658331
Chirac,0.832797947349,-2.40205334084
Chirac,1.13760116068,-1.72190647449
Chirac,0.759593315091,-1.83817202123
Chirac,1.15957346793,-1.81688725357
Chirac,1.41103475238,-1.20598004278
Chirac,1.39904745358,-1.44116258009
Chirac,-0.263242076168,-0.633135854009
Chirac,1.24078170258,-1.77036887614
Chirac,0.707941635882,-2.19207570616
Chirac,1.20783102379,-1.72112208023
Chirac,0.63370672566,-2.33968092531
Chirac,0.0519847446636,-2.6745213213
Chirac,1.38459739366,-2.02330143074
Chirac,0.80876604301,-2.20298155773
Chirac,0.323018983004,-1.93994519044
Chirac,0.639976535854,-0.82781301658
Chirac,0.786948917762,-2.72218720143
Chirac,1.35706125468,-3.59411293162
Chirac,0.731711312041,-0.430656580878
Chirac,1.79615504481,-2.67765639957
Chirac,0.801899795634,-2.45025931283
Chirac,0.96144911957,-1.50654225444
Chirac,-0.276759682108,-1.02535827393
Chirac,1.15849214707,-2.69448179156
Chirac,0.916885446607,-2.25674418091
Chirac,0.643312138455,-2.12713081973
Chirac,0.414701182819,-1.5515233607
Kallis,0.440212924529,-1.60026492841
Rogge,1.64986106771,-2.32184314187
Rogge,0.305453228587,-1.21314977534
Rogge,1.50193069883,-2.90396979787
Rogge,1.88270070368,-1.88292629168
Rogge,1.73236465773,-1.07568988032
Rogge,1.46445090884,-2.12298697101
Rogge,1.06781200301,-2.95040955277
Rogge,0.858245887725,-2.36749367125
Rogge,0.880602252614,-2.24824463524
Rogge,1.01943369673,-1.80139678972
Villeneuve,0.808681245744,-1.54434902701
Pinkett_Smith,-2.08222889204,-0.899623733359
Pinkett_Smith,-0.48248655099,-1.71856125657
Jagger,0.914530661665,-1.20082678991
Umar_Thalib,-1.21249240735,-0.838990036113
Orti,0.691728309657,-2.21712271282
Pressly,1.55103361837,-1.53538500368
Brace,1.05178937618,-0.712610886676
Gyllenhaal,0.997451224198,-2.46966279662
Gyllenhaal,1.4797608951,-2.6862310325
Gyllenhaal,0.392669927332,-1.77051689206
Gyllenhaal,0.824945277173,-2.1437820745
Plummer,1.3686370193,-0.72835487893
Kellenberger,0.496914625761,-1.04519330786
Talabani,0.548534900801,-1.05708995432
Rose,-1.47916686219,-0.0981263880411
Baker,2.26630369671,-1.64664028607
Ballenger,1.19645086978,-2.52706486773
Barksdale,1.05091794981,-2.27747006477
Becker,0.691962499768,-1.71082557948
Blake,0.15919448361,-1.86505335855
Blake,0.258804878413,-1.54889718785
Blake,-0.831864596678,-1.34764838249
Blake,-0.247858779125,-1.05394027115
Blake,-0.82684845743,-1.32126598735
Blake,-1.0241603036,-0.915583726959
Blake,-0.305676113828,-1.95580231818
Blake,-0.608806756422,-1.36177334502
Blake,-0.386406374542,-1.33531046481
Blake,0.130773464861,-0.383527384216
Blake,-0.743312312626,-1.05546340659
Blake,-0.362541584989,-1.766832068
Blake,0.946352262395,-1.8371689503
Blake,-0.297276738936,-1.63545143756
Brazelton,-0.0779615796845,-1.30204214842
Brosnahan,1.91350086937,-1.04411532001
Brown,-2.19712727314,0.76777867667
Butts,-0.624132600825,-0.495552713579
Butts,-1.34197426728,0.340427242649
Caan,2.57740457264,-2.38765420662
Caan,1.82451110407,-2.57230188936
Caan,1.10555735159,-1.19580603043
Cameron,0.417354399918,-2.12273664962
Cameron,1.05900852156,-2.5375501259
Cameron,1.17049419833,-2.13740245892
Carville,1.15926270485,-1.7007531447
Coburn,0.035116334167,-1.10886637104
Collinson,0.921727646749,-1.42143428303
Comey,-0.104450612739,-1.51760815673
Coviello,2.19443698358,-1.03043677217
Cunningham,1.50506962408,-2.33136149565
Cunningham,0.636889148186,-1.42984196522
Cunningham,1.4157362995,-2.96604554514
Dingemans,1.44007439129,-1.1276388795
Franco,1.31962057416,-2.23600411885
Franco,0.343245588745,-2.98062598257
Gandolfini,1.86208692506,-2.07484039895
Gandolfini,0.410627646039,-1.33704920593
Gandolfini,0.197900880411,-1.49753990332
Gibson,1.26319360375,-1.86611490139
Hakett,1.40792867481,-1.20877396193
Hallock,1.08178702859,-1.53302713353
Harris,-1.10935788113,-0.486175271597
Hill,1.35797851735,-2.61190590665
Hoffa,1.23031815256,-2.43930738583
Hughes,1.18550885193,-2.41217789857
Ivory,1.14933621301,-1.30743418088
Ivory,1.07549473274,-2.23432343778
Jones,1.31396666053,-1.44619189904
Jones,1.76491191495,-2.85196398298
Kelly,2.07774624962,-1.15689285696
Kelly,1.36704610219,-3.13210148651
Kelly,1.01442191578,-2.0135568186
Kelly,2.08124907874,-0.978426354409
Kelly,1.49710521465,-1.79714005509
Kelly,1.01326456141,-1.50773063448
Kelly,1.04449428243,-2.12738830275
Kelly,1.5069174334,-0.982710092842
Kelly,0.921907245717,-1.73463883735
Kelly,1.56297045379,-1.40500799383
Kirtley,1.84095454303,-2.58224578146
Kopp,0.825420892965,-1.69179690374
Kopp,0.428385461146,-2.50541576416
Kopp,1.55262333396,-2.8608485617
Kopp,0.768712906658,0.00628506699495
Layug,-1.99541801918,-1.0079776785
Lockhart,0.149601151881,-0.968278900656
Maguire,1.79002270069,-1.958112432
Maguire,1.21187140612,-1.38876531398
Mathis,-1.9059524796,1.66033106642
May,0.0890291520432,-1.56622176931
McGreevey,-0.336318250162,-0.766034196258
McGreevey,1.02777405139,-1.70829469931
McGreevey,0.28757939213,-1.25391270577
McMahon,0.603540599853,-1.57078570725
McPherson,0.744534614908,-1.05986146745
Meeks,-1.30548468995,1.2850487315
Meredeth,-1.47738751323,0.755740835905
Morris,1.73234988493,-1.53460395131
Morris,2.17632104617,-1.64992971699
Murdoch,1.34708038115,-2.34347426325
Parker,0.0961524537409,-0.994022292994
Parker,0.0598479096823,-1.8956408557
Phelps,2.20044421022,-2.70426478858
Roberts,2.57710115604,-1.78274825029
Robertson_Jr,-0.498973006665,0.603048019927
Schultz,0.0940610441215,-0.147235295096
Schultz,0.279153534222,-1.48352166299
Sensenbrenner,1.46964982137,-1.9017410328
Smith,1.85032504106,-1.18288777605
Smith,2.20044180221,-2.31198101187
Spalding,1.48332918954,-2.33664186447
Traficant,1.13480798084,-1.43992300327
Traficant,0.596312959642,-1.34854223963
Traficant,1.82121833662,-1.79521429239
Wallack,1.12292334388,-2.28226926493
Wattana,-0.0301995419251,-2.36499705315
Watt,-0.0863074590793,-0.875398631042
Williams,2.14901229412,-3.01805482535
W_Kennedy,-1.85115029737,1.31609227558
Wolfensohn,1.41476228901,-2.427742492
Wolfensohn,1.07337259042,-1.8875670273
Wolfensohn,0.791728106107,-2.14457650737
Wolfensohn,0.437565676535,-2.38267752945
Wolfensohn,0.694344012325,-2.10035827973
Young,1.08496596316,-1.99709803835
Carey,0.354629519058,-1.76783166299
Cooke,1.90085089457,-3.00607546674
Dimon,-0.278079204079,-2.06597926222
Kellner,1.72652603481,-2.43909409173
King,0.730099847613,-1.37711559219
Lee_Curtis,-1.30608956433,0.741917492652
Martin,0.657912860735,-2.07880134014
Olis,-1.59462438813,-1.81363973976
Villafane,1.60099398626,-2.56580369393
Villafane,1.50676731913,-2.97297312474
Miller,-2.02526521266,1.38547134235
Norgay,-0.80048251955,-1.46013290939
Norgay,-1.25647894059,-2.41202260971
Henke,1.2549445544,-0.569094661967
Pittman,1.23699522569,-1.86456231083
Bjoerklund,1.11915340506,-2.32074989946
De_Bont,-0.980896487837,0.815172112121
Clayson,0.885399693106,-2.11293517141
Fonda,1.04646689905,-1.25020353246
Kaczmarek,0.866786677283,-1.41529958385
Kaczmarek,-0.237772606557,-0.961709848398
Krakowski,1.08518480857,-0.213964001033
Jara,-0.283963186919,-2.50438422363
Leeves,0.684895864388,-3.64364464129
Menelaus,1.3659536948,-2.68205432979
Pauley,1.26215284708,-2.665181756
Pauley,1.5772014975,-2.24963325864
Riley,0.94344414606,-1.30147013811
Rooney,0.749452037316,-0.965148015553
Russell,0.670924150051,-1.43274571691
Chandler,0.0514616253017,-1.01888019536
Crawford,-0.7645882962,-0.872185036369
Ecker,1.54572237831,-3.3743119579
Horvath,0.850964679102,-0.740158432995
Leigh,2.20567727758,-2.58279747372
Napolitano,0.426048309735,-3.42558250587
Napolitano,-0.0899243305633,-2.6950475223
Napolitano,1.16437147462,-2.40726534806
Napolitano,0.531131410102,-2.53517776487
Husarova,0.0113165094541,-1.46857768962
Thorpe,1.17382547361,-2.16116056678
Thorpe,0.363543611962,-0.585110055235
Walker_Wood,-1.68288623564,1.93308937583
Drnovsek,0.827937053196,-0.708713689248
Kostelic,0.275909275905,-3.36556250479
Kostelic,2.02019915349,-0.921868140798
Abreu,1.6412543799,-2.07584988577
Goldfinger,0.897053103764,-2.27161505
Pietsch,0.664473732656,-1.76871115568
Ruth_Coulter,-1.96707717828,2.01817029881
Gambill,1.19837503118,-1.80529763956
Gambill,1.30168141601,-1.79447929085
Gambill,1.48163356429,-1.69040639416
Paul_Miller,-1.70187268752,0.286426029616
Peter_Balkenende,-1.5117602107,0.791277077858
Petersen,0.177363585178,-2.09751868391
Pronk,0.0499067008395,-1.38033044101
Ullrich,1.634125241,-1.50930083643
Ullrich,1.61444910753,-2.4960231469
Ullrich,1.21516624628,-1.83052371711
Ullrich,0.375332279961,-2.80279318654
Ullrich,-1.62767926577,-2.18392823773
Ullrich,1.2025397717,-1.29204609581
Kaminski,-0.050585884545,-1.73854410595
van_Breda_Kolff,1.96594209326,-1.19448313591
Gharib,-0.27698815946,-0.0195132261736
Godoy,-0.446346523375,-0.480547153127
Jagr,2.42017943003,-3.23463615319
Alexander,1.73218655244,-3.39761670995
Alexander,0.645922605898,-2.54263794617
Bentley,0.817641732772,-1.42437063423
Biggs,0.567604606086,-3.321737442
Campbell,-2.0082290877,-0.806274107357
Clermont,1.41637153504,-2.31856879643
Gardner,-0.880516166051,-0.722678504464
Jennings,2.04898158842,-2.50494577896
Jennings,1.99264780279,-2.57945944202
Kapono,-1.0055209526,-0.679915577204
Keep,1.61882588335,-1.70516902805
Kidd,0.992866687993,-1.0435711904
Kidd,1.3059097749,-1.27450234989
Kidd,1.57860996568,-0.570086742313
Kidd,0.630883986751,-1.48869698132
Kidd,0.138976651025,-0.727036726884
Kidd,0.826575144131,-1.13854219377
Kidd,0.346718264593,-0.422469634636
Kidd,0.894933923302,-0.748179291777
Kidd,0.473315592828,-0.409703484462
Kidd,-0.101398932507,-0.559998422465
Lezak,1.37807650828,-1.33055933431
Lezak,2.10100415013,-0.649116293665
Mewes,1.84897563472,-2.47495235001
Petty,0.826397254425,-2.12248769756
Priestley,0.612517035355,-1.85179566626
Sehorn,0.22602279797,-1.41793275776
Sorens,-0.161182187044,-2.90717107138
Statham,0.781354180035,-2.36085910372
Vale,0.86383220965,-1.12621934648
White,0.766743384372,-1.77457062025
Bardem,0.197770805277,-2.42979068594
Camara,0.71518102764,-2.11038211626
Delgado,1.20806803137,-1.66661630237
Saviola,0.400202042695,-1.93847316981
Solana,0.17922106877,-1.67122337998
Solana,0.843403698944,-1.36965178634
Solana,0.192605589286,-1.84367015878
Solana,0.498986876964,-1.8043491702
Solana,1.41880775483,-2.00759753876
Solana,-0.0940094013383,-2.76495649183
Solana,0.788122924257,-0.67432523892
Solana,1.1763160195,-2.83284730651
Solana,0.503273127252,-1.84648380707
Solana,0.369431725414,-2.44372610358
Vargas,0.257791272033,-1.96194561291
Vazquez,-0.0324164771639,-1.05904318751
Weber,0.602351547577,-1.43111047429
Weber,0.53649088083,-1.99356084023
Weber,-0.129410691636,-2.56685608902
Zanetti,-0.0706183591015,-0.908388112159
Boulus,-0.462258929069,-2.57752569124
Garner,-0.415589668182,-1.79729030371
Garner,0.836825321245,-1.24476757416
Garner,-0.0955689975482,-0.377584871785
Garner,1.40717209668,-1.17090210487
Garner,1.15323451164,-0.449061275695
Garner,0.608612247024,-1.43108086842
Leno,0.0211198269119,-2.0932940947
Leno,0.329290208214,-2.27568317471
Leno,-0.0515810427513,-1.91420070039
Crabb,0.681102479599,-1.37206794545
Yarris,1.35066881588,-2.11409387667
Rasulo,0.796515610246,-1.51260239283
Rasulo,0.57198506143,-2.08412937457
Williams,-0.0390562685978,-0.837802708921
Williams,-0.690541792137,-1.97536899747
Williams,-0.380385539732,-0.524449469058
Chasez,1.07086358722,-3.13386759736
Brumley,1.24466232418,-4.14324011177
Brumley,0.872670367741,-2.67788619255
Carnahan,0.61826818211,-2.21521542891
Carnahan,1.49790125806,-2.81160456888
Charest,1.64221090043,-1.24767228711
Charest,1.20903711067,-0.885724506752
Charest,2.21882352416,-2.16949358073
Charest,1.31288432825,-1.81506869426
Charest,1.19474587172,-1.40334953635
Charest,0.888757198382,-0.801534974401
Charest,1.54606934405,-2.07739278126
Charest,1.36837192982,-2.77745627203
Charest,1.15511375021,-1.16803545393
Charest,2.30635633038,-2.20318911266
Charest,2.00155689794,-2.16037152863
Charest,0.985566649764,-1.2312690657
Charest,1.98370188105,-1.83767093537
Charest,1.40576390855,-1.6300582548
Charest,1.3184206046,-1.82665336847
Charest,2.5150667169,-2.90057914421
Chretien,0.92476988855,-1.63392062475
Chretien,0.25132096961,-1.01500654889
Chretien,1.57595001345,-2.30881835383
Chretien,0.407328874527,-2.01604591129
Chretien,2.58460303067,-2.2633382717
Chretien,0.442466884959,-2.47655684137
Chretien,0.190286104799,-1.46900607856
Chretien,0.460507477952,-0.64434471468
Chretien,1.07864004831,0.0686981643668
Chretien,1.38320861974,-1.79132048229
Chretien,1.27162937916,-1.80015010134
Chretien,0.789983334705,-1.61968136078
Chretien,0.775530770341,-1.90278530909
Chretien,1.17558268507,-1.16337682124
Chretien,1.52104421867,-2.06809875605
Chretien,0.706965966733,-0.959783253627
Chretien,1.33996360762,-1.31314143663
Chretien,1.18750496642,-1.02262370076
Chretien,0.954222586769,-1.00491686169
Chretien,0.81464206015,-1.42276543599
Chretien,1.30839556858,-2.33543922399
Chretien,0.937165855068,-1.86535991049
Chretien,0.313759068112,-2.01797270144
Chretien,0.409503371807,-0.795479910679
Chretien,1.57620595451,-1.89663651741
Chretien,0.668070461989,-1.80875474429
Chretien,1.09754343075,-2.38169005217
Chretien,1.49171321272,-1.72842677848
Chretien,0.874628191724,-0.857739571485
Chretien,0.493654108225,-2.93546632971
Chretien,-0.166236938513,-1.8077836405
Chretien,0.51146740163,-0.318201302196
Chretien,1.14641141662,-1.87690870281
Chretien,0.495988045129,-2.00443983859
Chretien,1.31220601623,-1.35994817725
Chretien,-0.213941935632,-1.29184437267
Chretien,0.148769625715,-1.09701193582
Chretien,1.27435280258,-2.34366697994
Chretien,0.661555578138,-2.45684082698
Chretien,0.424491025917,-2.23750287142
Chretien,0.125192181232,-1.59861868918
Chretien,0.125969927755,-1.32584326689
Chretien,0.597584381256,-1.72011612067
Chretien,0.642941353118,-2.06126626295
Chretien,1.3145666563,-2.07430705894
Chretien,0.243523730344,-1.29538773428
Chretien,-0.462779097629,-0.670773418286
Chretien,0.516378504219,-1.32045947342
Chretien,0.563385248813,-1.61980748995
Chretien,2.07314422998,-1.83903092416
Chretien,0.388837407368,-0.812121326064
Chretien,0.625804990027,-1.5680365258
Chretien,0.868050670199,-0.88807792537
Chretien,1.64136510505,-1.67642028585
Chretien,0.52209232423,-1.68278486236
Braquet,0.261773041113,-1.67703899867
Braquet,0.734471591355,-1.89754219816
Juncker,1.66946398446,-0.927464353666
Juncker,0.743083148745,-1.62726926459
Trichet,0.588514601138,-1.04396557732
Trichet,1.1096970497,-2.02217938837
Van_Damme,-0.621038680412,0.666645564822
Levitte,0.28532146575,-2.09250332525
Levitte,0.361091665133,-1.24571115741
Levitte,0.807244663635,-1.88760596796
Levitte,1.267461039,-0.596600755152
Levitte,1.49906802018,-0.806456713976
Levitte,1.23185661561,-2.49685947368
Levitte,0.645165847879,-1.61869876296
Levitte,1.75686933212,-2.18998062277
Levitte,0.182948148011,-1.92521652558
Kirkpatrick,0.629145354224,-1.39227246908
Gray,0.0806230350389,-1.65604607723
Stauffer,0.42873130287,-1.72658539034
Lemounier,0.614507510508,-1.79221123651
Pontal,-0.839613433592,-1.34383801807
Pontal,1.01591409057,-1.88975123814
Pontal,-0.227383453175,-2.65928701967
Bideau,1.08054215692,-2.30088236529
de_La_Sabliere,-0.0113863248426,-1.28609993544
de_La_Sabliere,1.05449180163,-1.11651948862
Olive,1.36359127887,-1.32135469097
Nagel,0.767874134778,-1.79338359888
Anne_Schroeder,-2.43073998474,2.15837239744
Moreau,0.948280522121,-2.16931265916
Moreau,1.12809123449,-3.07694538452
Biedermann,0.697939451636,-2.27091295974
Nazon,1.21997147119,-1.18891025953
Bemba,-0.49494644859,-0.184588975494
Raffarin,0.115645074274,-1.93818208037
Raffarin,0.419530022162,-1.34070763325
Raffarin,0.801476087307,-0.747845841456
Raffarin,0.337261252638,-2.86883653051
Raffarin,1.53647452168,-2.51988097123
Raffarin,0.264700928854,-1.85299627934
Raffarin,1.1947004402,-2.06059982402
Fourtou,0.810542872857,-2.39967410387
Giguere,1.38297817526,-1.66241677946
Giguere,0.0251160463955,-1.2837501786
Todt,0.928770184721,-1.73934010633
Bush,0.533493379576,-1.48985162112
Bush,0.823193408597,-2.43072306211
Bush,0.857780876047,-1.89813800155
Bush,1.07328600533,-1.64745485876
Bush,0.974376544579,-2.43288375522
Bush,0.685285517859,-2.04815649112
Bush,1.27615164433,-1.82345575767
Bush,1.17806176506,-1.6446995157
Bush,1.61746631315,-1.57740684467
Bush,1.24709357469,-1.2384615572
Bush,1.97465173039,-2.00953553475
Bush,2.08295816531,-2.36298499138
Bridges,1.62784018411,-2.63888852014
Bzdelik,0.316145035847,-1.81943596082
Dederian,1.47301410692,-3.29328662749
Perez,-0.621280043496,-0.234097217077
Perez,-0.64631055496,-2.10826340192
Hendren,0.677902144102,-2.14916218978
Strelzin,0.187567758108,-1.8406740458
Feldman,-1.01056469962,0.0905939149176
George,1.39617352184,-2.29012403381
Hornacek,1.22971895166,-1.29709098338
Archer,0.560478120731,-1.39214222302
Archer,0.873154702415,-1.37246109727
Ashby,-0.596401789914,-1.74047745875
Donaldson,0.818507212845,-3.04108831876
Immelt,0.344250402802,-1.6169117918
Immelt,1.01237249351,-1.98856478887
Jones,1.21413102287,-1.95617608456
Jones,0.966414293673,-1.95382357086
Katzenberg,-0.550159553238,-0.0361134172694
Scott_Postell,-1.08212128581,0.424856290983
Scott_Postell,-1.33447556969,1.51077887938
Roehm,1.33232400516,-1.81844653029
Schiffner,0.549143092079,-0.991913983719
Van_Gundy,-1.69630030597,1.53278136844
Van_Gundy,-2.36161630921,1.19378658553
Van_Gundy,-2.26580133367,0.918092616322
Weaver,-0.583924177157,-1.58531478291
Dokic,1.17773747888,-2.28098848689
Dokic,1.70756145121,-2.32290339723
Dokic,0.850958364872,-1.58882617253
Dokic,0.779110457704,-1.14369683283
Dokic,0.529583425817,-2.28842311074
Dokic,0.642777081166,-1.48307256457
Dokic,0.374957026717,-0.817113698712
Dokic,0.475358302212,-2.12841541408
Bice,0.286079166228,-1.62731499032
Elfman,1.26118521914,-1.19928992705
Bradley,-2.84717180664,-0.0234338724978
Finch,1.07496897101,-1.67413993804
Garth,0.986362562628,-2.39984083955
Aniston,0.0984528596505,-0.827644455143
Aniston,0.77639200664,-1.07623623094
Aniston,0.550432916894,-0.570438396259
Aniston,1.45587989049,-1.72218628569
Aniston,0.977144880606,-0.168852595845
Aniston,1.42143789246,-1.84662492529
Aniston,1.56006716024,-2.58951397632
Aniston,0.652013601438,-1.28040604729
Aniston,0.862619400167,-1.92469133373
Aniston,1.20683839159,-2.64165684498
Aniston,0.117585871621,-2.5861267683
Aniston,-0.0972063494532,-0.668050658035
Aniston,1.85892449036,-1.94360836481
Aniston,0.430543641957,-1.18522168601
Aniston,0.993766564309,-1.30619548633
Aniston,1.58231811928,-2.71232526745
Aniston,1.87701227103,-1.88587003596
Aniston,1.10286130768,-1.4889625313
Aniston,0.936526988784,-1.88444792151
Aniston,0.796462774461,-2.98869375038
Aniston,0.257084228195,-3.05188644219
Capriati,-0.0228725795577,-2.01823851599
Capriati,1.23592455341,-1.58704244073
Capriati,1.27245935493,-1.9209511181
Capriati,0.953103588263,-1.42567380615
Capriati,0.960979740211,-1.55628963695
Capriati,0.0274053941319,-0.838443620121
Capriati,0.972278258291,-1.85738645387
Capriati,0.191229795398,-1.08330796543
Capriati,0.956298560229,-1.37348171787
Capriati,0.992418961019,-1.45339232768
Capriati,-0.0489656058833,-0.56756220441
Capriati,0.0850187066314,-2.18442765124
Capriati,0.824929619157,-1.70831279548
Capriati,0.715908609582,-2.03023784241
Capriati,0.201650087047,-1.20971447305
Capriati,0.365312061619,-0.581491964817
Capriati,0.356233857111,-0.945468331493
Capriati,0.582694878804,-1.22160672418
Capriati,1.1971795569,-1.41940016617
Capriati,0.670766295526,-1.10882391747
Capriati,0.743054788744,-1.23610099491
Capriati,1.88933198392,-2.99754816144
Capriati,0.604672946224,-0.798855183211
Capriati,0.754265001691,-1.58131138142
Capriati,1.37456475574,-1.50588091603
Capriati,0.514394320142,-2.20880432842
Capriati,1.14125883226,-3.00401738291
Capriati,0.778159737298,-1.16754446506
Capriati,0.382494245732,-1.25106892727
Capriati,1.1469288087,-0.807484201457
Capriati,0.330866859689,-2.6180482385
Capriati,0.0617168094298,-1.87505532482
Capriati,0.364945232216,-1.46303555883
Capriati,0.129683100631,-1.23386910992
Capriati,0.20058295897,-1.59525718704
Capriati,0.228422067476,-1.45729544955
Capriati,0.500128191933,-1.5867928894
Capriati,0.119040223501,-1.27573557274
Capriati,-0.119243746023,-1.17250387935
Capriati,0.153090215565,-1.69472497098
Capriati,0.715081391079,-1.54113382842
Capriati,-0.805366972578,-0.141674824296
Connelly,1.85159959018,-2.46165171233
Connelly,-0.0508212430022,-3.60052874038
Connelly,1.52988037941,-2.71359245891
Connelly,1.50718797493,-3.41167002308
Furminger,-0.0364198873992,-2.21934592883
Garner,1.79936699789,-2.31394885473
Garner,0.914319329899,-2.80767898724
Garner,1.43834648202,-2.35425079942
Garner,0.278898543186,-1.2062164556
Garner,1.77356803957,-3.20957177715
Garner,0.866252505454,-1.96476520513
Garner,1.10634898939,-2.39384176123
Garner,1.90856930195,-2.529030024
Garner,1.80828872445,-2.40278448185
Garner,1.25917182018,-1.82371325327
Garner,1.06008009518,-2.80503644974
Garner,1.36895278528,-1.92332851387
Granholm,1.01897166723,-1.95802675878
Gratz,0.199876372839,-1.04235307331
Keller,0.407495662882,-2.76066543929
Keller,-0.101736597015,-2.71499632852
Keller,0.601743077593,-3.23149791896
Keller,0.204660424388,-3.5634344001
Lopez,-0.369352488698,-0.0375967605142
Lopez,0.46598526159,-1.63995217089
Lopez,0.469057101093,-1.20602754696
Lopez,0.221074929556,-1.34241529427
Lopez,0.527211962028,-1.04997138354
Lopez,0.404100515392,-1.24901868662
Lopez,0.909002290228,-1.00799546485
Lopez,0.365585548052,-1.01736202767
Lopez,0.847702369704,-1.88252855869
Lopez,1.17420733501,-1.06022630539
Lopez,0.753367111892,-1.14296107309
Lopez,1.57425218376,-2.34179044225
Lopez,0.549228692488,-1.41557770534
Lopez,0.648629854729,-0.692908643658
Lopez,0.53451452732,-1.23654958624
Lopez,0.093194637681,-1.09018683533
Lopez,0.448535606459,-1.83501140011
Lopez,0.32246666312,-1.10871399098
Lopez,0.056116346633,-0.894757074523
Lopez,1.06686642464,-2.55220007397
Lopez,0.396413588307,-2.03228685494
Love_Hewitt,-1.19957053421,0.651705305531
McCoy,1.55484992584,-2.42715407645
Murray,1.37452725251,-2.70477869547
Pena,-0.398913422214,-2.0631918348
Reilly,1.00417143055,-2.75169464832
Reilly,1.06877376031,-2.95393665594
Renee_Short,-0.596277052942,0.0440160212831
Rodriguez,-0.494927731595,-1.07380368327
Rodriguez,-0.0634384364252,-3.68471684526
Thompson,1.04545518458,-1.4431131786
Thompson,1.52502899049,-1.35688651185
Tilly,-0.735679052668,-2.01768323399
Romero,0.0857778686122,-2.49245153301
Schefft,1.37401785761,-1.44581168191
Lehmann,1.03661901068,-1.61955581852
Se-hyun,-0.97778440521,-1.17835202864
Se-hyun,-0.706590543742,-2.83573802067
Se-hyun,-0.446335683614,-3.23169696146
Se-hyun,0.156737503968,-1.67645802944
Se-hyun,-0.466082495102,-2.00481682524
Se-hyun,-0.102381350651,-2.66985747793
Se-hyun,-0.642898871597,-1.87239009766
Se-hyun,-0.883057245098,-2.71651082541
Se-hyun,-0.977082080004,-1.35655439251
Kraus,0.151043378744,-1.62637101714
Fogel,0.142618150684,-3.89917944314
Gompertz,1.67314770935,-1.81023783137
Greenstock,1.29536494071,-1.78099157308
Greenstock,0.238559305023,-1.9225191438
Greenstock,1.23186111888,-2.8636322161
Greenstock,-0.765877687917,-2.11526839999
Greenstock,0.354493146803,-1.70327760585
Greenstock,1.00413895972,-2.73270761089
Greenstock,0.135793408724,-1.35255049396
Greenstock,0.627593124489,-2.51016062905
Greenstock,-0.00145939457851,-2.22810639122
Greenstock,0.171529710525,-2.85709639657
Greenstock,0.233661637661,-2.29362745214
Greenstock,-0.376106452914,-3.24260774491
Greenstock,-0.203854322826,-1.53849063134
Greenstock,0.447807012908,-2.61410866736
Greenstock,0.12814500176,-2.46694157258
Greenstock,-0.387795162743,-1.77895171994
Greenstock,0.570351855291,-1.63607922774
Greenstock,-0.350292323697,-1.71342004978
Greenstock,1.09810346746,-2.19437417323
Greenstock,0.287747830394,-1.73951521984
Greenstock,-0.205141588557,-1.72519811128
Greenstock,1.09502131496,-2.19933352898
Greenstock,0.570571472568,-1.40380804139
Greenstock,0.103507389827,-2.10639267951
Shockey,0.495148351758,-2.83291100089
Shockey,1.23990355498,-2.46441993868
Wotherspoon,1.14711231728,-2.80778789797
Ryan,-0.431340699504,-0.818850362731
Golmard,0.846300531943,-2.48178922818
Jenkins,-0.83261426428,-0.547057833604
Angelo,0.566698454463,-2.26339542844
Bruckheimer,1.30810569828,-1.36397793876
Colangelo,1.11740257436,-1.30721258643
Falwell,0.861016470992,-2.17728504107
Falwell,0.415127531446,-1.15503481641
Hall,0.693019307651,-1.74401615973
Jones,0.22315451115,-0.21078186052
Lewis,-0.366409224079,-1.52687855894
McEntee,1.10410558647,-1.55197307534
Oliver,-1.21685397737,1.58408515131
Pauley,0.712070664073,-2.43477179547
Regier,2.00997684067,-2.65734440449
Regier,2.16477964287,-2.89769857204
Regier,1.78464312341,-2.15582796207
Regier,1.83881884162,-1.49829721962
Seinfeld,0.314445713367,-0.858233053345
Sexton,1.35764012177,-1.22997063446
Sloan,1.46828918836,-1.73754339356
Springer,0.640234043178,-2.11342190924
Springer,0.684430212952,-1.8687748213
Springer,1.45629738286,-2.1376196238
Springer,1.72936219777,-2.5854949012
Tarkanian,0.49913723311,-0.557339307107
Parnevik,0.893466545796,-2.42671441897
Harris,-0.0942866029555,-1.67799160358
Harris,0.210483397684,-1.69378800298
Harris,0.588782747827,-2.14055458868
Helms,1.43035117069,-2.04460809247
Jackson,-0.239680145967,0.0648778156863
Jackson,-0.528100480993,-0.356705997082
Jackson,-0.646174342531,0.679512303601
Jackson,-1.25651394274,-0.209430105967
Jackson,-1.54366472988,1.46590731425
Jackson,-1.00690647601,-0.0780045118784
Jackson,-2.13679486926,-0.834120665797
Jackson,-0.575136550198,-0.31307320951
James,0.655428238125,-0.90735873871
James_Leija,1.03363423009,-1.81541371173
James_Leija,-0.531201469469,0.336867462869
Ventura,1.82357281761,-1.76976017948
Ventura,1.18495127819,-1.84621484828
Ventura,0.932037213293,-0.0846400704381
Alba,0.101508633149,-1.5241962422
Alba,0.576309266742,-1.62168821294
Biel,0.989116419481,-2.81393430628
Brungo,0.623941793764,-1.28896564737
Capshaw,1.0691999364,-1.24723936437
Lange,0.900199096944,-1.83160678696
Lange,0.783345341706,-1.957975241
Lynch,0.254484847089,-0.694686780724
Lynch,-0.111602241829,-3.18495286587
Simpson,0.563184705413,0.0625815002829
Cardenal,1.0203402641,-1.74970703145
Howard-Taylor,-2.35435037746,1.17154042334
Zemin,0.787878957495,-0.635055176223
Zemin,1.31110257766,-1.76106200457
Zemin,0.487712751378,-1.16780526893
Zemin,0.132206090943,-1.63808538549
Zemin,0.00338783919894,-0.20606213716
Zemin,0.623786092893,-2.93480898076
Zemin,0.205988565187,-0.935992792803
Zemin,-0.202371772144,-0.946725285409
Zemin,-0.167650581187,0.691395283277
Zemin,0.506146277538,-1.00642508363
Zemin,0.326862878236,-0.852817685464
Zemin,0.136553216836,-0.923726759299
Zemin,0.85492024846,0.224998677898
Zemin,0.950436910454,-0.633099096891
Zemin,0.109068640914,-0.949517266714
Zemin,-0.180937849086,-0.145867020327
Zemin,0.297239747381,-1.53815641125
Zemin,0.328764642799,-2.07434290899
Zemin,0.817101633682,-1.77991553027
Zemin,0.334370777331,-1.70855068911
Qinglin,-1.48134875763,-1.36323271403
Qinglin,-1.75992738734,-2.51672171328
Abbott,0.136479750989,-1.59443044616
Ahern,0.450270486992,-0.726488060215
Anderson,0.636178479943,-2.98564551915
Beattie,2.13518419493,-2.07354372959
Bollman,0.438102723978,-2.42597755048
Bunning,1.37372331381,-1.6954256554
Calhoun,1.31088081868,-1.60454223245
Cantalupo,0.735475416799,-1.11479228562
Carrey,-0.0795374851712,-1.33296798275
Carrey,0.116871382278,-1.92916538694
Carrey,0.394988750229,-2.36708683958
Doyle,2.18367247849,-1.54752391864
Edmonds,1.21301908685,-1.52548348751
Edmonds,1.50903993982,-1.64105937652
Fassel,1.41765841421,-1.78000097662
Flaherty,0.899740494974,-1.66165520421
Freudenberg,0.792156425167,-2.03077337846
Furyk,0.789521828997,-1.37481553302
Furyk,0.375848785673,-2.04260729657
Furyk,0.762127967229,-1.96164069881
Furyk,0.384164677447,-1.9818405011
Furyk,0.942416839185,-2.20456262264
Furyk,-0.411981258806,-1.98795560729
Greenwood,0.507326390708,-1.65299948478
Hahn,1.31162601565,-2.35937304664
Hahn,1.85725912906,-2.41897027732
Hahn,1.0470690557,-2.40077640019
Hahn,0.576455675537,-1.33806622357
Hardin,0.938480444742,-1.52629058519
Harrick,1.13452926617,-1.82858256419
Harrick,0.724999150266,-3.04823956968
Haslett,1.65557279908,-2.2556029786
Hendry,1.60628993102,-0.823213079784
Jeffords,1.69025357735,-1.01204338586
Kelly,0.136422246964,-2.77570723975
Leach,2.62489552079,-1.79490575415
Letten,1.84360560032,-2.5271386512
Carter,0.469397519715,-0.84847252001
Carter,0.67135584689,-1.17211655259
Carter,1.16025761978,-1.36997841048
Carter,-0.0980425470853,-1.46833959575
Carter,0.624103678832,-0.543318351186
Carter,0.780716446903,-2.00817762547
Carter,0.331578120761,-1.16926888536
Carter,0.00957115404412,-2.51485353906
Carter,1.03902024556,-0.98258032495
Gobble,-0.101246077236,-1.49165169979
Gurule,0.227534882469,-1.46528732287
Iovine,-0.0983246483087,-2.72132955755
Jimenez,0.973288219768,-1.28147986291
Kimmel,-0.00962213234624,-1.47239788364
Kimmel,-0.132372975166,-1.47687699107
Lee,-1.07087421224,-1.90393317905
Smits,0.38634785354,-1.85672588133
Szymanski,-0.201477159703,-1.60039831546
Nochols,2.30523055786,-2.06150490326
OBrien,0.730300085755,-1.63296140402
OBrien,0.611427943924,-1.44552076721
OBrien,0.998542469455,-2.27085275882
Otto,1.16136846101,-1.04584488968
Parque,-0.0414661749316,-0.949591305174
Paxson,0.739570343106,-2.1942711474
Piper,1.02454706655,-1.55489844266
Ryan,1.62767531574,-2.75791444303
Schwarz,1.57687469044,-1.19543063462
Spinoza,1.22174032443,-1.83267094371
Sterk,2.09896850363,-2.76598987556
Talent,-0.102540756503,-0.97077181353
Taylor,0.9930417612,-1.89922552482
Thome,1.13928949688,-2.58893880791
Tressel,1.07458083322,-2.21314830672
Tressel,1.28858915623,-1.54872343806
Tressel,-0.353613833698,-0.821124938301
Tressel,1.42927596215,-2.38245944345
Wall,2.59405488332,-1.54208319911
Wessling,1.08749850101,-1.97210936698
Wong,0.0998314923497,-1.62259372713
Zorn,0.971444916774,-1.37626100709
Novak,0.940164650177,-2.51130758043
Novak,1.44888444434,-1.29200676588
Novak,1.44101270687,-1.21197113575
Novak,1.50239356113,-2.70716379658
Novak,1.32782019446,-2.11214410901
Novak,0.590470262773,-2.61929613926
Novak,1.24287478564,-2.26416941316
Novak,1.86800481138,-2.02747361591
Novak,1.77079924271,-2.23215397256
Novak,2.44402597188,-2.61925731129
Novak,1.61871932807,-2.07953259689
Redick,0.25923663135,-1.30808758341
Redick,1.64993869659,-2.18750635956
Rowling,1.0532869342,-2.48045724877
Rowling,1.43514028175,-2.65928164328
Rowling,1.65382272876,-1.84599730954
Rowling,1.18537826996,-1.94362496352
Rowling,1.36516650488,-1.71992763259
Rowling,1.03548042949,-0.894482862131
Claybrook,0.837453430402,-2.98143244943
Claybrook,0.550440209347,-2.05179644455
Collins,1.16330706275,-3.12838845816
Dangerfield,0.983670251475,-2.48312603539
Jett,0.864923176827,-1.70854081277
Laporta,0.914006037171,-0.81920042648
Laporta,1.19242685083,-2.00003223411
Laporta,-0.141697538391,-1.4521650233
Laporta,0.405282173535,-2.15119035568
Laporta,0.90738435742,-2.19098242212
Laporta,0.913719775954,-2.32588582982
Laporta,0.0582577023458,-3.27049599426
Laporta,1.00681494022,-2.00348218919
Laporta,0.450567139212,-2.0414155307
Poitier,1.75026146394,-2.58037931101
Duquette,1.79861941717,-1.89392160466
Woodward,1.2474875232,-2.21386705663
Rocha,0.0998447017705,-2.07085961766
Levy,0.0368386848087,-1.35178480816
Rodriguez,0.869170707441,-1.80577119037
Phoenix,1.15658533154,-1.4965282241
Sanchez,-0.636283366083,-1.74287347357
Cohen,1.4045551707,-2.26871102484
Cohen,1.50911911857,-1.53738012304
Dee_Messina,-1.35227363771,0.250288801945
Dee_Messina,-0.564558374655,-0.366373049449
Foster,0.641555253135,-0.680233844792
Foster,0.850138196542,-0.927683119149
Foster,-0.508243945945,-0.175898725607
Henry,1.49665734275,-2.58627341687
Kidd,0.910907179801,-2.07508880767
Richards,0.775130327658,-0.263018467281
Calzaghe,1.46060572341,-1.88980699536
Calzaghe,1.51968745449,-2.7373172384
Carnahan,1.46369328257,-2.05186928885
Cocker,0.456672356301,0.121096193414
Cravens,1.02757265731,-2.18062795524
Crede,2.30699898285,-1.78318730136
Darrell,0.923847158657,-1.81133325461
DeLamielleure,1.05501454133,-1.81993872742
Dicaro,0.72754566747,-1.02936101653
Dumars,-1.2505071916,0.893401985065
Dumars,-1.93239050264,1.83510263812
Finley,0.147497279555,-1.34401553405
Friedberg,-0.726740505414,-1.33199051094
Garner,0.774851776111,-2.36845431615
Gatti,1.29689756531,-2.39151946504
Gatti,0.363713558279,-1.83314312678
Glover,1.04238449512,-2.77557600935
Leonard,1.47398774067,-2.15800959656
Gallen,-0.210061357056,-2.19685198704
Lieberman,1.14673464369,-0.772252898483
Lieberman,1.66200320533,-1.36710056023
Lieberman,0.774134547836,-0.156208029593
Lieberman,1.36135107064,-1.76784603548
Lieberman,1.37929053525,-1.85950013283
Lieberman,0.527743094872,-1.66275510142
Lieberman,0.703507964522,-1.13563717009
Lieberman,0.828845734955,-0.432248854857
Lieberman,0.959240241463,-1.2865885791
Lieberman,1.40068957423,-1.35397555435
Lieberman,1.63317173313,-1.0849565837
Lieberman,0.693178170171,-1.28443518897
Lieberman,-0.136145944426,-0.672617462771
Todd,1.10099265029,-2.19241840341
Mantegna,-0.371365363502,-1.25559574699
Mantello,0.015241717604,-1.26822234511
Mantello,-0.673419586877,-1.67620478495
Mendes,0.0759202012721,-1.54631674015
Metz,-0.0130485391078,-2.10089657337
Nichols,0.534839915289,-1.50063026392
Nichols,1.22178620043,-1.62009365993
Nichols,0.50458062257,-0.374982076623
Nichols,0.795747833486,-0.661611371507
Pantoliano,1.0610075662,-2.19352076202
Paterno,1.26368110536,-2.1769175742
Plumeri,-0.194418807515,-1.51316836311
Haider,0.701293053447,-0.870106252124
Haider,1.94369719071,-1.64779819242
Strummer,1.61865457314,-1.53471999551
Torre,0.504785724488,-2.43447719585
Torre,0.435974149877,-1.80909167503
Torre,-0.0269800221536,-2.12730656079
Torre,0.935338510129,-2.30473887553
Vandever,-0.091437890511,-1.05991936166
Buttafuoco,1.51582320293,-1.88780811209
Harrington,1.6756117015,-1.28086753139
Mantia,0.226119287238,-1.88926552663
Bruyneel,0.491734624609,-2.76282450613
Rau,0.583757962956,-2.09169579603
Abizaid,1.45116789189,-2.72215345717
Abizaid,1.96212977103,-1.53660814561
Abizaid,0.710903035824,-1.49415144322
Abizaid,1.54435544231,-2.74426177881
Abizaid,1.52336630511,-1.70616608945
Abizaid,1.31962708275,-1.66278490582
Abizaid,1.56876794977,-2.35641016162
Abizaid,1.97036934968,-1.89288736789
Abizaid,1.52048322893,-1.90789012492
Allen_Muhammad,-1.27074611093,-2.07172111069
Allen_Muhammad,-0.714327625663,-1.13942753272
Allen_Muhammad,-1.6201800233,-1.63553536735
Allen_Muhammad,-0.837885156033,-1.75816146061
Allen_Muhammad,-1.35350280041,-1.50182013053
Allen_Muhammad,-0.69230173584,-1.07884042549
Allen_Muhammad,-1.0702887139,-1.68100711695
Allen_Muhammad,-0.548227706955,-2.06687083469
Allen_Muhammad,-0.782022469606,-1.51996667423
Allen_Muhammad,-0.941278954299,-2.08209113299
Allen_Muhammad,-1.97750497479,-1.90321868999
Anderson,1.82830745038,-2.50304886796
Ashcroft,1.91122220246,-2.67136405157
Ashcroft,0.491123657268,-2.43923630183
Ashcroft,1.0851680652,-2.65949487554
Ashcroft,1.19556471402,-2.44755653146
Ashcroft,0.281523588175,-0.966848509904
Ashcroft,0.610920732591,-3.32020662157
Ashcroft,0.0410903342153,-2.33754082078
Ashcroft,-0.0838679536866,-0.746654117716
Ashcroft,0.268358177079,-1.74052815564
Ashcroft,1.32790033014,-2.02006056452
Ashcroft,0.722521577662,-1.37288711593
Ashcroft,0.660750795988,-1.54950606134
Ashcroft,1.03141916248,-2.10911962053
Ashcroft,0.764609899107,-2.21040814731
Ashcroft,0.600903790038,-2.06172987566
Ashcroft,0.838538142507,-1.84495039914
Ashcroft,1.12965933444,-0.74706604137
Ashcroft,1.14950026306,-2.31262299039
Ashcroft,0.750789065481,-1.40325428663
Ashcroft,1.11701317989,-2.18983300393
Ashcroft,0.349199684011,-1.44632988717
Ashcroft,1.25711764979,-2.2115047855
Ashcroft,0.823230157364,-2.13773308348
Ashcroft,1.39313707968,-2.40440077905
Ashcroft,0.680301276295,-2.61243030543
Ashcroft,0.746938854131,-0.938405836548
Ashcroft,0.645481595023,-1.91803949631
Ashcroft,1.02097118845,-2.82668178369
Ashcroft,1.4360832822,-1.70285968587
Ashcroft,1.34100502778,-1.80987298194
Ashcroft,1.77249765416,-2.11250211036
Ashcroft,0.852254456268,-2.0795747813
Ashcroft,-0.558045409742,-1.25007802604
Ashcroft,0.0621779009752,-1.29183892943
Ashcroft,0.864630316888,-1.54764996245
Ashcroft,0.293895694781,-1.37810264322
Ashcroft,0.516487486905,-1.28961615043
Ashcroft,0.915359330182,-2.10462409521
Ashcroft,0.442899713085,-1.73531358549
Ashcroft,0.869232169581,-2.12989890744
Ashcroft,1.05983321878,-2.6828056088
Ashcroft,0.526536298008,-1.70821398574
Ashcroft,0.83784568891,-1.64330215365
Ashcroft,0.199943126606,-1.42511081059
Ashcroft,0.739568857932,-1.89188702744
Ashcroft,0.184309666932,-1.59547002023
Ashcroft,0.562123916316,-1.67604271749
Ashcroft,1.1231403134,-2.4047030829
Ashcroft,1.26090843086,-2.06223156498
Ashcroft,0.775255266558,-2.38747843687
Ashcroft,1.26825242588,-2.09101326806
Ashcroft,0.837048794466,-2.91785464182
Ashcroft,1.18533150587,-1.71065915495
Baldacci,0.00150069571458,-1.68805469166
Banko,-0.418671838454,-0.305113851048
Banko,0.467784406636,-0.811323575512
Barnett,0.686568389972,-1.45118476897
Belushi,-0.924555177758,-1.28351026976
Blaney,0.155720925487,-1.81574567082
Blaney,1.19827792604,-1.91751556718
Bolton,0.146719799092,-1.65594798688
Bolton,0.837770760391,-1.19426762148
Bolton,0.640316259987,-0.959665024639
Bolton,0.718298691109,-1.07022375009
Bolton,0.416291269972,-1.5942637653
Bolton,0.4190882426,-1.58093426705
Bolton,0.733830720241,-1.30669790407
Bolton,0.0361047754476,-1.27089067235
Bolton,1.07221401796,-1.86595670468
Bolton,0.834254815316,0.133283976418
Bolton,0.596523968036,-1.04774786827
Bolton,0.723289227969,-1.69001256552
Bolton,0.541425485151,-2.15339054717
Bolton,-0.129883696778,-0.642376190777
Bolton,1.24203609049,-0.0514822031649
Bolton,0.157431508602,-0.813049839716
Bolton,0.677420918657,-0.942518993312
Bond,-0.390973348226,-1.17684879307
Brady,0.635461190392,-2.04120561868
Brady,1.05023269499,-2.93700431757
Burkett,0.00700636506378,-1.76883799628
Burnett,1.82183695309,-2.13954005938
Connolly,0.677730884149,-1.8019486826
Coomber,1.31963327962,-1.3442776338
Cornyn,2.20500708389,-2.29451562368
Cruz,0.500920008367,-1.71873394661
Cusack,0.824779060449,-2.71164051003
Cusack,0.523569263384,-2.35667605325
Dallager,0.796874221325,-1.75791108296
Daly_Jr,-0.977938309074,0.869422756375
Danforth,1.29528710149,-1.65755262376
Darby,1.17145088782,-1.89109428349
Duprey,0.648284827495,-2.02168113617
Eastman,1.42744405936,-1.57767083356
Eder,-0.462872078851,-2.53685787207
Edwards,0.94239243331,-2.21160813602
Edwards,1.91089734286,-1.5094798272
Edwards,0.591881372877,-1.55314126052
Edwards,0.665181494074,-2.26729855845
Edwards,1.55380819202,-1.71525169399
Edwards,1.12489631474,-1.81532051842
Edwards,1.17176343675,-2.42024233354
Edwards,0.379790720602,-2.49814439003
Elway,0.42853629124,-1.97707126576
Engler,0.793733850899,-1.45968895915
Fenn,0.856030030204,-1.24968846922
Ferguson,1.87544449575,-2.54037848887
F_Kennedy_Jr,0.707128323858,-1.72444997905
F_Kennedy_Jr,2.15489491874,-1.19881688065
Fox,1.58463385147,-2.24729142442
Franco,0.47296951898,-2.07520950927
Garamendi,0.960488822193,-3.45073452602
Garamendi,1.44952770734,-2.20063745978
Geoghan,0.396921645457,-1.26419839962
Goold,0.762234086847,-1.90607660617
Gordnick,1.5183171831,-1.64652204377
Gruden,1.01124632479,-1.31139441473
Hartson,1.28397116591,-2.67336914302
Henry,0.932110837649,-3.46701754154
Herrington,0.614968315016,-2.62473321356
Howard,0.767694719453,-1.51125381933
Howard,1.24493385633,-1.94562341697
Howard,1.5987256963,-2.68485367299
Howard,0.787014678616,-2.69686687944
Howard,0.826015203433,-1.71883287618
Howard,0.502228241528,-1.43168792583
Howard,1.41977412285,-2.55004793692
Howard,0.0579644717672,-2.06012510896
Howard,0.483478807805,-2.40488360356
Howard,1.15192735442,-3.02410993404
Howard,0.608530670155,-2.76033966191
Howard,1.57929982761,-1.92778015603
Howard,-0.108758770688,-1.74627552499
Howard,0.444479835525,-2.14862643734
Howard,1.16541301213,-1.93961214705
Howard,1.27830259667,-2.44609791091
Howard,0.637228960084,-1.6394224926
Howard,1.33139322766,-2.01403752312
Howard,0.37733586328,-2.27276447018
Jones,0.786599685547,-0.932296788444
Jumper,0.718314860298,-2.69268763173
Jumper,0.88246123967,-1.90440315877
Kerr,0.657756207238,-1.20720614505
Kerry,0.913068003277,-2.08394170528
Kerry,0.661959835526,-1.24441460436
Kerry,1.14778257189,-1.40555444337
Kerry,1.33069438474,-1.74478006965
Kerry,0.595360158264,-0.61399307968
Kerry,2.40542397927,-1.45464878026
Kerry,1.48835476311,-2.0414449347
Kerry,0.133305849022,-0.872106973277
Kerry,1.17899710584,-1.75300476088
Kerry,0.684090199693,-1.29109600841
Kerry,0.710342603847,-1.2196994438
Kerry,0.299425231084,-2.35650266454
Kerry,1.65976239537,-1.52504399537
Kerry,0.900255361671,-1.80734242387
Kerry,1.63997483337,-0.787557439003
Kerry,0.607865083761,-1.73116752403
Kerry,0.872033961909,-2.65659434116
Lawrence,0.548576405766,-1.7479298571
Leguizamo,-0.14438360724,-1.55247795252
Lennon,-0.500753487449,-1.73727016631
Lisowski,0.773331651023,-2.4825681619
Lithgow,1.86021693824,-1.70910474251
Lynch,1.93478072251,-1.89141500108
Mabry,0.735536413754,-1.61364615717
Madden,1.29968164058,-2.51498710903
Malkovich,2.22105735825,-2.58265671374
Malkovich,1.35221996375,-0.654881361484
Malkovich,1.86830627009,-1.68123670563
Manley,1.37630706586,-2.3622030818
Manley,1.01499364449,-2.23734241624
Manley,1.86156631258,-2.46769781291
Manley,1.33292440714,-0.857806463102
Manley,1.31415978266,-2.47734290036
Manley,1.40175463062,-2.82329187602
Manley,0.753245856159,-1.59595387372
Marburger,0.421622327702,-1.68572796804
Mayer,0.647172161129,-3.58495656956
Mayer,0.0810526712871,-3.03489295631
Mayer,-0.0203821420816,-1.95426594676
McCain,2.11564461241,-1.42431623962
McCain,2.04308259202,-1.90191334907
McCain,2.45920896332,-2.43141983327
McCain,2.39178432888,-1.9407727391
McCain,1.53905048255,-1.21176443617
McCain,1.9062498329,-1.52392166356
McCain,2.13667011769,-2.88245467819
McCallum,0.704223331156,-2.22730826511
McCallum,0.494321806724,-1.11309868821
McCormack,2.3450565685,-2.6091888311
McCormack,1.45726343545,-1.3127881714
McEnroe,0.574534032356,-1.52629255303
McEnroe,1.35569749149,-2.04745500682
McKay,1.39177703869,-1.28411212092
Moe,0.513282640786,-0.548503396754
Moxley,0.914359065783,-1.39889675849
Nash,0.580558076849,-1.46395114696
Negroponte,1.08399036402,-2.5139407733
Negroponte,0.795047835938,-2.09196816602
Negroponte,0.85565199391,-2.15430099593
Negroponte,0.376838817269,-0.147482449028
Negroponte,0.782322647794,-1.75486299673
Negroponte,1.28581246693,-1.87009981995
Negroponte,0.875757191331,-0.862585404903
Negroponte,0.705225677176,0.498220933908
Negroponte,0.959985681702,-0.551855321534
Negroponte,0.961725415818,-0.841511401294
Negroponte,1.44611001906,-1.79037368307
Negroponte,1.90872710901,-2.35412278819
Negroponte,0.852759486209,-0.936612862298
Negroponte,0.751332999094,-2.67201864241
Negroponte,1.51595856386,-0.864234186627
Negroponte,0.571532980902,-1.27724648533
Negroponte,0.507372166564,-1.63380358846
Negroponte,1.14176263513,-1.69667493978
Negroponte,0.825961227945,-1.66374319311
Negroponte,1.7432145068,-2.89282162188
Negroponte,0.575187213819,-2.20104236488
Negroponte,1.33818058978,-1.5109027289
Negroponte,0.0839181562068,-1.1305451893
Negroponte,0.648310107467,-1.63899714756
Negroponte,2.22734513954,-0.793507262193
Negroponte,0.724563156305,-1.76868737417
Negroponte,1.07601718634,-1.7895174476
Negroponte,1.56915946828,-1.23580591496
Negroponte,1.50189406239,-1.08941859466
Negroponte,1.13641464834,-1.24100895357
Negroponte,1.25908784191,-1.96104421843
Lynn,-2.42624993255,2.05451897361
Nimmo,0.656883120474,-1.64453866703
Norquist,0.497051372353,-1.66010893687
Benson,0.407995818332,-2.83705207455
Carson,1.13232957053,-2.19855767444
Carson,1.41430570788,-1.83039679959
Depp,-0.0722675238708,-1.3257067902
Depp,0.174058941709,-1.63518766941
Hallyday,-0.486302524662,-0.343971958332
Htu,-1.55262102696,0.0776797415346
Tapia,-0.54335756827,-1.46053628058
Tapia,0.760790735429,-2.00165455028
Tapia,0.266833792008,-1.0186536318
Unitas,1.9350953438,-2.19327024005
Unitas,1.31932964048,-1.51837657813
Paul_DeJoria,-1.43723045601,0.938140966821
Paul_II,-1.38877185212,1.96433529572
Paul_II,-0.808937911086,0.747393893866
Paul_II,-1.68423718229,2.09342239404
Paul_II,-1.36233083751,0.691578630572
Paul_II,-1.49186859219,0.990787503635
Paul_II,-0.708552974067,0.235981398604
Paul_II,-0.480052763606,0.336691443391
Paul_II,-0.277360753432,0.896459501754
Paul_II,-1.49971484732,1.25287936426
Paul_II,-1.85915935384,1.59626550698
Paul_II,-0.325583136156,0.673244800882
Perrota,0.769975518834,-1.2042310869
Petty,-0.472447785742,-2.72327093111
Philip_Elkann,-1.53364246939,2.07455744636
Prescott,0.705083965496,-1.36685239896
Reid,1.37769290103,-0.99771721332
Reid,1.18532281561,-1.97048227429
Reid,1.77623949718,-2.24167195534
Reilly,0.916489079762,-2.40759397441
Reilly,1.88745623708,-2.11255616202
Richardson,1.77000198565,-2.30833743874
Rigas,0.500450441625,-0.689318512661
Rigas,1.34175844756,-1.30911143317
Robbins,0.637507803957,-0.653865459485
Rosa,0.967280723568,-2.15774546885
Rosa,0.708964688367,-2.9282980052
Rosa,0.35354699549,-1.8676970676
Rowe,1.33897947331,-2.18643802618
Rowland,1.19448351126,-1.93479217958
Rowland,0.756819827968,-1.17017915494
Ruiz,-0.989818941923,-1.22150094008
Ruiz,-0.712738982053,-1.68584998266
Rusnak,1.73727375248,-2.63931552088
Salazar,0.639478577758,-2.66886171662
Scarlett,0.304106228766,-2.21340187978
Sidgmore,0.831005672322,-3.26865687743
Snow,1.45721871791,-1.88533057333
Snow,0.549982314156,-0.0209185296925
Snow,1.61673628306,-2.5255796124
Snow,1.06577594841,-1.69165505471
Snow,1.88072457655,-1.84644025682
Snow,2.10967368013,-2.4959588861
Snow,2.12743656075,-2.80882458797
Snow,1.0838919135,-1.90176812421
Snow,1.08695266744,-2.42144636675
Snow,2.05728032331,-3.00083584593
Snow,1.78640199183,-2.51403307291
Snow,1.44862643428,-2.20840131717
Snow,1.40486963349,-1.85532453227
Snow,1.16786584842,-1.33547839564
Snow,1.14007615111,-1.45926844019
Snow,1.26077531554,-1.64229332761
Snow,1.06277264687,-1.78439077463
Panjaitan,-0.986299260161,-1.34599117273
Panjaitan,-1.0709160553,-1.15502721121
Spencer,0.443723742193,-0.775663382117
Spencer,0.519229126716,-0.0650480571572
Stallworth,-0.617758450708,0.244310737426
Stallworth,-1.54282623095,1.88403308382
Starks,-0.266283508412,-1.61265684893
Stockton,-0.873399965401,-2.55874365219
Stockton,0.893435721209,-1.37415662098
Stockton,-0.213070868261,-2.48320370922
Stockton,0.930470105838,-2.75851890917
Stockton,1.02957248911,-2.4763678481
Sweeney,0.300270838156,-0.990638603516
Swofford,0.135250994541,-2.47113608628
Swofford,1.00848862326,-1.6175905383
Swofford,0.0126177876195,-2.12406532997
Taylor,1.53721762966,-1.13965747219
Taylor,1.2364172282,-1.9571165325
Thune,-0.324783609872,-0.209087165673
Timoney,1.16128698049,-1.3594303295
Timoney,1.46450476551,-0.456526787243
Travolta,0.374802712181,-1.70088355263
Travolta,1.20798504309,-1.40070426134
Travolta,0.697239487178,-1.27215774448
Travolta,0.884105430409,0.275728561057
Travolta,0.627256768016,-1.77904912162
Travolta,0.790265102361,-1.43775458865
Travolta,-0.234389282122,-1.5882253942
Tyson,2.46268118613,-1.92734288744
Walsh,1.07830010741,-1.68922471196
Walsh,1.27277580452,-2.29268181998
Warner,0.457812942824,-1.21011529797
Warner,0.573558511872,-1.9049475031
Warner,1.97538713561,-0.90390884894
Warner,2.08885613173,-1.87496604961
Wayne,0.620892468769,-0.76150835393
White,0.765835475854,-1.55783948397
Williams,0.122267168324,-1.46747525206
Wolf,1.62018186637,-3.58048134398
Wolf,1.93987321487,-3.0508485844
Wright,0.369235357783,-1.38798972102
Joong-hyon,-0.465862476807,-0.51738694487
Kwasniewski,0.274263215875,-2.28091369247
Kwasniewski,-0.573133269629,-2.29539930914
Arden,-0.0704212585894,-2.82527399522
Byrd,-1.16584439422,-1.36859289629
Edwards,0.914665318102,-2.23904002091
Edwards,0.505778791864,-2.09845598745
Edwards,-0.0404241140852,-2.00091860145
Edwards,0.732916149364,-1.76860282982
Edwards,0.38090984887,-1.16485191564
Edwards,0.876615740323,-0.422527508903
Edwards,0.662175560565,-0.589913893743
Edwards,0.513310538564,-2.03441888883
Fine,0.988552718493,-1.68732219494
Horton,-0.278640770663,-1.41254191102
Karsh,1.5140740418,-2.01026833476
Mostow,0.394851446788,-1.3770597132
Mostow,0.870754344777,-1.90945310234
Schroeder,1.97549045046,-3.4479012289
Tiomkin,0.92421141844,-1.08563775373
Woodgate,0.881706048704,-2.36944644591
Constance,0.475103873637,-1.79390026776
Corzine,1.40317902931,-2.07867306295
Corzine,1.09741195361,-0.952082868122
Corzine,0.308406740924,-0.846965968251
Gruden,1.69182767683,-1.18495705281
Gruden,1.15965353639,-1.33565026584
Gruden,1.51315096553,-1.27864135109
Gruden,1.48611712388,-1.4651881649
Gruden,1.47938860365,-1.95526579819
Gruden,1.89438680703,-1.21219616392
Gruden,1.08375116237,-1.78043588661
Thae_Hwa,-0.211947125305,0.394226759972
Thae_Hwa,0.579105678694,-1.07419728968
Wook_Lee,0.251604026483,-1.09583251124
Wook_Lee,0.698036370955,-1.40079738766
Wook_Lee,0.762061520763,-1.83131177502
Wook_Lee,0.630475774308,-0.45178329838
Kitna,0.434061039035,-0.975067384769
Stewart,-1.29874552264,0.812348021277
Voight,1.59374190106,-1.74799550985
Voight,1.89798396324,-2.25763783807
Voight,2.00807696678,-2.76509462284
Alberto_Galindo,-1.32066848722,-0.0081884792666
Arce,-0.0464219835005,-1.35140394779
Arce,-0.242816359288,-1.33663314973
Batlle,-0.181756709465,-0.760645014897
Batlle,1.30062631086,-0.821651515923
Batlle,0.566257777871,-1.91663091023
Castaneda,2.21017960959,-1.53552915925
Castaneda,0.0786873088591,-0.710920588302
Enrique_Jimenez,-1.39329977899,-0.294128272263
Marquez-Ruarte,-0.410852748817,-2.26002926636
Moreno,0.132457568523,0.405617638254
Quiroga,1.16630369413,-1.33798304147
Rodolfo_Canicoba_Corral,1.07979554077,-1.39370625816
Rodolfo_Canicoba_Corral,0.729074837073,-1.30357597764
Valdano,1.4784418072,-2.42160565791
Valdano,-0.0706225163036,-1.9414785767
Huhtala,2.33356538137,-1.17848471811
Fischer,0.720333174961,-1.87254450449
Fischer,0.929449571253,-1.67164645096
Fischer,0.425574008172,-1.88801626944
Fischer,0.888584697498,-1.73929863557
Fischer,1.12969487493,-2.34124384478
Fischer,0.985009740965,-2.47481068618
Fischer,1.12752996021,-2.5847778999
Fischer,0.520748385158,-1.00368798141
Fischer,1.08450795217,-1.24454342278
Fischer,0.924070383884,-2.73312131831
Fischer,0.422504855226,-2.74455851722
Fischer,1.07369386638,-2.71574399075
Fischer,0.268009734839,-3.17426295356
Fischer,0.208092011041,-1.6688557765
Fischer,0.361420949684,-1.39197268507
Fischer,0.0675238227954,-2.61236609068
Fischer,0.18767844095,-1.66359525607
Fischer,0.803747349766,-2.87017828166
Fischer,0.319799149294,-2.55467991878
Acasuso,-0.852780839777,-0.407727104966
Alencar,1.31292917328,-1.48817967392
Bove,1.57792712933,-2.42015537143
Canseco,-0.140015283629,-1.87420433016
Canseco,-1.25470171057,-2.74279670654
Canseco,-0.607680968763,-0.391167351452
Canseco_Sr,-0.834146097261,0.579786773391
Carlo_Fernandez,-2.30238634641,1.51103082104
Carreras,-0.0648285097619,-1.73812600052
Cevallos,-0.106934365853,-0.536813528078
Dirceu,1.06876429661,-1.17658767548
Genoino,0.771235151969,-1.92966249909
Jose,-1.08936970956,-1.74646925499
Lina,-1.15341421161,-1.19012677258
Lopez_Beltran,-0.793928685104,1.06802230898
Luis_Chilavert,-1.51434445733,0.969859633243
Luis_Rodriguez_Zapatero,1.54584599034,-1.42418829421
Luis_Santiago_Vasconcelos,2.01338930643,-0.450630388502
Manuel_Durao_Barroso,0.00487669306903,-1.48183558327
Manuel_Durao_Barroso,-0.110731916408,-0.74366994454
Manuel_Durao_Barroso,-0.0184390353239,-1.12822603379
Manuel_Durao_Barroso,0.0981881121127,-1.79952688899
Manuel_Durao_Barroso,0.421412505507,-1.59441216386
Manuel_Durao_Barroso,0.878614954574,-0.888674366598
Maria_Aznar,-1.94621450077,1.05423019869
Maria_Aznar,-1.71531557206,-0.0842885176065
Maria_Aznar,-1.67345035566,0.863814939622
Maria_Aznar,-1.78597230096,0.784977661742
Maria_Aznar,-1.71896247338,0.656125812798
Maria_Aznar,-1.32225943451,0.800735530672
Maria_Aznar,-1.94975927712,0.943609179306
Maria_Aznar,-1.77843627739,0.510330478403
Maria_Aznar,-1.78096712426,1.27179177819
Maria_Aznar,-1.31792624684,0.904858021142
Maria_Aznar,-2.48407902771,0.78694424067
Maria_Aznar,-2.46616673225,0.716638135597
Maria_Aznar,-1.14505448191,0.924404377837
Maria_Aznar,-2.18813069831,1.03810201225
Maria_Aznar,-0.848791974145,0.558652674115
Maria_Aznar,-1.73374403354,0.966694788836
Maria_Aznar,-0.909874355098,0.629196622605
Maria_Aznar,-2.13679553259,1.40316352244
Maria_Aznar,-1.45529352944,0.350996462385
Maria_Aznar,-1.51985795424,0.372562761442
Maria_Aznar,-1.10351773073,-0.25289033916
Maria_Aznar,-1.62184103864,1.0527915188
Maria_Aznar,-1.12473702221,-0.0615967959073
Miguel_Aleman,-1.66061536325,1.35352661352
Mourinho,-0.604041218018,-2.62904098426
Mourinho,-0.368337849965,-1.1225339014
Biden,1.08974185582,-0.954078929042
Biden,1.01793409756,-1.30222023313
Biden,0.948939204374,-0.93661149555
Biden,0.505485208922,-0.532094847162
Biden,0.626591870284,-1.01392862815
Blatter,0.775623701822,-1.61243987018
Blatter,1.40781249517,-2.3672357369
Deiss,1.14296787075,-1.90224825847
Deiss,1.43884186746,-2.22527325362
Deiss,2.94686487368,-3.22183925582
Estrada,-0.299775283309,-1.19401118219
Estrada,-0.0789419515788,-1.84884897203
Estrada,-0.985539731753,-2.36615786854
Estrada,-1.1265051451,-0.787100964081
Fiennes,-0.664662345172,-1.15377139314
Galante,0.911199378563,-1.83649400225
Ganim,1.3412698735,-1.53238219467
Hoy,0.360379336443,-0.971009678626
Kabila,-1.11367034491,0.968492665226
LePore,1.58795337959,-2.30755555867
Lopez,0.640591245709,-1.73831526147
Nacchio,0.281789901979,-1.02976421266
Ralston,1.40874287478,-2.26100704209
Ralston,0.524222925031,-2.00282930538
Safra,0.396113010204,-2.16992888364
Salgado,0.336096162599,-3.16940191892
Rosado,0.611621506709,-1.31196600491
Santos,0.143269731079,-2.40657312227
Sarney,0.204650939525,-2.97836888436
Sarney,1.5468512863,-2.48343250317
Sarney,0.781393106967,-1.90045456005
Serra,-0.0990080655808,-0.887028445711
Serra,-0.114018208373,-0.514592690695
Serra,1.82416109723,-2.4074515628
Serra,-0.157741982023,-1.02474112939
Serra,-0.24994649008,-0.808112569171
Serra,0.244841970312,-0.683160496241
Serra,0.376389806371,-1.19113406468
Serra,-0.487416446344,-0.782089823227
Serra,0.610832705618,-1.46328928291
Theodore,0.282618490685,-1.53859811824
Theodore,0.42404490365,-2.34601701028
Vicente_Rangel,-2.16652352643,0.988973682049
Viegas_Filho,-0.291422038915,0.0987976760399
Viegas_Filho,-0.676612632339,-0.14252490442
Woldenberg,-0.420041725613,-1.45973122301
Childress,-0.285290272071,-1.32675728549
Evans,-1.64121799277,1.28768772245
Kronfeld,0.533216372359,-2.20750988508
Davey,1.40885869071,-2.70449389925
Gracin,0.779068499853,-1.71725553755
Harapko,0.517295688136,-2.39674840365
Perper,1.32507457242,-1.81190003093
Garcia,0.394819483563,-1.77527686049
Bryant,-0.95153181676,-0.391542614508
Lee_Sadler,-0.557417282947,0.058701412993
Suarez,0.334022268872,-1.39614344996
Snow,0.702494061481,-1.40474052075
Antonio_Samaranch,-0.933576262382,1.08134248705
Carlos_Ferrero,-0.455186024081,0.358651554089
Carlos_Ferrero,-1.74899543994,1.22404273839
Carlos_Ferrero,-1.38294023532,2.01035176986
Carlos_Ferrero,-0.890426032652,0.933146542067
Carlos_Ferrero,-1.00521101835,0.171750499932
Carlos_Ferrero,-0.360233345668,0.373539386384
Carlos_Ferrero,-0.548475643345,-0.0766431991205
Carlos_Ferrero,-1.39146834189,0.520519927702
Carlos_Ferrero,-0.0178044427495,-0.207089253931
Carlos_Ferrero,-0.0458790868431,-0.268471836808
Carlos_Ferrero,-0.394203883935,0.253303489024
Carlos_Ferrero,-1.3967437926,0.804610406631
Carlos_Ferrero,-0.476062384503,0.428911726171
Carlos_Ferrero,-1.19259320284,0.516552638512
Carlos_Ferrero,-0.707500293272,0.453880300798
Carlos_Ferrero,-1.01264318183,-0.0456107683606
Carlos_Ferrero,-1.25062851536,-0.416633671793
Carlos_Ferrero,-0.400430458381,-0.504542843168
Carlos_Ferrero,-0.778298574184,1.06475543781
Carlos_Ferrero,0.253699843092,0.0300870460431
Carlos_Ferrero,-1.55760949241,0.742665903005
Carlos_Ferrero,-1.40477194705,0.962167806378
Carlos_Ferrero,-1.37411776516,0.812523585575
Carlos_Ferrero,-0.255989601888,-0.0115603028298
Carlos_Ferrero,-0.968126574373,0.826919932775
Carlos_Ferrero,-1.27416440678,0.724281070155
Carlos_Ferrero,-0.987495331095,0.438641687329
Carlos_Ferrero,-0.941046341663,1.03070673198
Carlos,1.35864867848,-2.28842246269
Carlos_Morales,-0.664691859024,-0.517138437859
Carlos_Ortega,0.0654474217205,-0.173613307596
Carlos_Ortega,-2.65535987438,-2.2105186271
Carlos_Ortega,-1.80382694271,-2.09670449413
Carlos_Ortega,-2.49194107091,-1.230579837
Fernandez,1.32219320779,-2.32766016365
Francisco_Palencia,-1.83984392843,0.765903228531
Ignacio_Chela,-0.886879076251,0.793530401185
Ignacio_Chela,-1.41278690038,1.32129283267
Ignacio_Chela,-1.80711322232,1.75425008244
Jose_Lucas,-1.42534105018,0.304601863029
Manuel_Marquez,-1.21787584205,0.817155586013
Manuel_Marquez,-0.962100388721,0.331943097196
Manuel_Marquez,-1.10417725146,1.11742503757
Pablo_Montoya,-1.00780729612,-1.50881326361
Pablo_Montoya,-1.75819714064,0.754277316315
Pablo_Montoya,-1.6167949516,-0.713542238801
Pablo_Montoya,-2.1274739295,1.08015265221
Pablo_Montoya,-0.568739859318,-0.877501595533
Pablo_Montoya,-1.25199066464,0.357508293515
Pablo_Montoya,-0.655937971708,-0.346261602933
Pablo_Montoya,-0.45290048138,-1.09735454635
Roman_Carrasco,-0.930318027953,1.02279520365
Roman_Riquelme,-1.27022838295,-0.569152415059
Sanchez,-0.137816253548,-0.991819152736
Valencia_Osorio,-0.942286521357,-0.129591611983
Valencia_Osorio,-0.838152608744,-0.2499616186
Davies,2.19689646129,-2.42870681623
Law,-0.260600977877,-3.0648632809
Law,-0.359821883935,-1.11438769861
Dench,1.20204537782,-1.85173569054
Dench,1.88658219998,-2.02224400913
Patton,-0.267723210032,-1.15112186098
Nathan,0.348887271656,-2.37603805143
Dean,-0.360611392842,-2.97640773287
Genshaft,0.713123659708,-1.98419828189
Genshaft,0.591901905413,-2.03837329776
Locy,0.803179577084,-2.29631199187
Spreckels,1.55655662662,-1.54678289211
Vassar,1.77821192646,-2.45573954492
Braehmer,1.63362917416,-2.43882955051
Chrobog,1.86072770138,-0.851776323495
Peters,-0.0801973397838,-0.91479650337
Peters,0.363393874194,-1.47693966452
Schrempp,0.630486246746,-1.93261646522
Trittin,0.741892073404,-1.10120947311
Asner,1.40169013852,-2.47115350631
Glass,1.82833972497,-2.125357853
Battle,-2.25553630424,0.341927361638
Fantino,0.278188063812,-2.48393824119
Margulies,1.57599806656,-2.50731271441
Margulies,1.33605106337,-2.86906100993
Moore,1.0377275646,-1.11460061249
Moore,2.44217008779,-2.64662243047
Moore,2.09433353494,-3.31906969215
Moore,1.5909233776,-1.35324553852
Moore,1.78484095425,-2.95877404463
Moore,0.545967339802,-2.26414447174
Moore,1.45873017301,-1.83066327622
Moore,1.0097687467,-0.966442637396
Moore,1.8972079559,-2.9321527025
Moore,0.883449439317,-2.12957966463
Moore,1.88282235982,-2.45763544446
Moore,1.9055660986,-1.03123616295
Moore,2.16700647788,-2.24917191972
Moore,0.903514727045,-2.33759844627
Moore,1.77328015357,-2.00938611696
Moore,1.55112348557,-1.10268758089
Moore,1.89647699764,-3.11085838902
Moore,0.20246165044,-1.61477551098
Moore,1.60654637737,-2.70946453155
Ormond,-0.605904252469,-2.47080698362
Tymoshenko,0.954778800423,-1.78298190316
Tymoshenko,1.30173517111,-1.62464548576
Tymoshenko,1.44292216749,-2.31186849189
Andrews,1.81654443861,-2.5089708346
Gerberding,0.847734536876,-2.54380201901
Gerberding,0.916832841461,-2.06263887972
Gerberding,0.699352033301,-2.3270874676
Gerberding,0.899305011535,-1.1526222462
Gerberding,0.0428515306287,-1.42485213862
Gerberding,0.796564119755,-1.46153758231
Gerberding,1.26266658043,-1.94447188736
Gerberding,1.14952818819,-2.80518575929
Gerberding,0.297914926228,-0.389546091365
Gerberding,1.04651360953,-1.8295525549
Gerberding,1.40277249344,-2.00781928598
Gerberding,1.2226298926,-2.24896744403
Gerberding,0.872588957725,-2.28324381308
Gerberding,0.319811383471,-1.87829172037
Gerberding,0.278680188636,-1.47157543902
Goodenough,0.267516611342,-1.20013864402
Infante,-0.488152791093,-3.13961817499
Boutter,1.15510661178,-1.45599590521
Varlet,0.535360389991,-1.43180502032
Taymor,0.633759639441,-1.93348527692
Taymor,0.361892059863,-0.959850772872
Binoche,2.80494923482,-1.90356147163
Lewis,0.9076250814,-1.95826265128
Cesar_Chavez,-1.89014369078,0.888843313405
Cesar_Franco,-1.06626534712,0.223687813085
De_Brun,-0.912949594948,0.906863207235
Iglesias_Jr,-0.402239715466,-0.00909328249338
Iglesias_Jr,-1.0693047939,0.335199021852
Rossi,0.43749693563,-1.79129731726
Toro,0.850000729569,-0.821886121017
Barnes,-0.445601454446,-1.94116954824
Erving,-1.018292061,-0.576070176623
Vysotskij,1.4192935226,-2.69347708229
Bong,-0.509966012977,-2.55107227423
Inamoto,-0.544192398724,0.0353226889326
Koizumi,0.191489803407,-2.55592729314
Koizumi,-0.995793520763,-1.40205378039
Koizumi,-0.628093136312,-1.75201230315
Koizumi,-0.112232825121,-2.23258801435
Koizumi,-0.921235840733,-2.65513889707
Koizumi,-1.12481899021,-2.57935311711
Koizumi,0.0133924588535,-2.22103096337
Koizumi,-0.71097198996,-1.45377759231
Koizumi,-0.174274788212,-2.37069237494
Koizumi,-0.585938816824,-1.55038647184
Koizumi,-1.05688879298,-1.18028606888
Koizumi,-1.19689448756,-2.28258027468
Koizumi,-0.496969985734,-1.62748409388
Koizumi,-0.371478511224,-1.9617788095
Koizumi,-0.621809147783,-1.84874626657
Koizumi,-0.153824291442,-2.06523684294
Koizumi,-0.746672677465,-1.68246732922
Koizumi,0.568889490303,-2.51716896773
Koizumi,-0.615530906289,-1.38938167359
Koizumi,0.877970168376,-2.84280219951
Koizumi,-0.764496246029,-2.2247702424
Koizumi,-0.250346105842,-1.35172442799
Koizumi,0.0938947877365,-1.42759805037
Koizumi,-1.16797135652,-1.73213158954
Koizumi,-0.346400023645,-1.67092363332
Koizumi,-0.581360043331,-0.936938842314
Koizumi,-0.580124926898,-2.65833798267
Koizumi,-0.469296503509,-1.48485383085
Koizumi,-0.256008088786,-2.25310987188
Koizumi,-0.552532007725,-0.108563461059
Koizumi,-0.0390165286105,-2.03523555454
Koizumi,-0.331563505938,-1.39817651069
Koizumi,-0.29875910795,-2.24428983575
Koizumi,-0.0100057548241,-2.48908205365
Koizumi,-0.433546478194,-2.28573397835
Koizumi,-0.286409499643,-2.02792601803
Koizumi,-1.24028621068,-1.48709830477
Koizumi,-0.676356437,-1.88219207278
Koizumi,-0.707698325959,-1.93813499592
Koizumi,0.35751128408,-2.4546236965
Koizumi,-0.390707747534,-2.11550568904
Koizumi,0.165097485021,-2.1869002056
Koizumi,-0.787967471659,-2.51578984518
Koizumi,-0.0629102545263,-1.91605577469
Koizumi,-1.03362277526,-1.95961370689
Koizumi,-0.44260903256,-2.36954930001
Koizumi,-0.489094280291,-3.02000443078
Koizumi,-0.511670827792,-1.31332644857
Koizumi,-0.658753220607,-2.11050246572
Koizumi,-0.212643060296,-1.98294319322
Koizumi,-0.574089732545,-1.70122093459
Koizumi,-0.585064935064,-1.46137130966
Koizumi,-0.394422738036,-1.90288335148
Koizumi,-1.13762957136,-2.5143133461
Koizumi,-0.682369262342,-1.9764017695
Koizumi,-0.495797602006,-1.94327033201
Koizumi,0.251666083841,-1.69265598304
Koizumi,0.0742140578241,-2.39163361922
Koizumi,0.177625963578,-2.41801142363
Tabei,-0.460601157022,-1.33337975131
Henin,-0.781310862768,-2.54076248965
Henin,-0.432631255369,-2.07601602452
Henin,0.289316495043,-1.46059736653
Pasek,0.649928202565,-1.62296620646
Pasek,0.320397362481,-1.50823206153
Pasek,0.62768987187,-1.18964299961
Pasek,0.0134646705996,-1.62835024641
Pasek,0.443832590218,-1.36698851119
Pasek,0.403637375284,-2.31183851146
Pasek,0.915227776705,-2.11911683547
Gatlin,-1.20618676555,0.97575821271
Gatlin,-1.85410638623,0.816268697425
Guarini,-1.06410448487,-1.85235896352
Guarini,-0.345310846366,-0.176099002718
Guarini,-0.65178558847,-1.36990388603
Leonard,1.44542088815,-0.922489063985
Leonard,1.81300992699,-2.43190028171
Leonard,1.34506274227,-2.02030720333
Leonard,0.314572914669,-1.87686760888
Marshall,2.56335447254,-1.82664397004
Timberlake,0.556034647049,-0.40196293585
Timberlake,0.618202741455,-2.04336447969
Timberlake,0.100132607708,-1.98344552929
Timberlake,1.35524890835,-2.51851120525
Timberlake,1.18323348875,-2.55895753089
Timberlake,0.611732519884,-2.35225063921
Timberlake,0.517722054488,-2.73896090659
Timberlake,1.58102655839,-1.77594468655
Wilson,0.965500254376,-2.28813868799
Almeida,-0.748487502275,-0.588996825215
Bazan,-0.543696950008,-1.63682162491
Ricke,1.58948839594,-1.99989025787
Bergqvist,2.36508262715,-2.63631837962
Kaid,-0.617747405013,-1.04394392
Chawla,-1.03600334603,-1.80821356518
Chawla,0.156455598125,-2.21247510959
Chawla,-0.833686588559,-1.34010659712
Chawla,-1.34927933606,-2.16152898784
Chawla,-0.60429786415,-1.57593592408
Kharrazi,0.451609182489,-1.06594053169
Kharrazi,1.41082960976,-1.65645698581
Kharrazi,1.36727188743,-1.47246419513
Kharrazi,0.522076262434,-1.63329945309
Kharrazi,2.05192735764,-1.91270541384
Kharrazi,2.23752447199,-1.82942797168
Morjane,-0.602254593249,-1.88222657426
Gum-sil,-1.56493342606,-2.33690800355
Hasuike,-0.26323321728,-0.18744096733
Lynn_Joyce,-1.64480662321,1.37451465452
Kapoor,0.601718003161,-2.39139897022
Allen,-0.769159498236,-1.55740416269
Clarkson,-0.0178930353412,-2.73153914567
Lynn_Gorney,-1.62692761902,1.31285642462
Mok,-0.535478549457,-2.30163398184
Mok,-0.464928208793,-1.81182709646
Pereiras,0.469390683553,-2.28747755103
Sharpe_Kramer,-2.33912653216,2.46883282377
Pilsaeter,0.195087097431,-2.27256806815
Stoiber,1.33379007005,-2.97444533721
Stoiber,2.04106863109,-3.03101841377
Viard,0.760617854635,-2.15117844974
Rummenigge,1.0268147915,-1.30905133689
Kucera,2.24888465846,-2.84839688165
Villiger,1.5705541386,-1.79970841712
Kollat,-0.141507647676,-1.45853417912
Burton,1.24783548643,-2.37534187147
Capshaw,0.734819871654,-2.66296441145
Capshaw,1.34228340727,-2.00718856141
Hudson,1.14629170966,-2.82006468577
Hudson,-0.303403614212,-0.456441667749
Hudson,0.133489484149,-0.38403729866
Hudson,-0.00644378703059,-1.2390654057
Hudson,1.04273492122,-1.9512692373
Hudson,0.750235899482,-0.840566713524
Hudson,0.588264062378,-1.03995454054
Hudson,0.852991443359,-2.88765205476
Hudson,0.769054690357,-0.762717747813
Lee,0.016086330562,-3.25154352682
Moss,0.802212724586,-1.30698352546
Richardson,1.55147877776,-2.2007378405
Smrzova,0.434423773412,-1.01200457846
Starbird,0.964977806643,-2.72457154106
Winslet,0.512129624402,-1.50862696707
Winslet,1.92947486349,-3.24836043572
Winslet,1.70311744611,-3.80256524469
Winslet,1.15976693794,-2.69133303579
Hepburn,0.808832936383,-2.25333707833
Harris,0.46154232617,-1.33529938131
Harris,0.567865645053,-1.61574342115
Harris,0.00614694550498,-1.31809740955
Harris,-0.0252620768488,-1.73703233868
Louise_Saunders,-1.62121731102,-0.272748731783
Abernathy,1.23695167231,-2.38780814822
Glynn,1.50298863631,-3.84291800583
Glynn,0.628258646584,-2.17857502072
Kennedy_Townsend,-1.13334801532,0.653128396078
Kennedy_Townsend,-1.10124665363,0.901640902051
Kennedy_Townsend,-1.35857041546,0.940429376563
Kennedy_Townsend,-1.508970398,1.51408434882
Bigelow,0.353878317693,-2.00491558586
Bigelow,0.0200286488048,-2.35894717514
Grayson,0.615044303366,-2.7448826628
Morris,1.87234445358,-3.12610478146
Tucker,-0.147189339491,-1.98763892253
Baker,1.40686747001,-1.68877745209
Bates,-0.725010363701,-1.75342238999
Gannon,2.6367865375,-1.73802436273
Winters,1.59007624019,-2.14359854145
Winters,0.888801440023,-2.7081939991
Boone,0.0875513925704,-2.11277060407
Couric,1.80283596638,-2.12518455864
Harman,0.619314966968,-1.61169352055
Harman,2.42263564356,-2.80277578956
Harman,0.53687733323,-1.51914615937
Holmes,0.116800357391,-2.88250933537
Smith,1.1176314469,-2.56155168111
Wagner,0.433966833173,-1.3874399965
Riemann,1.19629042823,-1.50166710815
Cartlidge,2.05918349908,-2.36604194459
Susi,1.63508195913,-1.4565410297
Bailey_Hutchison,-0.541018085113,0.808376168844
Behrensmeyer,0.743370975994,-3.03654807548
Young,-0.105857166385,-1.44583710374
Reeves,0.555738660074,-2.04601469732
Reeves,0.804171708095,-2.40445708672
Reeves,1.04166208633,-1.99724259453
Reeves,0.579314912331,-2.18769432359
Reeves,0.432057174872,-0.602348265577
Reeves,0.823096345645,-1.13573052133
Reeves,0.781657563762,-1.04452390323
Reeves,0.464696856159,-1.42156665213
Reeves,0.00834378684236,-1.90255064777
Reeves,-0.0846173277842,-1.6006914433
Reeves,0.13980414852,-2.3292632484
Reeves,0.881633255472,-1.85307050441
Sofia_Fujimori,0.686335646581,-0.4906586986
Knightley,1.27957720527,-2.41428219099
Knightley,0.229945928449,-1.75394504691
Bishop_Jr,-0.448905361545,0.872201366942
Bogans,-0.249168889162,-1.61257644475
Bogans,-0.538484142079,-0.579529081174
Bogans,-1.11253897552,0.491565205071
Brown,-1.40225678776,1.76123737643
Fotta,1.63498268395,-1.77685810495
Foulke,-0.425049419295,-3.11103900215
Lockhart,0.802782781993,-3.01798380427
Lowen,-0.551735826193,-1.89537515143
Olbermann,1.57484386869,-2.19515640348
Osik,0.0242141649313,-0.4996325823
Rodriguez,0.167636488724,-1.44133989539
Snyder,1.29083425847,-3.24682790192
Tyson,0.86460883963,-1.74291651362
Urban,1.27548725825,-1.2906083604
Van_Horn,-0.301895173235,0.874644894126
Yamada,-0.578153717019,-2.3805728896
Coffey,0.739767209109,-1.34866781446
Greene,1.33290697233,-1.62796237891
White,-1.6111256258,0.274986005829
White,-2.63926830544,1.94855907297
Clarkson,0.579132457027,-0.368264156958
Clarkson,1.14763092211,-1.67736168485
Clarkson,0.385044536995,-2.03766219332
Leigh,0.53686795396,-1.41551187042
Osbourne,0.234717098279,-0.864259942123
Ripa,0.391818405106,-2.50225220984
Santos,-0.467670532829,-0.301816400291
Grammer,1.28972417694,-1.29699523039
Sampson,-0.474708683679,-0.926363181724
Sampson,0.0321403571117,-1.7629800171
Sampson,-0.933125475999,-0.50546155371
Dervis,0.703474746744,-1.98447310072
Dervis,1.92104407462,-1.76594230529
Dervis,1.16368122148,-2.43408568023
Balk,0.414836873463,-2.21851597368
Dorsey,1.57917188206,-2.44109690435
Bekele,-0.667065292272,-0.740353603345
Kutaragi,-1.38939992228,-3.49993478746
Loach,1.1355565293,-2.06528260701
Macha,0.818659861711,-1.40100025776
Macha,0.993223867885,-1.68618708947
Macha,0.163493718174,-1.18546387693
Bowersox,2.06803139726,-2.09558947786
Bowersox,0.966537208511,-1.26487035254
Bowersox,1.10340100263,-1.92745983052
Branagh,2.05720750709,-3.04545955211
Branagh,1.83112303718,-2.56667336996
Brill,1.68569619419,-2.07735981843
Carlsen,0.569951148359,-1.70456541718
Cooper,0.779848034149,-3.13829119881
Dam,1.56727411717,-1.52517946888
Evans,-0.531132004685,0.330868365004
Evans,-1.26361060348,0.106723822823
Reichert,0.836467574497,-1.97595744425
Brack,1.42347505538,-2.02838876151
Chesney,1.62785730797,-1.77358015079
McCord,0.756565338817,-0.919420282896
Robinson,0.594846459677,-2.14183807225
Rominger,0.992083169515,-1.79820151808
Rominger,0.790896843653,-1.0595596832
Watanabe,-0.276906088032,-2.1005571877
Wharfe,0.34139473313,-2.67988465799
Borseth,0.997656807975,-2.80838974626
Costner,1.57968082236,-1.76483443516
Costner,1.12632299001,-1.3932103399
Costner,1.54366114489,-1.10416157483
Costner,0.861480738033,-0.745847169736
Costner,2.05383930661,-1.82719374091
Costner,1.66016251927,-1.34389106472
Costner,1.10635771455,-1.80960871938
Costner,2.19744485526,-2.09409523479
Crane,0.338703186661,-1.88956704749
Garnett,-1.39380495223,0.742915619078
Gil,0.647113053997,-0.976492783755
Harvick,1.33544086143,-0.854883329474
Hearn,0.940916120159,-1.37561841504
James,1.5584113896,-2.49878229577
Keegan,0.494326566348,-1.41006514858
Marshall,0.558373988302,-2.95969004365
Millwood,1.76915774819,-1.92205552582
Nealon,1.80931067235,-1.50377425093
Satterfield,-1.03005384488,1.27661167784
Sorbo,0.878673061297,-1.1046317886
Spacey,-0.306158804476,-1.7142186303
Spacey,1.37942930944,-2.64594284636
Spacey,0.762802287617,-1.52310973911
Spacey,0.538476039258,-2.07917075699
Spacey,0.634666495926,-2.39980910601
Stallings,0.943430608447,-2.67373294313
Stallings,0.598570408799,-2.54259911693
Tarrant,-0.523679165982,-2.19868459108
Rashid_Rahim,-1.05828129095,0.653134564012
Sawalhi,-0.527144389214,-2.42939509399
Khannouchi,-0.498604194663,0.155143440143
Qazi,-0.254275716922,-0.668753913074
Mohammad_Zai,-0.813767039581,-0.534981768029
Nyunt,0.499532133974,-2.3783867729
Bahadur_Khadka,-1.1619397759,-0.421738085082
Culkin,0.611984154885,-2.94452918014
Prendergast,0.904789053489,-2.45458478587
Prendergast,0.900216996138,-2.16258250849
Ajouri,1.14971341162,0.211247677952
Ajouri,-0.0856696091278,-1.32793314625
Vandeweghe,1.32777160412,-2.16060781249
Vandeweghe,0.706217433774,-2.07236519357
Bruckner,0.442120646222,-2.29936018359
Stewart,2.13396434293,-2.17645051071
Cattrall,0.425490445143,-1.44819583278
Chinn,1.28735232879,-2.45981296037
Clijsters,1.56524763997,-1.37878638216
Clijsters,0.618993727817,-0.811970490208
Clijsters,0.910668081464,-1.1098805348
Clijsters,1.3239501283,-1.89961896939
Clijsters,1.62774783792,-2.5684655498
Clijsters,1.8928114645,-2.01566204987
Clijsters,0.401246859087,-2.35200563154
Clijsters,-0.248998427338,-2.63139213129
Clijsters,-0.662578172695,-2.08401326463
Clijsters,0.161110056724,-1.55910423826
Clijsters,1.15940510856,-1.53952467327
Clijsters,-0.0172332921941,-1.50337902803
Clijsters,1.61356168218,-1.04711366119
Clijsters,1.01459135402,-1.41297607475
Dae-jung,-0.677278953693,-1.25952339139
Dae-jung,-0.322130900415,-3.3972088559
Dae-jung,-1.30800543583,-2.0624038906
Dae-jung,-1.09459557522,-4.44720926804
Dae-jung,-1.44598581334,-2.40933749605
Dae-jung,-1.48786985895,-1.77816139911
Dae-jung,-0.820197704794,-1.90213417688
Dae-jung,-1.44936221399,-2.56245443523
Dong-hwa,-1.51489397891,-2.50175999095
Dong-tae,-0.765133474878,-1.14684630995
Gandy,0.415952427378,-2.54171788236
Hong-gul,-0.502007339506,-3.01050281676
Hong-up,-2.42416236241,-2.62332477103
Raikkonen,0.551781944742,-3.29062250062
Raikkonen,-0.00997586188555,-1.02049360899
Raikkonen,1.31517926723,-3.14006705937
Jin-sun,-1.30244356158,-1.31860077319
Jin-sun,-0.905354136491,-2.34751261048
Jong-Il,0.632612154225,-1.44949945106
Jong-Il,-0.38732650363,-3.02775935087
Jong-Il,-0.143648091417,-2.20817122821
Jong-Il,-0.0630931704595,-2.63185039091
Lee,-0.778512742071,-1.29553431451
Ryong-sung,-1.79986901342,-2.73253521973
Ryong-sung,-1.11480916367,-2.49674011977
Ryong-sung,-1.29267587226,-2.67636456438
Ryong-sung,-0.819698062057,-1.56772335001
Ryong-sung,-1.51615913373,-2.6723876589
Ryong-sung,-1.73450847461,-2.91632942012
Ryong-sung,-0.742763433186,-3.70642135243
Ryong-sung,-1.38182594387,-3.47699074469
Ryong-sung,-0.454745883248,-2.25430989432
Ryong-sung,-1.77342911398,-3.30451614303
Ryong-sung,-0.110717858772,-2.16075526679
Su_Nam,-0.0565876083162,-0.311311267736
Weeks,0.637196081286,-3.51610180629
Yong-il,-0.19800875384,-1.87743681383
Yong-il,0.433758027272,-2.50415928546
Yong-il,0.0275997747649,-2.49622887283
Yun-kyu,-1.299247362,-2.34050674644
Abdullah_II,-1.58887266419,0.361829877999
Abdullah_II,-1.03676985377,1.31147067894
Abdullah_II,-1.63421773961,0.82883418399
Abdullah_II,-1.52584658926,1.59056818915
Abdullah_II,-0.822341870474,-0.346566085016
Bhumibol_Adulyadej,0.0222305829293,-0.185705420037
Gyanendra,-0.477443717103,-1.65748631952
Puckett,-0.480301556501,0.173604211375
Doerger,1.32279438018,-3.02831751058
Douglas,1.61145512415,-1.97469253778
Ferentz,0.345968061447,-1.33657477965
Ferentz,0.649152439656,-1.96300225834
Franklin,-1.21900955434,0.697357504088
Johnson,-1.59789710561,-0.121783381411
Johnson,-2.05580966468,0.519226628835
Johnson,-1.75505206688,0.619670188826
Clark,0.554695798553,-2.89800985179
Dunst,2.20268869594,-2.80121148519
Gilham,1.32253015387,-2.08699419097
Bond,1.12747615776,-2.10601275701
Munoz,0.256465023581,-1.43884898609
Magne_Bondevik,-1.82242372544,1.00758764751
Magne_Bondevik,-0.828486455728,1.09288707991
Magne_Bondevik,-1.33355297828,1.52614525863
Schwab,0.50465345429,-2.06698824549
Zwickel,2.20115268945,-1.44898615147
Zwickel,1.45300107245,-2.50371790067
Bryant,-1.39870532204,1.61938554677
Bryant,-0.246990776648,-1.16170469499
Bryant,-1.08902253386,0.154838314681
Annan,-1.28410396304,2.47300408483
Annan,-1.78623875769,1.83449068853
Annan,-0.982736655619,0.725397534708
Annan,-2.04194307579,2.32786861499
Annan,-1.69713286,1.18054929115
Annan,-1.89309850828,2.38429145261
Annan,-0.910322877491,-0.119958944647
Annan,-1.97222646182,1.93240723878
Annan,-2.05047556398,0.967086622989
Annan,-2.17340797289,2.65974967915
Annan,-2.16486364472,2.7060610405
Annan,-2.00761634894,2.24504995358
Annan,-1.40064203727,1.44940781435
Annan,-1.79323676144,2.27682103085
Annan,-1.07664629193,0.937364203895
Annan,-1.18811998332,0.720546013265
Annan,-0.697801936486,1.86233853149
Annan,-1.44040430598,1.4355012756
Annan,0.0628882997654,-1.32629578097
Annan,-1.98336737683,2.12066717882
Annan,-1.55998966111,1.95542628116
Annan,-1.62333110855,1.91913836881
Annan,-1.56357391248,1.96811837178
Annan,-2.39062767317,1.93978096096
Annan,-2.48591145363,1.57799169248
Annan,-1.61304839619,1.65843668567
Annan,-2.73595932805,2.99696076537
Annan,-1.28348922256,1.74096062769
Annan,-0.501500142199,1.45456409665
Annan,-1.33724073963,1.95812596851
Annan,-2.06701138928,2.49866234
Annan,-1.16339218978,1.54454344691
Haraguchi,-1.53746323937,-1.1022168007
Matsuura,-0.636505966021,-1.98758157969
Tanaka,-1.38280831645,-2.22772912302
Uehara,-1.87793987148,-1.28971692556
Quan,-0.711635660777,-2.42199620157
Tszyu,0.609833684033,-2.38966509673
Kitajima,-0.940403952718,-2.67352226062
Kitajima,-0.470472366825,-1.51232968174
Bhadur_Mahara,-1.08366939708,-0.0348236570943
Loken,1.23106269032,-1.66391310662
Loken,0.119265827275,-1.44176592981
Loken,0.223181259935,-1.62926800448
Loken,0.108335519087,-0.470048965332
Loken,0.824021092055,-1.41535676608
Breitweiser,2.44080677851,-2.57596835275
Breitweiser,0.687448227414,-2.07498596768
Breitweiser,1.47885172817,-2.31271072065
Rivera,-0.0147572704307,-1.44411704995
Chenoweth,1.50924334617,-3.20443503344
Davis,1.51674656088,-1.92768664599
Davis,2.09688363792,-1.95103973074
Davis,0.902936016017,-2.2375293557
Scott,-0.0107932241581,-1.09551644416
Scott_Thomas,-0.567206112645,0.295369702453
Curry,0.455416084765,-1.36694797677
Woods,0.00322694463247,-2.89198176926
Budke,1.40015352917,-2.75938498773
Busch,1.12640994398,-2.38706674982
Busch,1.7393392251,-1.5681274302
Hellstrom,0.878975278675,-2.33522151028
Russell,1.23938813142,-3.11066703613
Russell,1.58087167156,-3.13967086875
Schottenheimer,0.285332844252,-1.64881418853
Suzuki,-0.791765618894,-1.50837912279
Tanabe,-0.536704014992,-2.01811868849
Thomas,-0.668569958979,0.455343056333
Warner,0.816968455205,-2.30811145517
Warner,1.14113201025,-2.86641398916
Warner,0.89402818374,-1.99392702746
Warner,1.97198902326,-2.02061738404
Warner,1.09856101286,-0.344520961383
Kilpatrick,-1.02161389093,0.362201300237
Mfume,-0.342223958774,-1.27111928382
Yang-sook,-1.31763092093,-2.86860186297
Yang-sook,-0.830993708589,-2.69540142931
Yang-sook,-0.99819459637,-3.17020774853
Young-gil,-0.456838778102,-1.02755084473
McLaren,1.47681544901,-2.53417621491
Shewfelt,1.86971056124,-2.48197302122
Nakayama,-1.2438017179,-2.00903310406
Sedgwick,0.603034596646,-1.8885295442
Murdoch,-0.144621954172,-1.62067032619
Ali,-0.15356162981,-1.77013209193
Ali,-1.4556293215,-1.55077532581
Ali,-0.447253224344,-0.911687428843
Clarkson,1.79658162041,-1.69131295507
Clarkson,0.748020422234,-0.783382010435
Armstrong,1.24527645295,-1.3111147839
Armstrong,0.307376969337,-1.67473384145
Armstrong,0.251043483991,-0.692018765495
Armstrong,2.5032469901,-1.35126875688
Armstrong,0.595038982244,-2.27361858835
Armstrong,1.04450508255,-1.63732611022
Armstrong,-0.208480426986,-1.17636615859
Armstrong,1.22909080583,-2.75375847536
Armstrong,2.17592413534,-1.2502919499
Armstrong,2.40413571291,-1.11559464326
Armstrong,-0.393755984416,-1.83150021025
Armstrong,1.67570809038,-0.917083374323
Armstrong,0.559043439886,-0.744594083321
Armstrong,-0.00944851363631,-0.966218445136
Armstrong,0.750001461251,-2.88031860652
Armstrong,-0.872443699858,-2.61220142512
Armstrong,2.36481787015,-1.16699884619
Armstrong,2.19059799274,-1.37500123307
Bass,0.505825195098,-2.21268588452
Bass,0.463046840993,-2.27471269114
Bass,-0.156826627392,-2.20415232069
Bass,0.149637569293,-2.57753592755
Bass,0.103489057297,-3.15662334086
Donovan,0.79242031549,-1.00300264778
Bryant,-0.361750560932,-2.21040546791
Odom,1.95098212518,-1.62564820503
Logan,2.24844867157,-2.32862485418
Tate,-2.12793478354,0.660950299393
Anderson,0.580619274919,-0.867418753896
Beinfest,0.971928590074,-2.13289655737
Bowa,0.726345188753,-1.74614120247
Bowa,0.845704766891,-1.07821688522
Brown,0.773109684407,-0.665273714831
Brown,-0.383238242016,-1.43722550253
Brown,1.19626802144,-2.36157959011
Brown,0.2431490026,-1.61784311342
Brown,-0.0639319931028,-0.979796142031
Brown,1.05952777914,-1.40433875395
Brown,0.177373345369,-1.73174251351
Campbell,1.2430383159,-1.55948759724
Coker,1.40301666496,-1.94874643075
Coker,1.47780745077,-2.3652048667
Coker,1.503979768,-1.773824295
Coker,0.993458900593,-1.4462640889
Donald,-1.65476706811,1.28595022457
Ellison,1.478842093,-1.65293473392
Ellison,1.2114683384,-3.21035690442
Ellison,1.29511241827,-1.90511312518
Eustachy,1.00130931312,-1.54080257328
Flynt,-0.142516659452,-1.19156984445
Greene,1.06355443096,-1.96810994835
Hagman,0.734462980638,-2.24416911809
Hahn,0.916535899899,-2.45509497948
Harris,0.921236043811,-2.12040414027
Johnson,-1.88344221903,-0.223015614924
Johnson,-1.15056074535,-1.21077453046
Lindsey,1.9255652212,-2.74883726425
Lindsey,1.69296293545,-2.96830633945
Lucchino,0.192138272652,-1.8027328316
Lucchino,1.59184805394,-1.13703173061
Nichols,-0.424314929315,-1.91901415949
Pleau,1.91933022964,-1.94921511531
Ralston,0.492728369794,-1.69088144044
Tanenbaum,0.714034697928,-2.55834321905
Templeton,1.31356567007,-1.58389266044
Thompson,-1.69883938185,0.681498114539
Thompson,-1.85828348011,0.694444121587
Thompson,-0.997618228447,-0.643691650185
Thompson,-1.1765430528,-0.6254050412
Wilmore,-0.595370337252,-0.738518500603
Burgsmuller,0.646209579966,-0.59043885535
Von_Trier,-0.650743666935,1.51124127632
Von_Trier,-1.82204648517,1.51479122164
Von_Trier,-0.119526840567,1.67436812416
Kovacs,0.820818775724,-2.1063279298
Sprewell,-1.75927820037,-0.244899226762
Sprewell,-1.07983655827,0.155955215348
Bozzo,1.47867275686,-2.23176691284
Bush,1.58649111768,-2.49874807018
Bush,0.323972711533,-1.92395461616
Bush,0.400008321293,-2.17006486313
Bush,-0.367612147131,-1.53842467367
Bush,1.3719981969,-3.07238012975
Bush,0.844238015347,-2.30496017659
Bush,0.736804442912,-2.45716384531
Bush,0.240742500893,-3.52960369951
Bush,0.636706588899,-3.4892108604
Bush,0.232379705587,-1.96872958984
Bush,-0.0780233502655,-1.28758935038
Bush,0.68703018924,-2.70867926778
Bush,0.592776419889,-3.17079171155
Bush,0.377886693735,-3.21335326715
Bush,-0.120461211686,-4.02460462732
Bush,0.983863037363,-2.867784018
Bush,0.556642619654,-3.05941582092
Bush,1.04765664483,-3.66462605644
Bush,0.768335751751,-2.60408463551
Bush,0.570020391855,-2.78510041378
Bush,0.294390441733,-2.81046572983
Bush,0.790802393058,-2.20418809826
Bush,0.0284561450151,-2.72295581811
Bush,0.0323230682477,-2.73443780473
Bush,0.998788069343,-2.72725079827
Bush,0.16593158953,-3.30792534425
Bush,0.385629420733,-3.1082464904
Bush,0.553741528484,-2.51131549092
Bush,0.75076109599,-2.58798110624
Bush,0.598322965559,-2.08321906212
Bush,1.02585589894,-3.74288396305
Bush,1.43597461868,-2.6074502593
Bush,0.328871128432,-2.95486553849
Bush,0.543159801268,-3.15865031969
Bush,0.198313990107,-1.4730017544
Bush,1.35174975194,-2.61811472745
Bush,-0.595288345414,-2.45732630479
Bush,0.567181948136,-3.28178262161
Bush,0.219806446379,-2.39982871547
Bush,0.472093493714,-2.47826518078
Bush,1.13401373899,-3.64915296617
Elena_Harring,-1.20488336427,1.14065953785
Flessel,-0.455748879164,1.27271932874
Gobai,0.37896502986,-1.11098297781
Hernandez,0.405783575713,-1.90773893351
Hernandez,0.260695209951,-1.23613128784
Linney,1.74060586952,-1.50434565806
Linney,1.00284055742,-3.11713772452
Linney,2.232775502,-2.56078021929
Linney,1.62993915459,-2.6848875051
Marlow,-0.0275973675961,-1.36580624556
Morante,0.332484649174,-1.29066226518
Pausini,1.51537231666,-2.30175792951
Romero,-0.162713007434,-0.777370471736
Schlessinger,0.891313185409,-1.42356792969
Ziskin,1.25842775661,-2.23029511641
Clark,0.382754741933,-2.65883540596
Fishburne,-0.106232286157,-0.729515555449
Tribe,0.531539318109,-1.75824568908
Hutton,1.00751798229,-2.96994771385
Hutton,0.916456138266,-1.23022103246
Killian,1.50021050702,-2.54769677103
Killian,1.67105489234,-1.50542902965
Gbagbo,-1.96429081078,0.688192420188
Gbagbo,-0.922289576704,0.645245128697
Jalabert,0.427100295894,-2.31050696131
Jalabert,0.906111511686,-1.85230388642
Woulzy,-0.976514628974,-2.09401265237
Chan,0.0940398028925,-2.12786438211
Hobbs,1.97705776484,-1.60721715395
Laychak,0.233604669433,-2.17128782043
Pirtle,0.292213992832,-2.04238782707
Di_Rita,-1.73961941009,0.910117985356
Foley,1.88496400643,-1.1046902253
MacAulay,0.124906369877,-1.5094121555
MacAulay,0.675661967546,-2.09009751458
Roberts,-0.452243933039,0.159219813275
Vito,0.853589015382,-3.10857679377
Castro,-0.598911094368,0.0490555705955
Fastow,1.13044992924,-2.44913245095
Fastow,1.23430189977,-2.63612285524
Remini,0.236819149612,-2.12505973656
Paes,-1.50692219877,-0.102161359352
Paes,-1.05342142426,-0.712665001454
Barbosa,-0.309316113048,0.640532084429
Andrade,-0.147377014339,-2.3718902974
Garcia,0.602040277218,-1.63818175961
Rimes,1.09445443426,-2.69210477084
Rimes,1.02303739697,-1.81536308668
James,-1.48780022585,1.54693470981
James,-1.83105258332,2.41871852151
James,0.232754770243,1.11363240272
James,-0.408629782262,0.57633633791
James,-1.66128320402,1.561149857
Walesa,1.3432384467,-1.43127884558
Walesa,1.85985024252,-1.61545344502
Ann_Knight,-0.712973568355,0.727498553529
Ann_Terlaji,-0.543608621323,0.120455218518
Ann_Womack,-1.0630463922,0.436657892854
Baca,1.54548565668,-1.20075624316
Byung-woong,-1.0556746519,-3.52183390259
Chang-dong,-0.401596418434,-2.86054780102
Hoi-chang,-1.42560460397,-3.65756158226
Hoi-chang,-1.4530171068,-1.42971735354
Hoi-chang,-1.80518505548,-2.26856344604
Hoi-chang,-1.37626538777,-1.75931368374
Hong-ki,-0.58333376642,-1.46572864644
Hyung-taik,-0.141827414689,-0.161938930906
Jun,-1.35731467353,-1.53044092115
Jun,-0.562698146091,-1.64627455615
Nam-shin,-2.36625738863,-2.26765262332
Soo-hyuck,-0.588485576844,-0.590048778833
Soo-hyuck,-1.10816180797,-0.701970426002
Soo-hyuck,0.0401579544388,-2.1588960245
Tae-sik,-1.01564223599,-2.29564386669
Tae-sik,-0.459878905304,-2.16859334729
Yeo-jin,-2.27372403464,-1.91486148198
Yuan-tseh,-0.0393170478991,-1.86467228314
Winchell,1.36066636416,-2.43276106543
Jones,2.34881585343,-2.80146893996
Chapman,0.0388036752044,-1.37193007937
Chapman,-0.294285368028,-1.71419401547
Rochon,-1.92334594461,-0.649071648503
Montulo,-2.07864982829,-1.32429888327
Katina,2.16561882817,-1.78844829976
Olin,0.700984549772,-2.47321650615
Espersen,2.2489156107,-2.19764077246
Bjorklund,-0.21245494383,-3.07504305571
Jenoff,0.973182097084,-2.2332313293
Jenoff,0.397487265427,-1.41712164346
Johansson,-0.354589729012,-1.05854971481
Lewis,-1.02302972996,1.27073257167
Lewis,-2.00841367535,0.863608132313
Lewis,-1.27599877622,-0.280270016702
Kravitz,0.0148036204021,-1.83639366249
Wilkens,-0.336302386108,-0.881372581634
Wilkens,0.160828089289,-0.297410734352
Wilkens,0.893349382885,-1.85240481643
Mullin,1.27475228814,-0.978438788443
Glick,0.937995570503,-2.54224784201
Hamilton,0.0309277933492,-0.652133207377
Hamilton,-1.06319824064,0.675325765509
Del_Vecchio,-1.28331835905,1.00846772907
DiCaprio,1.40075462977,-2.63754201043
DiCaprio,1.31269903854,-2.82738739157
DiCaprio,0.499432191297,-2.60447048658
DiCaprio,1.86076519115,-2.81016300948
DiCaprio,0.274134776386,-2.14193554277
DiCaprio,0.697933987512,-2.78220564215
DiCaprio,1.28336424535,-3.2115654995
DiCaprio,-0.00255140294636,-3.05926222895
DiCaprio,0.983090356487,-2.19201422059
Fernandez,0.458301237178,-1.30875921137
Schrank,1.65783964422,-1.1902716363
Barmore,-0.166730398403,-1.40824248169
Kuchma,1.00016918326,-1.26544143267
Kuchma,1.41601656669,-1.71725225032
Kuchma,1.19118026047,-1.71882505868
Kuchma,0.747289445288,-2.41330149607
Kuchma,0.887204926177,-1.46021488911
Kuchma,1.64208767279,-2.38530322818
Lai,0.443385788528,-1.60903616144
LaPorte,1.83784425475,-1.89965871922
LaPorte,1.95690585544,-0.761741388295
Silver,0.863936009347,-2.4844016913
Ramirez,-0.0484236033866,-2.01447823072
Millette_Jr,-1.79809047062,1.47854645655
Burlak,1.19997118205,-2.45549946299
Coppin,0.178703975021,-1.63049032139
Flood,1.87332298667,-1.34766382901
McCulloch,1.26414676097,-3.15297164454
McCulloch,0.737379174107,-2.17586732975
McCulloch,0.629405732846,-1.54386837831
Ann_Woodward,-1.7685387212,1.07020421129
Ann_Woodward,-1.61735132244,1.1053727021
Caldwell,1.23565613836,-2.78303102723
Caldwell,-0.485741179697,-2.72117419494
Caldwell,-0.330735119496,-2.76074660934
Moonves,2.22085889908,-1.22101968703
Moonves,0.512987157535,-0.486762442237
Wiser_Jr,-0.982327173382,0.686332109967
Holt,0.463687255077,-1.24731288592
Miller,2.0254348418,-2.23148506393
Miller,0.862327992467,-2.03848220165
Miller,0.272990595194,-1.42024182138
Dolera,-0.260307298107,-0.994853432179
Van_de_Putte,-1.07710830666,-1.71349743483
Pupo,0.629497946353,-2.18568142988
Booth,0.80747752655,-1.72949234912
Rywin,1.64078714095,-2.35814295648
Neeson,1.49230739551,-2.3272495382
Neeson,0.90161050839,-1.78796349088
Neeson,1.80524392894,-1.88399715953
Janda,1.35138812698,-2.47363586059
Changchun,0.178607169943,-1.14330536556
Djukanovic,0.723674475187,-1.44229954293
Ka-shing,-0.0156279026619,-0.368760932639
Cavani,0.916708596578,-1.30005543152
Marinho,1.19243835677,-1.63008570858
Taylor,1.53128866084,-1.94957020805
Taylor,0.0828035604669,-1.52055153274
Safra,1.25475146802,-2.17366813893
Tomlin,0.200629726539,-1.73980738022
Tomlin,-0.0831124723314,-2.48455949591
Azimi,0.752044945199,-2.18897693102
Dong-won,-1.30644649691,-2.60004671555
Dong-won,-0.450278597296,-2.00885159173
Krasnoroutskaya,0.695802190123,-1.83990240715
Krasnoroutskaya,1.1069150104,-1.7535897527
Chafee,1.47135435777,-3.04651477989
Amicangioli,1.1415453634,-1.93669386684
Baboolal,0.0473019423951,-2.15081277546
Dano,0.00962319515812,-1.44428792453
Franklin,0.793180491665,-0.685483632243
Ham,0.302245260965,-2.1998620864
Lingle,-0.594740245444,-2.13314839156
Mason,0.439831058538,-1.23463706763
Sanchez,1.11493498138,-2.21842093583
Benko,1.49767728099,-2.24107710489
Benko,1.02203294091,-1.51659133548
Davenport,-0.0594349129205,-1.64156811913
Davenport,-0.818540661018,-0.992333718961
Davenport,0.635132865824,-2.28400264763
Davenport,0.016504790698,-2.01883747525
Davenport,0.224843877957,-2.01471685512
Davenport,-0.450880544394,-0.505059412754
Davenport,0.252438271469,-1.11728157989
Davenport,0.34018554511,-2.09111539097
Davenport,0.75849637044,-1.0592793948
Davenport,0.586336345644,-1.74438128744
Davenport,0.198134043393,-2.05838391705
Davenport,0.670938136929,-1.52064198414
Davenport,0.167616084466,-0.839774927327
Davenport,0.0985784706661,-1.00174329444
Davenport,0.0886851479934,-1.37391879995
Davenport,0.390325437189,-1.86158655488
Davenport,0.71738318496,-2.32051008564
Davenport,0.470625361348,-0.385066004913
Davenport,0.306594776101,-1.71074344439
Davenport,1.04745464826,-1.46044131607
Davenport,1.66237879407,-2.97953469003
Davenport,-0.164999465242,-2.11565729756
Lohan,1.04516131697,-1.29449045643
Graham,1.81295029756,-1.84949474963
Graham,1.38397792655,-1.34836716874
Ruff,0.752541622175,-1.55319690116
Thornton,1.8298255127,-1.44844195425
Oviedo,-0.472285663813,-2.8403107129
Oviedo,-0.46185247642,-2.08491476595
Oviedo,0.211202633245,-2.91159518323
Roache,0.877441479429,-2.52337061497
Yi-fu,-0.863206643422,-1.75813921868
Yung_Hsi,0.893742347052,-0.879449053147
Chalmers,-1.56467222348,1.22843519275
Hampton,-1.27535918688,0.174727363722
Richie,-0.448505705452,-1.89970732703
Richie,-1.11418829606,-0.5513853718
Peng,-0.523702929067,-1.41721249093
Peng,-0.512998511154,-2.294991903
Peng,0.581105186368,-1.75454320885
Peng,1.28558724031,-1.71878904518
Peng,0.750487943737,-1.69344762515
Peng,0.661063082885,-2.45288303624
Peng,0.631302032541,-1.94389715705
Peng,-1.17878118348,-2.56063903365
Peng,0.239199336806,-2.24302262239
Ruihuan,-1.34145198395,-1.61482793724
Girman,1.45610322476,-2.90807968804
Gottsegen,0.747279521888,-2.27268766032
Gottsegen,0.912749992046,-3.18573767467
Leslie,-0.62327506701,-1.23423877252
Ling,-0.6133072098,-1.63104069269
Ling,-0.409322762954,-2.30705603997
Marie_Presley,-2.84512253143,1.35750230266
Marie_Presley,-2.35779966262,1.25537393655
Marie_Presley,-1.65063931631,0.966374449662
Marie_Presley,-2.36265634049,1.18997196463
Murkowski,0.201563930688,-2.41952927279
Raymond,0.752972693837,-1.48019177312
Raymond,0.375930419377,-0.912620923124
Stansfield,0.919679306768,-3.19595713312
Stone,0.896491496871,-0.92966078262
Mingkang,-0.603874988403,-1.63108655481
Mingkang,0.259940594646,-2.35733682184
Xiaoqing,-0.886164742488,-2.14536496929
Ye,-2.17924873525,-3.18634524451
Tyler,0.876700891577,-1.5077616763
Minnelli,0.488034667641,-1.61614261745
Minnelli,0.66727239538,-0.578501413281
Minnelli,0.868699007999,-1.66008144255
Minnelli,-0.0112441970706,-3.45778591472
Minnelli,0.38543184081,-2.35521253628
Minnelli,1.00389422626,-2.54096958516
Minnelli,0.179226627946,-1.89232808055
Zhaoxing,-1.27228084433,-1.7090008692
Zhaoxing,-1.70707630067,-1.34831423076
Zhaoxing,-1.34936451628,-1.67618109759
Zhaoxing,-1.277888929,-1.12243160843
Zhaoxing,-1.17718580751,-1.23369581011
Zhaoxing,-0.902982497054,-1.81044498472
Zhaoxing,-1.32876148575,-1.83548378191
Advani,0.188972707085,-1.89842514721
Advani,0.73228302689,-1.60986194239
Advani,-0.154755725169,-0.057821864312
Hewitt,0.0693880860251,-0.696863432335
Hewitt,0.386270898017,-1.05135319271
Hewitt,1.34036044869,-2.05558487116
Hewitt,0.914471378742,-0.817105268336
Hewitt,1.27340056904,-1.33557259982
Hewitt,0.485888980238,-0.786664645369
Hewitt,0.588088284465,-1.22565884556
Hewitt,1.1533244116,-1.4680040722
Hewitt,-0.0676222367776,-0.438260460731
Hewitt,0.224785316598,-1.08955591138
Hewitt,0.32704574422,-0.884284817307
Hewitt,0.42444554047,-1.20223525402
Hewitt,0.0567040830681,-1.1354063756
Hewitt,0.592874947612,-1.58333824156
Hewitt,1.4554306567,-1.71810715542
Hewitt,0.430425917258,-1.05630895522
Hewitt,0.359540046678,-0.968736525246
Hewitt,1.24834778708,-1.96890512033
Hewitt,1.31472977356,-1.21638967924
Hewitt,1.33442579896,-1.51067620123
Hewitt,-0.647955602702,0.449882110158
Hewitt,0.594834538546,-1.33615713475
Hewitt,1.01132116245,-1.02074425275
Hewitt,0.65512032108,-0.838585255973
Hewitt,0.299138598482,-1.86808808328
Hewitt,0.0908248108275,0.36592834496
Hewitt,0.210358763971,-1.53905558342
Hewitt,0.672992084827,-1.8723473405
Hewitt,1.11018320844,-0.713708813658
Hewitt,1.24933789996,-1.57838193094
Hewitt,1.38015377835,-0.715539596675
Hewitt,1.02885091081,-0.553133341757
Hewitt,0.977048880187,-1.3677224666
Hewitt,0.734956768312,-1.31327518414
Hewitt,0.850781548746,-2.19673608993
Hewitt,1.14852569187,-1.25662848792
Hewitt,0.713004492972,-0.33986394569
Hewitt,1.59980614655,-1.96685228822
Hewitt,0.449395518532,0.17380127395
Hewitt,-0.12973025371,0.500962635744
Hewitt,-0.193622557533,-0.989906873643
Mudiwa,-0.773610593217,-0.374274382089
Novick,1.31329745408,-2.12432048369
Richards,-0.409108438123,-1.0993801114
Ward,-0.904519276999,-1.25918723725
Ward,-0.22532869279,-0.781868214837
Smart,0.38274438562,-2.95659342161
Bahadur_Chand,-1.00948790629,0.00405363626738
Kruger,0.609747561221,-1.28549026607
Kruger,1.2982690312,-2.35394439796
Donegan,0.704074103953,-2.25444079396
Mendoza,0.103935347723,-1.64312168029
Hutton,1.0509339415,-1.07213591651
Hutton,1.06303551351,-1.72197455409
Lynn_Harper,-1.04364376394,0.818920578374
Berenson,1.0858278095,-2.85103171463
Michaels,1.57055569603,-2.46389331994
Bracco,0.961454456479,-1.75199698085
Fenton,-0.933754411315,0.76333604517
Baileche,-0.418429743649,-2.07701064703
Van_Gaal,-1.08969615279,1.16340704
Lang,1.08225731023,-2.19771445095
Piniella,1.2375671023,-1.74486768561
Piniella,0.973245973561,-0.266205074394
Piniella,-0.185436224293,-1.45126945034
Reed,1.30421107271,-1.90034370133
Ye,-1.12571487656,-2.57747628716
Zaoralek,0.782932097417,-2.22411639551
Cordero_di_Montezemolo,1.03246952309,-1.70301835167
Wysocki,1.33074104404,-2.1974766571
Kenny_Anthony,-0.775339043788,0.59796327721
Bovicelli,-0.381398609986,-1.94329480835
Pavarotti,-0.938870059254,-0.895436635763
Pavarotti,-0.772184066359,-0.574539642172
Pavarotti,-0.9529973212,-0.395272523096
Lapovsky,0.651821704743,-2.69841146418
Angulo,-0.0857874662011,-2.12697250567
Cecchinello,0.97994350385,-1.51647764621
Gutierrez,-1.74924907406,-0.766455459183
Gutierrez,-0.0988249124192,-2.34354620003
Gutierrez,-0.312933710835,-1.34467044911
Gutierrez,-0.304884685708,-0.847040235501
Gutierrez,-1.23776070786,-1.62237634599
Gutierrez,-0.471067020636,-1.69733491393
Gutierrez,-0.332745748713,-0.701002627174
Gutierrez,-0.646708200748,-0.745152582958
Gutierrez,-0.91493624737,-0.573587724767
Gutierrez,-0.723738062903,-0.717131534548
Gutierrez,0.311350324219,-1.45340061766
Gutierrez,-0.297242777994,-0.929601966247
Gutierrez,-0.359604160595,-0.823864609243
Stanca,-0.748593666143,-2.09784515256
Montagnier,0.919869009517,-2.58046247226
Orozco,-0.140184782852,-1.95797136608
Liu,-0.313012628676,-0.300976377658
Liu,-0.495546583151,-1.30256053347
Liu,-0.58982117632,-0.847799240719
Liu,-0.111444681599,-2.3154459249
Liu,-0.0711473786046,-2.48232160513
Sagnier,0.726128767992,-2.33686525549
Sagnier,1.22737026555,-2.23416660203
Sagnier,1.51470301616,-3.01458354394
Sagnier,0.675602734355,-1.32495519182
Sagnier,0.987513276815,-2.05459615044
Ovalle,-0.110773906098,-1.36954496676
Berrondo,2.65633659108,-0.994464358919
Ernesto_Derbez_Bautista,1.32705408801,-0.95985231582
Ernesto_Derbez_Bautista,1.03961692007,-1.4555495493
Ernesto_Derbez_Bautista,1.56757804859,-0.959315139294
Ernesto_Derbez_Bautista,1.08876752935,-0.607675006822
Ernesto_Derbez_Bautista,2.16470062803,-0.924330040469
Ernesto_Derbez_Bautista,1.86473718583,-0.438938395688
Figo,0.429989959004,-1.44985781729
Figo,0.219346480965,-1.45042342289
Figo,1.78078361872,-1.43680055319
Figo,0.648666990129,-1.17745538783
Fonsi,0.457838254935,-1.1055200936
Gonzalez,0.0200894584895,0.029065284502
Gonzalez_Macchi,-0.985137481138,0.763259722668
Gonzalez_Macchi,-1.0012414602,0.320699479375
Gonzalez_Macchi,-1.59991214295,0.955504614375
Gonzalez_Macchi,-0.535172621376,0.73586765695
Gonzalez_Macchi,-1.85736682617,1.15353635791
Guzman,-0.416626248884,-0.932480723161
Horna,0.703662174508,-1.47305678497
Horna,0.123543502823,-0.545103270716
Horna,0.575978257601,-0.813995389443
Horna,0.328620530507,-0.884935826735
Horna,0.466398366169,-0.941429428401
Rosario_Huertas,-0.221506802735,-0.838993907432
Sanchez,0.013553435935,-0.339952125738
Felipe_Scolari,-1.18619731582,1.21448420142
Felipe_Scolari,-1.45523641544,1.35414215003
Inacio_Lula_da,1.0,0.311003637418
Inacio_Lula_da,2.0,2.15517300416
Inacio_Lula_da,3.0,1.46556433134
Inacio_Lula_da,4.0,1.10061572236
Inacio_Lula_da,5.0,1.67505136479
Inacio_Lula_da,6.0,0.603848339744
Inacio_Lula_da,7.0,0.74556360463
Inacio_Lula_da,8.0,1.22329995093
Inacio_Lula_da,9.0,0.931187955446
Inacio_Lula_da,10.0,1.68924865692
Inacio_Lula_da,11.0,1.07896046743
Inacio_Lula_da,12.0,1.1832750067
Inacio_Lula_da,13.0,0.859084330315
Inacio_Lula_da,14.0,1.05537189892
Inacio_Lula_da,15.0,1.03357715845
Inacio_Lula_da,16.0,1.19025319213
Inacio_Lula_da,17.0,1.09692013658
Inacio_Lula_da,18.0,0.474886701269
Inacio_Lula_da,19.0,0.275447839927
Inacio_Lula_da,20.0,0.925602014714
Inacio_Lula_da,21.0,1.13177910835
Inacio_Lula_da,22.0,1.82622698701
Inacio_Lula_da,23.0,0.310297366375
Inacio_Lula_da,24.0,1.05004269018
Inacio_Lula_da,25.0,1.50905845231
Inacio_Lula_da,26.0,1.41355023692
Inacio_Lula_da,27.0,0.331733384548
Inacio_Lula_da,28.0,0.944236878399
Inacio_Lula_da,29.0,1.11537279527
Inacio_Lula_da,30.0,1.27933262449
Inacio_Lula_da,31.0,0.964375227792
Inacio_Lula_da,32.0,2.72694429863
Inacio_Lula_da,34.0,1.55102101986
Inacio_Lula_da,35.0,1.83053805074
Inacio_Lula_da,36.0,0.258573287911
Inacio_Lula_da,37.0,1.99750404461
Inacio_Lula_da,38.0,1.16397781115
Inacio_Lula_da,39.0,1.47880441098
Inacio_Lula_da,40.0,1.14188507358
Inacio_Lula_da,41.0,0.992990029644
Inacio_Lula_da,42.0,0.994762221605
Inacio_Lula_da,43.0,0.242068957657
Inacio_Lula_da,44.0,0.406696167522
Inacio_Lula_da,45.0,0.782236162067
Inacio_Lula_da,46.0,0.242848469839
Inacio_Lula_da,47.0,1.9363566294
Inacio_Lula_da,48.0,1.50353349922
Ridnour,1.61173218123,-2.55980272318
Smith,0.561686595713,-1.19221094224
Walton,1.16330523584,-3.38564988794
Walton,1.25944634258,-2.40662335875
Linquan,-1.3217764845,-1.44647703069
Htu,-1.17925449266,-0.473148143681
Freitag,0.865666829077,-2.10419840038
Shum,-0.287121750175,-3.37309296223
Lovett,0.969909003412,-2.17482950909
Vanclief,1.46567047753,-2.0306173534
Vanclief,1.82232298388,-1.93011660579
Abraham,0.916224995768,-1.96481938717
Abraham,0.975372373953,-2.20578356
Cheney,0.812216397671,-1.41904845698
Cheney,0.634957839014,-1.71802216867
Cheney,0.68673336387,-1.86967979998
Slepian,1.34505567556,-1.38743391751
Thigpen,-1.28331857136,-0.993923971209
Redgrave,1.11210211018,-2.26216406434
Redgrave,1.82236424943,-1.86218012623
Redgrave,0.97994834078,-1.88577880538
Putin,0.813399419412,-3.26010861521
Brown,1.22545425523,-1.87531829299
Brown,1.48508186106,-2.09121605779
Albright,0.782270048503,-3.05847644744
Albright,1.43000352848,-1.6194618872
Albright,1.34880450726,-2.18019471092
Webber,1.86799945316,-2.96563323324
Overhouse,0.00967502073599,-2.6789982825
Overhouse,-2.45483646062,-2.33057327409
Overhouse,-0.15140208513,-0.512279356652
Overhouse,-2.47182600471,-1.68757510202
Overhouse,-3.45052615835,-2.18577011781
Overhouse,-1.80713680734,-2.23208938988
Jemison,-0.97929633282,0.433367173261
Kertasz,0.391567109304,-1.67786621842
Maleeva,-0.146426274136,-0.982826809141
Maleeva,0.351475499998,-2.20867930751
Maleeva,1.20016487965,-1.51254457149
Cheung,-1.09880434931,-2.74690149688
Smith,1.11531314315,-2.0245457
Smith,0.80519653932,-1.55342579134
Serna,-0.123001438904,-1.48242163071
Serna,0.793089332666,-1.70223784923
Habib,0.0436066427511,-1.83055042184
Mohamad,-0.647312498898,-0.800781853597
Mohamad,-0.62647756471,-1.0563088075
Mohamad,-0.636101203837,-1.4971326989
Mohamad,0.0407480619919,-1.04310259707
Mohamad,-0.787467246623,-0.82884203472
Mohamad,-1.39951504965,-1.36444137396
Mohamad,0.135634826692,-1.93085388921
Mohamad,0.330319826962,-1.62729195146
Mohamad,-1.41281686036,-1.81521158568
Mohamad,0.419705120873,-1.74853198615
Mohamad,-1.21092529043,-0.378615392176
Mohamad,-0.189351939541,-1.03935110452
Mohamad,-1.4863076613,-1.42474819166
Mohamad,0.581984793857,-2.06519628876
Al_Bassam,-1.51186347908,0.51708421066
Chaudhry,-0.153830817364,0.100281467012
Chaudhari,-1.19167462627,-1.6899017932
Abbas,0.287479148945,-0.870596544179
Abbas,-0.128400768824,-1.16051770853
Abbas,-0.0558307267333,-0.960296062573
Abbas,-0.364889127468,-1.62688373497
Abbas,0.79291233918,-0.202376164529
Abbas,-0.711438352132,-0.450693955677
Abbas,0.112680933815,-1.41825332026
Abbas,0.0446976889877,-0.66574626965
Abbas,-0.118528345976,-0.563342150698
Abbas,0.106431848461,-0.647857233997
Abbas,-0.191084034195,-1.11706513414
Abbas,0.170095580804,-1.15269316458
Abbas,0.0646285572746,-1.21602570008
Abbas,-0.602440816662,-1.11547848946
Abbas,-0.664003992461,-0.395528002565
Abbas,-0.35247878268,-1.46450010401
Abbas,-1.62438378072,-0.805472669278
Abbas,0.65546843116,-1.16337647842
Abbas,0.453503802008,-0.959533152942
Abbas,0.523044551616,-0.879230843693
Abbas,-0.175223640132,-0.772831121382
Abbas,0.815892002613,-1.04514912672
Abbas,0.298279840335,-0.968864575348
Abbas,-0.130686219201,-1.6619731124
Abbas,-0.729244818429,-0.0924064940686
Abbas,0.52457532455,-0.0413189775548
Abbas,-0.537551645851,-0.523568890445
Abbas,0.115927135905,-0.186683607089
Abbas,-0.0492124327444,-0.453268237187
Al_Zhar,-1.83902085382,0.972542791996
Diyab_al-Ahmed,-2.22389017707,0.218594623127
Amin_Fahim,-1.12795557107,-0.188443217161
Amin_Fahim,-1.62623197159,-0.50638266504
Amin_Fahim,-1.10099437011,-0.392828501942
Tanaka,-0.480800351426,-2.75929050056
Ali_Hassan,-1.43929679119,-0.333194084868
Habbak,-0.412143122894,-1.00104705407
Glazer,1.80305958047,-0.877995404027
Jamal_Warner,-0.991746815375,-1.11587806218
Wild,0.86767450073,-1.12515522129
Mahmud,-0.086831166324,-2.13130533455
Habib,-0.355643683495,-1.25125487624
Reyes_Villa,-1.28068676803,1.26778209354
Stolpe,0.953707393605,-1.46761815686
Stolpe,1.48652377427,-1.94903556546
Hekmat,0.0398191105205,-2.06263901356
Montebrun,0.400290060629,-0.713580906309
Gehring,-0.665328957199,-1.76669341451
Jesus,0.755174454102,-2.05863789542
Llorente,0.723903042789,-0.625882790977
Pellegrini,0.488763913102,-0.662075812112
Poggiali,-0.410372663727,-0.863689658693
Poggiali,0.385078767271,-1.04046755719
Rosendo,-0.550521133161,-1.63836735631
Georges,0.797035693804,-2.28352681723
Safin,1.3749090071,-1.2455929826
Safin,0.386299142682,-1.89165090108
Safin,0.962807771745,-2.25632305473
Fleury,0.933296803842,-1.13128046216
Fleury,1.68018439823,-1.58476670026
Anthony,-0.25629708229,-1.23247976289
Bulger,1.03466373433,-2.65364241247
Anderson,1.08624150719,-2.47598760897
Bielsa,0.84041796195,-2.31005058626
Ebrard,0.901699671426,-3.23103354412
Ebrard,1.14116583883,-1.97349212238
Ebrard,0.790403737343,-2.11291127844
Rios,-0.147429969503,-1.91619547435
Rios,0.360134659882,-0.264478562508
Rios,0.354595763827,-1.71724862233
Rios,-0.471024164401,-1.09012793843
Rios,-0.314637199703,-1.99883868312
Salas,-0.0880412212664,-2.10751345073
Salas,0.27568367103,-1.80218894913
Salas,-1.59836940797,-2.46290276891
Gold,0.123182226283,-1.18069331663
Grossman,1.76359857837,-2.00341545492
Grossman,1.35684474612,-2.64596214346
Grossman,1.43461046332,-1.9717232922
Grossman,1.52111685067,-2.19936443633
de_Souza,-2.64376300013,-0.279238418513
Leger,1.44218760721,-3.20233992982
Antonio_Barrera,-1.08482088001,0.43907543407
Antonio_Barrera,-1.32394824171,-0.186530048366
Antonio_Barrera,-1.98135195651,0.539946978852
Antonio_Barrera,-1.48381512006,-0.674307845405
Antonio_Barrera,-0.322065505629,-0.605910874385
Antonio_Barrera,-1.34807939544,0.262873897546
Archer_Cardoso_Moreira,1.17345268135,-2.25457539363
Irizarry,0.8434299563,-1.32823502821
Pantani,-0.344613179644,-1.21235365913
Cafu,-0.40452783057,-1.73883334919
Daniel_Jimenez,-1.52613219349,1.82287675235
Milinkovic,0.941809082493,-1.62917368433
Racicot,0.637952366142,-1.38165795828
Shaiman,0.916279127037,-0.77559230259
Allen,-0.645630144239,0.681608744166
Garrettson,0.18110260156,-1.81598190748
Gronholm,1.83636661082,-3.17151278906
Gronholm,1.01685806808,-1.92020390619
Caruso,1.07595347613,-1.99620185298
Hasley,-0.0755413191703,-1.83009893486
Hoelzer,1.42252494156,-2.20946387995
Okayo,-2.24245144178,1.72939446517
Thatcher,1.43467636285,-2.68581158442
Thatcher,1.22992877116,-2.9653435043
Bakley,0.818664388326,-1.60699238475
Puente,0.428191499399,-1.51605165075
Bello,0.140949697994,-1.25928321289
Burks,0.487306201122,-2.74764365372
Callas,-0.133997455562,-0.449167390428
Conchita_Alonso,0.130682970946,-1.04288498432
Garcia,-0.366657194772,-2.58523291663
Guida,0.220984759737,-1.23435012994
Carey,0.309212152083,-2.54497594181
Carey,1.23723396667,-0.628258139061
Carey,0.841044821253,-1.0711548927
Carey,1.77997775195,-1.52991480308
Carey,2.19329439242,-2.5275603682
Carey,1.18582400333,-2.26878567809
Carey,1.17949805962,-1.45690749243
Luisa_Mendonca,-1.72319605662,0.942311615104
Luisa_Mendonca,-0.604671765254,0.911643631672
Ali_Hassan,-1.39958222716,-0.706146294497
Gonzalez,0.651783288763,-1.38138480535
Ohata,-0.724128583918,-0.229905107052
Pollack,1.35966934858,-2.38959733932
Pollack,1.69997755394,-2.62069408566
Pollack,1.35401409452,-2.71863264986
Dolan,0.369142413546,-1.82319164232
Ruiz_Torrealba,-1.13002177124,1.18566393738
Ruiz_Torrealba,-0.00952547185701,-0.550302306993
Ruiz_Torrealba,-0.296712674621,-0.385891050171
Stanley,-0.0459575279028,-3.29173435677
Zabaleta,-0.363179818444,-1.45004306492
Sanchez_Lorenzo,-1.35074583212,0.664354949396
Shkolnikova,-0.206596109583,-1.7351069975
Shriver,0.440154837997,-1.22975732964
Shriver,0.765950599606,-1.88297076902
Shriver,0.552796669069,-1.84940049108
Shriver,1.82084422802,-1.86863028643
Shriver,0.32040334826,-1.26400489412
Shriver,0.701520757628,-1.05025617335
Shriver,1.15116805362,-1.48104110473
Shriver,0.255964412957,-0.551297211386
Simon,1.96658553182,-1.38782032112
Soledad_Alvear_Valenzuela,-0.516657940991,-1.1232516173
Soledad_Alvear_Valenzuela,-2.92968164681,0.974932790095
Soledad_Alvear_Valenzuela,-1.66879901811,-0.541209030879
Soledad_Alvear_Valenzuela,-0.622385119924,-0.429862764059
Soledad_Alvear_Valenzuela,-1.26259871432,-0.732653162589
Wetterstrand,0.240264583607,-2.27597067372
Dominguez,-1.23648300907,0.441685957303
Haghal,-0.673861129469,-0.96073272405
Croze,0.73446781149,-2.05662778064
Le_Gougne,-2.17615348452,2.28843417393
Le_Gougne,-1.00861637293,1.18682706981
Chrousala,0.322847224306,-1.52614482919
Chrousala,-0.152686711103,0.307724962781
Chrousala,0.703543253634,-1.44934211603
Monroe,0.739391216949,-0.923084930052
Monroe,0.96975454322,-1.13335977266
Anissina,1.23020427463,-3.53422444175
Anissina,1.37549165947,-4.04299689588
Canetti,0.660351415675,-0.0497548485295
Hands,0.0280135700639,-1.19341119419
Kuptsova,0.160465141843,-1.56206731386
Silva,0.41635366768,-2.27646000107
Alfaro-Lopez,-1.05293312294,-1.49560277887
Austin,-1.96328737291,1.19000265598
Cipollini,0.581570317937,-0.598420757108
Cipollini,1.60393713061,-1.47309962721
Dominguez,1.89081515776,-2.3812359347
Dumont,1.27438880405,-3.06981136367
Dumont,0.937100362169,-3.67224928696
Gallegos,-1.53298024973,-1.98596369456
Jardel,0.0600209718517,-1.60186848163
Kreutzberger,-0.812948115321,-2.23768983665
Kreutzberger,1.74287310855,-1.77845743637
Lemieux,1.35480742851,-2.0487039964
Lobo_Zagallo,-2.19649118057,1.34192760298
Barry,-0.908279212573,0.437110283561
Fahnestock,0.480416744485,-1.53466686007
Puzo,0.765912147936,-1.59518227814
Vasquez_Rana,-1.27551361215,-0.187141173002
Tomei,0.264357010667,-2.65408034908
Tomei,0.392443179554,-2.9577870994
Breton,-0.0848580759177,-1.95244057766
Martinez_Sambran,-0.121512102353,0.186625822455
Jaret_Winokur,-0.312033287908,-0.141221417736
Jaret_Winokur,-0.824098688076,0.338049612711
Macias_Furano,-1.31517372367,0.84837159868
Andrew,-0.171066272983,-1.19079203974
Bellhorn,-0.141349348681,-1.46188839327
Broxmeyer,1.39439861072,-2.43737783087
Butcher,0.242994131102,-2.6795244617
Cuban,0.450945782756,-1.8517878551
Cuban,0.668302978305,-2.175771543
Dacey,0.751057233888,-3.16590988804
Dacey,1.05863092362,-2.56542013946
Everson,1.44571580626,-2.23257961347
Foley,0.328184611405,-0.999740334689
Gangloff,0.808113658449,-1.5567736059
Geragos,0.534413007592,-2.35193380031
Geragos,-0.213773536272,-1.77915840272
Gottfried,1.3253796546,-2.29687243844
Gottfried,0.459910559598,-2.25188294085
Gottfried,0.592107099933,-1.76935249407
Hamister,0.26667337908,-1.98345159897
Hamister,1.01032549482,-2.7066662285
Hanson,0.980990859727,-1.82992597583
Heller,0.489030963931,-2.24572679993
Heller,0.179542032222,-1.38047340403
Hogan,1.2050354038,-2.26523662004
Hurlbert,0.525437680914,-0.94449088819
Hurlbert,2.24557134325,-1.79882056812
Hurlbert,2.52414641203,-1.82970189439
Hurlbert,2.57753041287,-1.70799249951
Hurlbert,1.33641379434,-2.76668188667
Kelly,1.88908290629,-2.24120218173
Komara,-1.2082009723,1.13769371701
Lazarus,1.07543360866,-2.10030626412
Leno,1.170777872,-1.39437930447
Mariscal,1.66924631788,-2.15529476589
Martin,1.14038722532,-1.83791082845
McClellan,1.07061611829,-2.01953517305
Mishkin,-0.524769479955,-0.927650227978
Mulder,0.94755986437,-0.387327959151
Philippoussis,0.762694894687,-1.34762549988
Philippoussis,0.308216357679,-2.37410943504
Philippoussis,0.458828066573,-2.30485386281
Philippoussis,0.942113261485,-1.61033181472
Philippoussis,-0.378564842899,-1.77686833342
Philippoussis,0.764348302898,-2.01210994257
Philippoussis,0.115977080416,-1.66469875904
Philippoussis,-0.407785270745,-0.701682906322
Philippoussis,0.505078604656,-1.89931600626
Philippoussis,0.425308585692,-1.58244126862
Philippoussis,-0.0790481313883,0.149662037771
Podlesny,0.169070468434,-3.65964413754
Polansky,-1.15035729452,-2.70012087725
Redman,1.19561679352,-2.30710831776
Richt,0.139448963145,-0.265839020405
Richt,1.06453867465,-2.49274636743
Richt,1.80548346323,-1.39830091397
Rosenbaum,-0.181228389619,-1.42639984699
Sacco,0.438036015768,-1.73423524477
Salter,0.0842753056309,-2.62173319686
Schweiker,1.04456255726,-2.171235595
Schweiker,0.681314588475,-2.83555939497
Shapiro,2.32097891651,-1.3500678252
Sisk,0.815343095736,-1.70595464451
Stuart,1.09217180766,-2.38651793753
Swartz,1.27545012539,-0.65214329883
Beyer,1.61616937546,-2.6230914194
Naslund,1.71840873117,-3.58779416818
Naslund,1.79341263118,-3.4229734787
Wahlberg,-0.544326681462,-1.35864909122
Wahlberg,1.35898551748,-2.18215522117
Wahlberg,0.782027696636,-0.747671584094
Wahlberg,1.00958170482,-2.08511332126
Warner,0.472104489519,-1.06987629038
Warner,1.83615609738,-2.07561300107
Weingartner,0.35951593874,-1.04903722785
Weingartner,1.08073309578,-2.05879349096
Devonish,-0.116535071801,-0.44855459354
Montano_Contreras,-1.28112313222,-1.32814184509
Estill,-1.75433978853,0.799445960857
Ambrosius,-1.30530733347,0.025901931079
Sharp,-0.0453775456698,-2.98303543051
Thomason,-0.875992558353,0.228765289891
Dominguz,2.02225957133,-1.66426144802
Beatriz_Roque,-1.5001448947,0.71649090515
Beatriz_Roque,-1.2132807142,1.1202254329
Bowen,-0.191390217025,-0.630129150478
Bowen,1.16410955173,-2.01194720621
Burk,0.763009549472,-1.99134237468
Burk,0.29344991549,-3.20526474396
Burk,1.40355134379,-2.36732113926
Burk,0.317471141546,-2.05229859842
Lucia_Ramirez,-0.759493350302,-0.401771524876
Lucia_Ramirez,-1.60863083679,-0.165891364047
Lucia_Ramirez,-1.13042679375,0.0880694355225
Lucia_Ramirez,-1.40430338443,0.572845434985
Martinez_Flores,0.291734452645,0.197182154666
Sahagun_de_Fox,-1.08693462535,-2.19306326208
Smith,0.249215151485,-0.866408006949
Stewart,1.90828361045,-2.17493008319
Stewart,1.33461449959,-1.45968474869
Stewart,1.13347714452,-1.87987938828
Stewart,0.662818060875,-0.619783137282
Stewart,1.40094589394,-2.68109080405
Maguire,1.984139967,-1.96915864985
Hingis,0.295202674434,-2.69800137742
Hingis,0.0662798760038,-1.3573213404
Hingis,-0.0337846659719,-1.08910993783
McBride,1.73109164978,-1.58222589417
McBride,-0.358972118556,-0.496171774033
McBride,0.998460578207,-2.138478898
McBride,1.06896229683,-1.63494140107
McBride,0.590741680742,-1.30334107584
Bandier,0.810023460215,-1.91127082924
Boryczewski,2.23881863502,-2.87181448537
Brodeur,1.08688541103,-1.79410771041
Brodeur,0.805623276539,-1.58298747942
Brooke,0.714221393332,-1.95849268892
Burnham,0.257179023725,-2.38913870535
Cauchon,0.0627948664469,-2.60856149181
Cauchon,-0.0924234537323,-2.38371723244
Frost,0.896071453814,-2.17375839458
Gecht,-0.265322149728,-1.30050357113
Hoellwarth,-1.03008340898,-1.70570683454
Hoellwarth,1.05298311667,-3.28046313505
Howard,0.164720095962,-2.43391929512
Keown,0.79413927186,-1.15661896435
Kristof,0.718745398242,-1.65359497179
Landau,1.69047708243,-1.65347712945
Lawrence,-1.23481686651,0.0165560828061
Luther_King_III,0.647933646312,-2.6277301688
McCauley,1.17444335557,-2.26679058122
McCauley,1.13736701876,-1.21381774963
McGuinness,0.706893746756,-1.18001068168
McGuinness,0.587005515114,-1.56937369017
McGuinness,0.739954633942,-1.73240190605
McGuinness,0.74460790613,-0.43024062216
McGuinness,0.931920280977,-2.5019789835
ONeill,0.847119918372,-1.38954599772
Rodriguez,0.362282063029,-0.771363058552
Scorsese,1.82828768242,-2.60232160982
Scorsese,0.578578418746,-2.41259810487
Scorsese,0.87044711246,-2.53365454468
Scorsese,0.671143279822,-1.8912674968
Scorsese,2.31874732946,-2.74650474342
Scorsese,0.274984653661,-2.21643268397
Sheen,1.21565552618,-2.87508965933
Sheen,0.373868197536,-1.93860620436
Short,-0.390506381641,-0.503950335852
Torrijos,0.831385044018,-2.09897212581
Verkerk,0.619432235885,-1.97390747426
Verkerk,-0.0138751237456,-0.656786333023
Verkerk,-0.209793333745,-1.93450988904
Mornhinweg,1.0543197267,-2.61520537535
Mornhinweg,1.01451235458,-2.32092493287
Mornhinweg,1.80645936757,-0.846170116625
Atapattu,-0.0720286366903,-2.60721142434
Barghouthi,-1.65454432238,-1.78169019432
Barghouthi,-1.0673708136,-0.811686813505
Muasher,-0.88313405951,-1.07495862973
Anne_Souza,-1.46401804375,1.09283080153
Blige,-0.825999006959,-0.168091690649
Bono,2.22421148674,-2.70572907149
Carey,1.17354834186,-0.806592470019
Carey,0.529791886592,-1.90306867451
Carey,-0.179817393736,-0.824207617327
Carey,1.64474162334,-1.91938660711
Catherine_Correll,-1.71533512172,1.38066453044
Descenza,2.69185758247,-2.05594353333
Elizabeth_Mastrantonio,-1.86443709081,0.71476509561
Frances_Seiter,-0.700713888984,-0.330058931971
Hill,0.871832603609,-2.04101294449
Jo_Myers,-1.64926875143,1.09989037126
Olsen,1.07146707549,-1.09806688035
Olsen,1.89643981196,-2.84455042252
Olsen,1.07195086625,-2.25422247179
Katherine_Smart,-0.784786658454,0.701209779367
Landrieu,1.48081249763,-2.48242961281
Landrieu,1.70170941047,-1.9660629616
Landrieu,1.09418888212,-1.95469605609
Lou_Markakis,-1.94387531524,2.0866977343
Lou_Retton,-1.76019268486,0.48424611769
Maddux,1.95702792745,-2.40834062265
Matalin,1.80115699174,-1.57302591533
McCarty,1.67393518812,-3.04014965937
McKenna,0.600777684553,-0.812422127274
Robinson,0.484989229965,-2.56203941141
Steenburgen,1.5458546126,-3.06817564269
Steenburgen,-0.0615238146688,-2.20840136659
Steenburgen,0.207905937789,-1.75763713137
Sue_Coleman,-1.62648173781,1.52141076526
Tyler_Moore,-1.07838737253,0.738752021129
Tyler_Moore,-1.41667711688,1.07238224002
Zorn,1.61470981442,-2.37167132956
Nagasawa,-1.32583835356,-3.44408935459
Nagasawa,-1.15250194264,-2.04159982088
Tokuyama,-0.656307747893,-1.58219615663
Azuma,0.882451291296,-1.30156974505
Hayami,-0.689431607305,-1.38906732145
Koshiba,-0.838793386767,-1.13263736655
Juel,1.05031795616,-1.38924514102
Barzani,-0.664786985541,-1.90629169637
Turker,0.615395491114,-1.47326349777
Turker,0.92407190683,-1.75671928394
Turker,-0.346475147926,-2.48882418657
Reichhold,1.11263481506,-1.42330440959
Reichhold,1.03467158813,-1.10806881004
Reichhold,1.69276757475,-2.66083988901
Karel_Spak,-0.720849359894,-0.0443807834815
Anderson,-0.223459713503,-2.41964123446
Braker,0.337987629334,-2.18612484207
Damon,1.16772657942,-2.58101826076
Damon,1.21478004394,-1.27958247262
Damon,-0.485339832584,-0.986122797581
Damon,2.26370254025,-2.82630361418
Dillon,1.03398451317,-0.718449807148
Dillon,0.644195848776,-1.25364049642
Dillon,1.71173922623,-2.43403183559
Doherty,1.54214510405,-1.7555983214
Doherty,0.474608078734,-1.39401631883
Doherty,0.0345552073863,-1.64250155264
Herden,1.36938294735,-2.40801785812
Broderick,-0.0978732458865,-0.985825086316
Broderick,-0.206363297392,-1.50813164238
Broderick,0.989185668081,-1.41859346594
Broderick,0.623891864133,-1.83152911625
During,0.819362091887,-1.60615385969
McConaughey,1.08118192567,-1.75305285878
Ouimet,0.531508038304,-1.64320773553
Perry,0.978211494193,-1.18575842434
Perry,0.910655751415,-2.34871786908
Perry,-0.547181421332,-1.36242610109
Perry,1.78625748272,-1.96986146519
Perry,0.910927934591,-2.19420887246
Perry,0.921952627605,-1.2615768281
Perry,1.23460818033,-2.69752785138
Vaughan,1.13890534477,-3.3142660342
Sammer,1.40478245916,-2.08087595102
LeBlanc,0.762860535451,-2.0625441884
Morris,1.45413791676,-1.76294567632
Roney,-0.395749590764,-1.00090735149
Siebrandt,1.05189715435,-1.97442300602
Walters,1.20475008973,-2.87831243002
Welsh,2.14394127462,-1.5428608357
Tierney,1.02942153134,-2.13855751705
Fanning,1.54411128482,-2.68298065979
Fanning,1.62046429426,-1.77056499719
Kanka,0.173193861914,-2.01509650851
Cheeks,-0.70307737036,-1.45247368254
Papon,0.0289504732116,-1.72058116775
Strong,1.60786688776,-1.90661235737
Macri,0.47989321455,-2.75563540235
Pochetino,0.225113100319,-1.25875504131
Viza,-0.633319303543,-1.705802749
Baucus,1.25854369167,-0.241369500144
Biaggi,-0.653182630256,-1.74965843697
Afinogenov,0.912154869722,-2.36252253945
Mayfield,0.979459360496,-1.26485853038
Mayfield,1.94925545687,-1.75898846005
Mosley,0.859082552049,-1.76346524781
von_Sydow,-1.36943409342,0.182630386251
Moriyama,-0.280511040246,-2.70543894392
Gibson,0.0155093828366,-0.804134727595
Hammer,-0.232586246965,-0.591916437134
Mullally,1.91726396382,-2.76030981378
Mullally,0.219544897021,-1.87729883484
Mullally,0.920369372166,-2.29005347008
Sukarnoputri,-1.36544592863,-1.36510115693
Sukarnoputri,-1.81363464142,-1.81201500308
Sukarnoputri,-1.56357540071,-1.50868158743
Sukarnoputri,-1.38482867602,-2.67325069264
Sukarnoputri,-1.46729349798,-2.59465953909
Sukarnoputri,-2.19403371506,-2.00037274691
Sukarnoputri,-1.08282821064,-1.97507194838
Sukarnoputri,-1.44341783901,-1.88475582267
Sukarnoputri,-1.82834153473,-3.12887321848
Sukarnoputri,-0.689554196643,-2.32787257769
Sukarnoputri,-0.980875826667,-1.71388283507
Sukarnoputri,-1.01619231636,-1.28151441654
Sukarnoputri,-0.849752734992,-1.67351313501
Sukarnoputri,-1.90944609114,-1.74280704751
Sukarnoputri,-1.34873399745,-1.25650713252
Sukarnoputri,-0.914899815224,-2.39279597367
Sukarnoputri,-1.69694048527,-2.13821130102
Sukarnoputri,-1.51533097623,-1.63178862574
Sukarnoputri,-0.673999400815,-2.20403690448
Sukarnoputri,-1.73696302546,-3.46213974284
Sukarnoputri,-1.70949720591,-2.59734917984
Sukarnoputri,-1.32291022968,-1.65981861272
Sukarnoputri,-1.27683453389,-2.39555832633
Sukarnoputri,-1.56129226017,-2.78460969292
Sukarnoputri,-1.41585849626,-2.0119058112
Sukarnoputri,-1.15119216023,-2.46346239134
Sukarnoputri,-1.28757755359,-2.24188665398
Sukarnoputri,-1.76727460143,-3.05345116528
Sukarnoputri,-0.972611356779,-2.04768072418
Sukarnoputri,-0.833368372403,-2.71453549436
Sukarnoputri,-1.29359275396,-2.74104692692
Sukarnoputri,-1.42682597947,-2.12242936618
Sukarnoputri,-1.53013646717,-2.62079514306
Shaughnessy,0.677219280554,-0.645902931987
Shaughnessy,0.159015138802,-0.473631694311
Mallon,-0.476218436342,-1.7897370883
Wakeman,1.16607476097,-1.48016640285
Baala,0.210143517085,-0.856669812671
Ali_Sahin,-1.3823934511,1.32805211074
Okur,1.62861999073,-1.44519833162
Evans,0.902212401363,-1.52686869793
Phifer,-1.51556597989,2.05769642819
Scantlin,1.03992064897,-1.5074332133
Griffith,1.10271111777,-1.67541928573
Griffith,0.590914011495,-1.24209524321
Griffith,2.32403629752,-2.45951318792
Brooks,0.333928605796,-1.62865508646
Brooks,0.89077593736,-2.17330160856
Cob_Castro,-0.652653495685,-0.339094052028
Zenawi,-0.387409148976,-1.07130653247
Gibson,1.33985784584,-2.28607631133
Gibson,0.603526242085,-1.82135186354
Kanakaredes,0.930168256431,-2.48819396171
Czink,-0.207237440249,-1.27902453551
Etheridge,1.84127862909,-2.00855115071
Etheridge,0.874595902974,-2.59047085992
Gilbert,2.31218516214,-2.89218369724
Joan_Hart,-1.25460893514,1.66237997191
Manchester,0.177920867811,-1.21705238649
Mulloy,1.12968752328,-2.72587368449
Stark,0.976153098278,-2.41121331061
Karmazin,1.15047316989,-1.78454650248
Talbert,-0.673783208657,-0.0372405429647
Streep,0.936265150044,-2.61307599743
Streep,0.825458131079,-3.28612634984
Streep,1.57988578004,-1.94174807554
Streep,0.564733752021,-1.60563305253
Streep,1.95603026808,-3.23154116808
Streep,0.4092950681,-1.24595050466
Streep,1.72727318499,-2.12602626349
Streep,1.96535141819,-3.05799389703
Streep,1.90450748199,-2.23240420664
Streep,1.33285370609,-2.84965098414
Streep,1.67785809355,-3.03098121376
Streep,1.02544821774,-2.49138149361
Streep,1.30275930126,-3.18349454033
Streep,1.70857694301,-2.91216951324
Streep,-0.504479870738,-1.72207287488
Yilmaz,0.0189664693655,-0.946469669267
Yilmaz,0.660383820274,-1.04589366685
Mottley,0.127145310436,-1.90830055865
Khursheed_Mehmood_Kasuri,0.389901852585,-0.494154987705
Khursheed_Mehmood_Kasuri,0.401967397615,-0.957673544139
Khursheed_Mehmood_Kasuri,0.325444660783,-0.654001701906
Khursheed_Mehmood_Kasuri,0.918214269015,-1.1918337156
Knorr,0.810524731868,-2.59346539136
Adams,1.4280750298,-1.52087420451
Andretti,0.179720982895,-1.58827225223
Arif,0.269408687454,-1.18535562546
Ballack,0.270834029681,-1.01512432606
Ballack,-0.264163427319,-0.340238354213
Ballack,-0.754233217912,-1.63379122687
Bloomberg,1.60628230754,-1.97769370585
Bloomberg,1.74657269737,-1.42623532593
Bloomberg,2.27735370655,-2.18408507747
Bloomberg,0.766578129275,-1.49457485701
Bloomberg,2.80108812776,-1.95788990888
Bloomberg,2.04941166561,-1.62209474412
Bloomberg,1.64599327648,-2.42948431296
Bloomberg,1.42855361753,-2.03500828627
Bloomberg,1.25871395908,-0.940272690009
Bloomberg,0.899227964879,-1.83789879124
Bloomberg,1.96332288555,-1.73992279803
Bloomberg,1.9353857558,-1.74410250385
Bloomberg,2.3568416483,-1.79101835765
Bloomberg,1.13755059185,-1.66195909831
Bloomberg,1.20416431073,-1.44618951053
Bloomberg,0.802184329717,-2.23915098665
Bloomberg,2.25145345555,-2.05983649365
Bloomberg,2.09949489193,-2.2111775921
Bloomberg,2.73631079616,-1.86226086425
Bloomberg,2.64146717908,-2.32592730882
Bolton,0.637418680598,-1.7987074164
Bouchard,0.399141920067,-1.83881740555
Boyce,0.0718281693911,-2.10075040365
Brandon,-0.113724816863,-1.93782709116
Broad,-0.803167801072,-1.19919556051
Caine,0.82019972735,-1.52898448909
Caine,-0.159403441343,-1.75767043157
Caine,1.57111126163,-1.90436369785
Caine,1.98066406674,-1.43153085054
Capellas,1.25610427592,-2.07830058326
Capellas,1.25895231857,-2.38717207076
Chang,-0.172712389432,-2.76239176053
Chang,-2.0037683043,-1.58818499574
Chang,-1.3687366977,-1.05471402616
Chang,-1.19690067205,-1.2895966824
Chang,-0.281946342208,-2.30500059234
Chang,-1.92575002257,0.0506612522332
Chang,-1.26550476204,-1.71622093634
Chang,-1.99356751428,-0.0084916292385
Chertoff,0.0103123900113,-0.976815367048
Chiklis,1.38390220433,-0.602787890421
Chiklis,0.592884853234,-0.548333467282
Chiklis,-1.11073688978,0.835589300961
Chiklis,1.04640275891,-0.877153944837
Chiklis,1.56947265463,-1.6767731957
Clarke_Duncan,-1.2023030126,-1.61324455785
Dell,0.762499393773,-1.15473985943
DeMinico,1.66911184672,-1.68321499822
Denzel,0.5260400084,-2.30964444276
Deutsch,1.52417317173,-2.22847793106
Diekmann,1.06776760637,-1.95927727506
Doleac,1.31815098713,-1.40588389325
Donovan,1.41843837921,-2.32325545989
Douglas,2.22777049271,-1.82752713156
Douglas,1.26089132986,-1.82833226168
Douglas,1.32822022454,-1.9200518626
Douglas,0.0180550592483,-1.2985184223
Douglas,1.20777830883,-2.03684883203
Douglas,2.20765924972,-2.72008259293
Fitzgerald,1.8458505519,-2.39034059387
Frayn,1.34643360674,-1.29204339712
Friedman,1.97939326844,-1.01930773564
Goldrich,0.285652198353,-1.65778436333
Guiler,1.48574107749,-1.98100484167
Hagee,0.925203246874,-2.01164497231
Haneke,2.32194339356,-0.682601635149
Hoffa,-0.676783469554,-2.04708495929
Jackson,-0.345722505315,-0.641778958781
Jackson,0.889526151426,-2.08794721511
Jackson,0.84173176879,-1.39604825043
Jackson,0.636515173717,-0.684455633844
Jackson,-0.127971069607,-0.793100197813
Jackson,-0.450325385868,-0.895411692686
Jackson,-0.685197610186,-0.362713398121
Jackson,0.295376379503,-1.97834268736
Jackson,-0.00769573574811,-2.83022735001
Jackson,0.769853893637,-0.976483267327
Jackson,-0.502426843892,-0.599569556385
Jackson,-0.19350231268,-0.351805407222
Jasny,0.211732013759,-0.836013178698
J_Fox,-2.85325162141,1.85851807756
Jordan,-0.336117546567,-1.09247345115
Jordan,-1.2633755639,1.02580876651
Jordan,-2.03340400536,1.91380748147
Jordan,-0.382157599489,0.00680452313191
J_Sheehan,-1.39791213671,1.83567433497
J_Sheehan,-1.19898820594,1.51303078023
Kahn,1.58438772798,-1.15409507161
Keaton,0.571841747241,-0.418525605081
Keaton,0.811869896391,-1.47925087194
Killeen,1.65352308999,-2.31430052371
Kirby,1.08580285113,-3.09794555202
Kors,0.182539822358,-0.99283447833
Kostelnik,1.72053205806,-1.92268219138
Kostelnik,0.700232883629,-1.97417378672
Leavitt,0.191600734452,-2.16252178812
Leavitt,0.569649994116,-1.35667417099
Lechner,1.3179616187,-0.784858494449
Linscott,-0.411536095058,-0.804322217066
Lopez-Alegria,-0.225091833854,-0.0978715863875
McNeely,1.31012613749,-1.93404542957
Michele,0.00438360956703,-0.61927448906
Milton,1.59515662358,-0.707077460671
Moore,1.00805115955,-3.35304003696
Moore,1.28427078259,-1.46502247713
Moore,0.965115609308,-1.34644381413
Munoz,0.241082532672,-3.00627748055
Olowokandi,-1.00547613969,0.936822839808
Patrick_King,-1.04464505501,0.125319938155
Patrick_King,-0.936213286746,0.687824372071
Peat,2.16137775982,-2.17578873165
Pfleger,1.28319618779,-1.61607534788
Phelps,1.82287774463,-1.40068510864
Phelps,1.69080381181,-1.90304725527
Phelps,1.01489254407,-1.63779738926
Phelps,1.2062647515,-1.4603878972
Phelps,2.12103434886,-1.93964192961
Piuze,1.50112144457,-1.99712953516
Powell,-0.760275027747,-1.10581364658
Powell,-0.837072342481,-1.92422283366
Powell,0.343246613494,-1.71261186067
Powell,0.147911623658,-3.06512312875
Powell,-0.373937422462,-2.59155331913
Richards,1.44599905782,-1.94404141319
Rolinee,1.16731180959,-2.66753892611
Schumacher,0.946727652544,-2.20537327036
Schumacher,-0.472913800089,-1.38583628984
Schumacher,-0.282138020478,-1.09398045933
Schumacher,0.953841401926,-3.21341121169
Schumacher,-0.152745711418,-1.74720384455
Schumacher,1.59702251361,-2.04315236514
Schumacher,0.767079745844,-3.18478804984
Schumacher,1.23484203129,-1.17192472368
Schumacher,1.7544689211,-2.36729359304
Schumacher,0.630795692005,-2.42431591751
Schumacher,0.860339678903,-3.63745998254
Schumacher,1.51875275179,-2.5263814901
Schumacher,0.457880381031,-1.64850200644
Schumacher,-0.0216865865564,-1.26710565845
Schumacher,0.929502762967,-0.532077656848
Schumacher,1.50736037394,-1.67202298219
Schumacher,1.09069775177,-2.24424646058
Schumacher,2.8879649875,-3.55322935866
Shane_Jolly,-1.44664108336,0.190246424322
Sheehan,1.42968422403,-1.65235829634
Shelby,1.41892215139,-1.86068790757
Smith_Foster,-1.94157535216,1.29435650194
Stark,0.663505518258,-0.242892302794
Sullivan,2.11881757863,-2.26267110319
Sullivan,1.2897950971,-2.19839947609
Taylor,1.63559318204,-2.17760395585
Wayne,1.42902293408,-2.03686944951
Weiss,-0.518741732465,-2.2021176695
Winterbottom,1.08214728995,-1.46900135785
Winterbottom,1.81786973944,-2.74933670843
Winterbottom,1.41853003451,-2.01110353012
Chrisohoides,0.687808364959,-1.82343063421
Jourdain_Jr,-2.32671744015,1.510593974
Antonioni,1.04811708967,-1.08922916818
Charles_Chretien,-1.22152314208,1.27457673343
Duclos,1.54748090496,-2.71237025212
Duclos,0.736483532416,-0.774864758428
Placido,0.754393906078,-0.65868426187
Kratochvil,1.60012224032,-1.91602027055
Bachelet,0.362980462511,-2.77821780513
Branch,-0.907817226674,-1.61115181803
Branch,-0.493744228164,-2.2096044314
Chiklis,1.04644967307,-1.91950716596
Collins,-2.09129326577,-0.204335063584
Collins,-1.9067577747,0.251444874354
Hofland,0.0816416245573,-2.61210790914
Kwan,-1.85681181457,-1.57379028262
Kwan,-0.764375248194,-2.67061739604
Kwan,-0.816598458807,-2.16253813473
Kwan,-0.434734771131,-2.72990974388
Kwan,-0.520882284271,-3.1037328262
Kwan,0.238294994386,-2.51031753557
Kwan,0.53230155915,-2.78086980235
Kwan,0.418060460519,-3.30195894774
Lecky,-1.04960972565,0.0156440575117
Pfeiffer,0.995173870754,-0.57042622285
Pfeiffer,0.3452405025,-2.33719353819
Pfeiffer,0.996032726833,-1.34707689739
Rodriguez,0.014378398085,-1.31399912425
Rodriguez,-0.319458930725,-1.9731352013
Yeoh,-0.830552683759,-1.60151472171
Yeoh,-0.523407826888,-3.03576577594
Yeoh,-0.294557080204,-1.49635258924
Yeoh,-0.832560509865,-2.45568592439
Yeoh,-1.31465679502,-3.00747551815
Minard,-0.097319939029,-1.42617038196
Temer,0.802684843706,-1.53683490003
Temer,0.684875467835,-1.54446233648
Therrien,2.71736331873,-2.09702251534
Therrien,0.948527172511,-2.18483947354
Gilley,0.931485480807,-1.97200437835
Loomis,1.58563159887,-1.67148057509
Rooney,0.473434039896,-1.09297817364
Sherman,1.78849511858,-1.50841047397
Jagger,0.00868987702013,-0.994018921031
Jagger,0.803320990738,-1.30924958637
Jagger,0.568363220509,-2.13904058914
Jagger,0.809146698545,-2.95664040252
Jagger,0.900839865992,-1.8594896938
McCarthy,1.61785842648,-1.54280775585
Arison,0.0504734142245,-1.10646916445
Ward,0.327245564274,-2.76846136959
Aldana_Ibarra,-0.0162989850538,-0.655060509835
Angel_Rodriguez,-0.45841600212,-0.421581783367
Contreras,1.25688807841,-0.867597470255
Contreras,0.0269058006393,-1.37635543013
Cotto,0.502047420054,-1.24312125624
Estrada,-0.151128065609,-2.35806852926
Estrada,-0.367046460049,-3.3001704198
Hakim,1.0740401517,-1.09814405776
Jimenez,1.20021248936,-1.31540487157
Juarez_Perez,-0.36066061915,-0.574637180607
Rosseto,0.195437786789,-1.65564406711
Hakkinen,2.29455441461,-1.7234967901
Alden,0.566961095614,-1.68762683575
Babcock,1.12323695887,-1.59540140494
Babcock,0.681207641535,-2.30334785353
Bair,1.75433165404,-1.71080742554
Brey,1.31111200382,-1.52405432696
Brey,0.486070549789,-2.03542147125
Bryan,1.33949616342,-1.58223686928
Carona,0.710453464431,-2.67581190896
Cunning,0.92522542478,-1.65770920771
Davis,-0.677999885123,0.100169939303
Duke,1.38655140923,-2.29875920936
Easley,1.17034085855,-1.85079590831
Eskew,1.31922808185,-1.69548202349
Farrar,2.50742621595,-1.95556789204
Fisher,1.28543016445,-0.447404749787
Flanagan,1.32286902374,-1.62498646705
Gable,-0.00823077880647,-1.64511818986
Helton,-0.0758736982344,-1.39891011676
Helton,1.22597913727,-0.613366628216
Holmgren,1.49423859181,-2.32094982972
Holmgren,0.416617437882,-0.862434647849
Johanns,0.993476942421,-2.07306250077
Krzyzewski,1.39601913324,-1.50114912137
Krzyzewski,1.3495556988,-1.67968341401
Krzyzewski,1.02884784747,-2.14307358835
Krzyzewski,1.39481154833,-2.84982358376
Krzyzewski,2.40618102421,-3.15282422906
Krzyzewski,0.732236261179,-2.56431285567
Leach,1.40232833339,-2.12767527462
Maroth,0.19079565859,-3.01431992741
Martz,1.24105427348,-1.71872581135
Martz,1.67533111884,-2.01505896311
Martz,1.65234713302,-2.20567779987
Martz,1.33805692796,-1.48521389447
Martz,1.49399692695,-1.77951765195
Martz,2.08394121292,-2.03589854965
Martz,1.72422302729,-2.03540750361
Matheny,0.597333054859,-1.26191349855
Matthews,0.009277404594,-1.27875588576
Miller,0.652617021581,-0.316971706738
Miller,-0.464502418487,-2.23853760567
Montgomery,1.04003074264,-1.71205722197
Montgomery,0.0264134082956,-2.16556036473
Myers,0.407638012421,-0.701129937664
Myers,0.31331009435,-1.15533338353
Myers,0.260274311732,-1.73614384724
Myers,0.0950789983775,-0.947726208014
Myers,0.219345158029,-2.58083898153
Myers,0.201365129669,-1.02186284406
Myers,-0.0118871305925,-1.7048691705
OConnell,1.56379323171,-1.41959312693
Price,1.21295905344,-1.39446821435
Price,0.566020263685,-1.10952247242
Richter,0.10974337846,-1.08622022994
Samp,0.816068052974,-1.87131905392
Scioscia,0.172331488666,-1.82087254414
Scioscia,1.14475189789,-0.632550017264
Sherman,1.71541878373,-1.84421297252
Slive,1.41528711865,-2.41033531942
Smith,-0.175555022852,-0.228197927613
Stefanik,2.27213523926,-1.46626857766
Sweeney,0.552747150371,-2.24036791935
Szymanczyk,0.161403934082,-1.61547659296
Thibault,0.802365627439,-1.45432408394
Tice,0.333011132484,-1.11124882665
Tyson,-1.76467265501,0.87894887997
Tyson,-0.20582586655,-1.76593130347
Tyson,-2.02664549194,0.544901560973
Tyson,-1.80638633383,1.33660871449
Webster,1.39620179074,-2.60036012764
Weir,-0.111872314015,-2.12714797254
Weir,0.254136438416,-1.37331117123
Weir,0.349074314685,-2.1048981299
Weir,0.791887261349,-0.785512525901
Weir,0.788341790871,-1.65430989704
Weir,0.212970170595,-1.18404758021
Weir,1.13973926547,-1.45803340076
Weir,0.994547648357,-1.97058159645
Weir,0.756788229588,-0.949513991811
Weir,-0.493714883571,-0.652314927039
Weir,0.182286157609,-1.74898079477
Gorbachev,0.852638414265,-1.60482259438
Gorbachev,0.706964948174,-1.79811039649
Kalashnikov,0.157485683628,-1.03192494751
Kasyanov,1.40609692491,-2.37123286126
Kasyanov,1.75039340945,-2.04511053439
Kasyanov,1.54263182251,-2.42508950349
Kasyanov,1.71865029571,-2.16386800264
Khodorkovsky,0.179686931235,-2.21886326756
Shvydkoi,-0.14482791015,-1.31139651831
Wehbe,0.252837135206,-0.709858967408
Wehbe,0.577942323187,-2.17779241944
Wehbe,0.632574304475,-2.24552032516
Wehbe,-0.0106785431763,-0.653419533328
Youzhny,-0.134501162351,-1.67569619664
Youzhny,-0.279687706896,-1.73173953279
Youzhny,0.121795728336,-1.57855311889
Dzurinda,-0.854523337758,-1.21859226421
Dzurinda,0.772128087125,-2.81180479854
Kucan,0.683331409913,-0.95681146413
Milutinovic,1.31541903265,-2.30053521242
Mrksic,1.52038708687,-1.19737641376
Stewart,1.49381555681,-1.72687028666
Martin,2.13973880127,-3.35714015164
Djukanovic,0.273926254011,-2.24708981711
Djukanovic,0.528632035527,-2.66009485277
Djukanovic,0.626900809166,-1.47459601587
Maestrecampo,-1.1505613492,-2.42774382632
Maestrecampo,-1.70384838206,-3.04726900947
Maestrecampo,-1.61137364274,-1.13006424517
Heflin,1.18864675722,-1.42081988778
Berle,0.246293526284,-1.41420410859
Wynants,1.84863871541,-2.26160052065
Palacio,-1.88048182308,0.587978407227
Driver,0.700282536985,-2.03746261357
Driver,0.705452748937,-1.67808549207
Mendoza,-0.64609957221,0.117277094801
Gaddis,0.640812687517,-3.1374446722
Otto,0.593250991888,-2.35704488067
Sorvino,1.72727317202,-1.89634587068
Jospin-Dandieu,1.2596592044,-2.41564094489
Manjani,1.95244017881,-2.97085836104
Elisa_Moscoso_Rodriguez,-0.409415644867,-1.37042491463
Moscoso,0.621840352056,-1.56683035704
Moscoso,0.791483311573,-2.09275901829
Moscoso,0.971853157323,-1.58332812093
Moscoso,1.25526712073,-2.67883573641
Moscoso,0.0101989785856,-1.52682551949
Moscoso,-2.14068702353,-1.16556650765
Moscoso,-1.41673157023,-1.84943375819
Crider,1.66668303978,-2.22098192042
Dawn_Clymer,-1.67444900722,1.25984460011
Rasevic,1.3143733364,-2.06834660097
Crooks,0.490469183227,-3.13159015172
Daniels,0.841864783583,-1.33796358552
Daniels,0.879519487193,-1.93824109397
Daniels,0.923967893981,-1.65545588452
Daniels,0.66237202551,-2.0658772114
Garabedian,0.699830529113,-0.748367916037
McLaughlin,1.17833008374,-2.2106605139
Potter,0.771468592952,-1.84346793478
Swartz,0.81147028341,-1.6289126045
Kupchak,0.790699107684,-2.18717764303
Yabunaka,-1.30601530282,-1.50997050614
Yabunaka,-1.64790935188,-1.39575345914
Gelinas,1.00662886554,-1.56323046893
Romney,1.16932739709,-1.50949900176
Gaynor,0.724981485051,-1.39591324129
Miyazaki,-0.746354380806,-0.667672777952
Miyazaki,-1.11038254508,-2.8011182618
Naletilic,0.366602252189,-0.798801900959
Naletilic,-1.59662042648,-0.956343306766
Elleithee,0.0667015429494,-1.28883003024
Benaissa,1.04053170209,-1.79994319592
Benaissa,0.270424705364,-0.634108416153
ElBaradei,-0.150823541392,-0.776166145678
ElBaradei,-0.0545726966474,-1.43423311969
ElBaradei,0.981470423951,-2.0090296935
ElBaradei,0.0482511239354,-1.60920628762
ElBaradei,1.12268904152,-1.46623041076
ElBaradei,0.37973902667,-0.566001172076
ElBaradei,0.62619401524,-1.83360265967
ElBaradei,0.410835249539,-1.96775404285
Hammam,-0.483462659776,0.0693970375871
Seineldin,0.0313225931381,-2.24430644835
Aktar,-0.963956956576,-1.23027364389
Al-Sharief,-0.687151141387,-1.71318146284
Fares,0.2217766818,-1.50805304358
Hasanein,0.229959899318,-3.34713306132
Khatami,0.0351166208761,-1.76168299356
Khatami,0.00384931746519,-1.41142318509
Khatami,0.203146215127,-1.6946337572
Khatami,0.445552525478,-0.836332378915
Khatami,0.105470570914,-1.79237004702
Khatami,-0.188586309452,-1.84132221648
Khatami,-0.684805037675,-1.10766415508
Khatami,0.725768402768,-2.11406317559
Khatami,0.15933776465,-1.92940450711
Khatami,0.358038595197,-0.231606949189
Mustapha_Miro,-0.971974886462,0.0725790468719
Ahmad_Al_Jarallah,1.8717142923,-1.82971613573
Abulhasan,0.426972185504,-1.67944005985
Abu_Sharia,-0.860104166827,0.498298601413
Al-Douri,0.26690568688,-0.797013273781
Al-Douri,1.43385889526,-1.00814692927
Al-Douri,0.613965263136,-2.07478668727
Al-Douri,0.969181954,-2.50078630649
Al-Douri,1.72057063806,-1.59201232132
Al-Douri,0.115874138834,-0.785714522559
Al-Douri,1.42816603774,-2.51717165905
Al-Douri,0.2991691988,-2.23181984937
Al-Douri,1.07527158069,-1.49137564989
Al-Douri,-0.0382461654925,-1.15322217497
Al-Douri,1.54188424376,-1.71331609289
Al-Douri,-0.110199255589,-1.14961700479
Al-Douri,0.836207768802,-1.66258769396
Al-Douri,-0.183735822366,-1.01149506293
Al-Douri,0.29604873308,-1.22249405062
Al_Hindi,-1.80874102072,0.60317127862
Ashraf_Hafiz,-1.49756573811,-0.336697747182
Baqir_al-Hakim,-1.4858903943,0.09475551958
Baqir_al-Hakim,-0.316422788576,0.856456464514
Baqir_al-Hakim,-1.28983082206,-0.216823750751
Dahlan,-0.0262681943876,-0.547538071213
Mehdi_Saleh,-0.681772315286,-0.469323482609
Salmane,0.280628824234,-1.18610890056
Sims,1.67425237343,-1.05499839399
Perisic,-0.186825642365,-1.80805015201
Nikolic,0.930471991216,-1.26872620935
Ayoub,1.56710906139,-0.334668971454
Locke,-0.431622446256,-2.04203690908
Rishmawi,-0.273785363609,-2.03399443713
Bellucci,0.397127941376,-2.50006315244
Bellucci,-0.0977924805035,-2.41293117843
Bellucci,0.248930320285,-0.851500713885
Bellucci,-0.648219180095,-3.48732321104
Gabrielle,1.81302235088,-1.08581599522
Lewinsky,0.320835372265,-3.05568557636
Lewinsky,1.73189706791,-2.92205308586
Lewinsky,1.1636506509,-2.78249054804
Seles,-0.202335694403,-2.62686614368
Seles,0.720667750736,-3.84848266296
Seles,-0.462134190301,-1.64316905361
Seles,0.406218285837,-2.56150150569
Seles,0.116843059297,-2.97864165455
Seles,0.174179440869,-1.82983931921
Serra,-0.0434368884867,-1.39202902529
Vergara,-0.247732134382,-1.707924395
Ferreira,0.83255883209,-2.64093673403
Gagnon-Tremblay,2.71363771501,-1.72659581267
Garbrecht-Enfeldt,0.935619410152,-2.47195304597
Garbrecht-Enfeldt,0.444825563796,-0.900244204206
Garbrecht-Enfeldt,1.41551557932,-2.86103964224
Kiffin,0.836481415275,-2.37425842081
Kiffin,-2.80162051028,-1.91859221511
Fairchild,1.59927337728,-1.10528372205
Freeman,-1.22137734687,1.17569353897
Freeman,-1.12764841166,0.548181067746
Hentzen,1.30896098613,-0.603649648462
Dees,1.05979078183,-1.24929612336
Watts,1.71086686256,-2.04318298742
Katsav,-0.288667015254,-0.638422906745
Katsav,1.44550983944,-1.42903961432
Katsav,0.495264800268,-2.33184467529
Katsav,0.659897010979,-1.92962314133
Teresa,-0.0269811395522,-2.57759164144
Dynamite,-0.362385939727,-0.201543744934
Rostropovich,1.12654577121,-1.81707895913
Gaddafi,0.212127139116,-2.196608005
Gaddafi,-0.478005192909,-2.6167220566
McGraw,0.095756278003,-3.32900411185
Mohammad_Syed,-1.4825503748,0.502674268096
Ali,-0.0559115926798,-0.337091864809
Ali,-0.306710942663,-1.05471742728
Ali,-0.00404882987648,-0.460443448375
Ali,-0.45334368145,-2.22908670141
Ali,-0.718309366114,-1.29405985666
Ali,-0.753832320637,-0.591252823139
Ali,-0.135783576371,-0.312753962595
Ali,-0.962213787252,-0.39529613462
Ali,-0.215962280539,-0.429508437149
Ali,-0.5350334757,-0.297143583295
Ibrahim_Bilal,-0.580492040602,-0.140195362019
Saeed_al-Sahhaf,-0.326186329287,0.24017108571
Saeed_al-Sahhaf,-0.0464602913833,0.114620940558
Saeed_al-Sahhaf,-0.359516555448,-0.621388357724
Saeed_al-Sahhaf,0.208862808996,-0.258684360065
Saeed_al-Sahhaf,0.23729358255,-1.45069945445
Ambani,0.400257241811,-1.93698214774
Ambani,-0.486818285387,-1.38731591861
Ambani,-1.18401206837,-1.02260816614
Alytnbayev,0.478355304101,-1.19079217084
Akram,-1.46940393399,-1.34622560389
Akram,-0.827807818183,-0.629052795996
al-Ani,1.06608522569,-3.01437377451
Yang,-2.32440521384,-1.06653798111
Shaath,0.78952525258,-0.624660763771
Shaath,-0.689347579962,-0.282747749087
Shaath,0.757840666616,-1.40824768124
Forte,-0.640051051209,-1.47834946854
Petrova,0.62889094705,-0.726531258381
Petrova,0.45033780807,-1.34415762214
Petrova,0.758137363221,-0.252284340536
Petrova,0.474685294729,-1.95964443811
Petrova,0.620955268905,-1.78787129021
Vinzens,-0.0958093229607,-1.49016722689
Vinzens,0.559537247321,-1.64528388154
al-Salhi,-0.701024652307,-1.4781417013
Sabri,0.352098442207,-0.937480156625
Sabri,-0.253071154643,-1.07638575964
Sabri,0.443024948251,-1.33510347256
Sabri,1.0736949589,-1.04132649895
Sabri,-0.0455710690301,-0.584397518289
Sabri,0.606360535249,-1.07719389235
Sabri,-0.590893146205,-0.903689821439
Sabri,1.09664504556,-1.2471170372
Florence,-1.37422325625,0.700325383586
Na_Keum,2.07719029518,-1.17219878495
Demme,1.78796927471,-2.4746428379
Demme,0.998392791374,-1.92598616663
Greenlaw,0.809429314903,-1.49049701307
Humbert,0.941954238993,-2.47535673002
Kerrigan,0.506095922345,-2.76100187184
Pelosi,1.37876155447,-2.0847359001
Pelosi,0.44014617201,-2.23778282384
Pelosi,0.0908593875908,-0.834103914148
Pelosi,1.11785151481,-1.96555437067
Pelosi,0.695662644864,-1.53451391048
Pelosi,0.224424913046,-0.991223299466
Pelosi,1.59025051475,-2.34257836628
Pelosi,0.98118644173,-2.09040689064
Pelosi,0.699733450078,-1.5232102314
Pelosi,0.85825883808,-0.99128880144
Pelosi,0.393750487006,-1.54538215476
Pelosi,0.634567995426,-1.62845381137
Pelosi,0.40933090342,-2.10383681452
Pelosi,0.699713828545,-2.62821934093
Pelosi,0.98219678248,-2.31683939148
Powell,1.8010322638,-2.47965271295
Reagan,1.95927255847,-2.7225467607
Reagan,1.62212141088,-2.83529627409
Sinatra,1.87278871126,-2.85428828562
Sinatra,1.05788794164,-1.55872786928
Smith,0.422101209299,-1.62797846028
Moretti,0.206973882057,-0.992199929708
Moretti,0.474122151965,-2.05901602132
Wang,-1.19318592484,-1.96293662941
Wang,-2.10298580253,-3.37379066221
Wang,-0.640946774469,-1.39339367984
Wang,-1.15543907545,-2.81727089467
Bronstein,0.0871774489683,-2.29604645297
Campbell,-1.09418418192,0.655074575142
Campbell,-2.13848787337,-0.883195119853
Hayashi,-0.318848757882,-1.41719857138
Watts,1.84096373267,-2.96870880948
Watts,1.76903757892,-2.55084761657
Watts,2.04010369487,-2.44959427271
Watts,2.24535146046,-2.4077287217
Watts,1.2085461659,-1.86360938569
Watts,1.27770857079,-2.66966738367
Watts,1.13543557947,-1.8328625988
Watts,1.42403362527,-1.60497833831
Watts,1.52653042792,-1.41671974881
Watts,1.75097132528,-2.08557254191
Watts,0.820780772528,-2.60809595705
Watts,1.23971653677,-2.23987476716
Watts,1.71939378443,-2.20211464829
Watts,0.300305662247,-0.0719626612236
Watts,1.17781765068,-1.2585712736
Watts,2.33500454175,-2.04790053019
Watts,0.621367429079,-1.80042273913
Watts,1.62051303889,-2.3468728952
Watts,0.935591300184,-1.47324444537
Watts,0.830723120923,-2.18049919495
Watts,1.52894980944,-1.70357628555
Watts,1.02500747916,-1.60358124902
Kan,-1.10882570486,-2.76033749552
Kan,-1.19365044315,-3.18349613537
Kan,-0.85428645287,-2.4327747065
Kan,-0.591176337459,-2.04433327975
Singh_Pun,0.148715724666,-1.04290051913
Modi,0.201375702304,-0.0709513164128
al-Kidwa,0.353563653156,-3.38460494729
al-Kidwa,-0.227420746074,-0.96756302288
Kinski,2.10122802794,-2.7055285382
Kinski,0.511269997274,-2.70885425836
Liukin,0.0501975844618,-3.08634317038
Dmitrieva,0.60874788115,-2.75399352819
Motuziuk,0.47726900234,-1.66515944539
Verbeke,0.592297597378,-2.19739980118
Vodonova,0.138026205161,-3.10004024452
Cole,-0.272486137992,0.373197528104
Cole,-0.273418894019,0.422671123768
Cole,-0.571482736614,0.540838854349
Coughlin,0.705678443399,-2.26555845546
Coughlin,0.91997072413,-1.95540029702
Coughlin,0.539791565779,-2.00416217113
Coughlin,0.403177606938,-1.64273347468
Coughlin,0.527710822073,-1.89599451202
Coughlin,0.365048745646,-1.40476789107
Imbruglia,0.830542557098,-1.96847975746
Juniardi,0.517488927813,-2.64719777219
Maines,0.522981204441,-0.539307833863
Maines,1.86289819665,-1.27247587318
Maines,1.46363966314,-0.63580355573
Maines,1.81500886247,-0.186441195047
Maines,0.893937580343,-0.134417467212
Stewart,-0.315220078094,-0.522277657341
Williams,-0.323996657469,-0.834470524522
Sazanovich,1.1509627459,-1.80734852021
Barnova,1.44495104811,-3.48707023114
Micic,0.985353678267,-2.46914373864
Henstridge,1.21703451334,-1.83767589466
Lyonne,1.65303552567,-2.57343994952
McElhone,0.320956854719,-1.45507459825
McElhone,0.773250991533,-1.54136521902
McElhone,-0.32338355863,-1.65785896611
Blackwell,-0.802400390592,-2.12969149256
Huffman,1.04177594698,-0.931500412995
Hybl,2.86622847892,-2.37494576215
Gillot,0.0860096615849,-3.03082645989
Baye,0.778580570885,-3.49195553814
Baye,1.01249901139,-1.38519652642
Baye,0.897908196135,-2.84706345117
Baye,0.356896677442,-3.4904066836
Dechy,1.39053253905,-1.8362195205
Gagnon,0.486169768755,-2.86066021583
Doudney,1.205357116,-2.09585846069
Lane,0.297639038264,-2.12411312663
Lane,1.60301810653,-2.00660820218
Powell,1.41006687945,-2.51377341276
Smith,-0.125678364074,-2.08755181102
Hussein,-0.097338394863,-0.994373015048
Nasrullah_Khan,-0.883654203054,1.1314148981
Pavkovic,0.688309488055,-1.99089529855
Pavkovic,-0.11249844007,-2.12819247981
Goldman,1.36693715793,-2.72105116198
Moritz,0.545915167293,-1.17710693762
Acosta,0.78148332043,-2.02418159001
Mandela,-1.21405413483,1.5940159628
Mandela,-0.698655023187,-0.543079169642
Mandela,-0.0300897085488,-0.171291632153
Mandela,-1.21695980551,1.97827897877
Shanks,0.4130283648,-1.20204976994
Marcore,1.76990290154,-2.70686775721
Marcore,0.725091870313,-2.49977332143
Gonzalez,-0.52327847587,-0.50258581356
Kirchner,-0.74704734181,-1.44946500594
Kirchner,0.0603072276837,-1.03905831366
Kirchner,-0.110969647242,-2.77920822313
Kirchner,-1.04182160556,-0.953976052948
Kirchner,1.28221329237,-2.66830445127
Kirchner,0.477182366386,-3.38453223738
Kirchner,0.65979510329,-1.68327097326
Kirchner,0.186298419306,-0.995768587542
Kirchner,0.742189175633,-2.41563367809
Kirchner,0.340179047578,-1.53422941171
Kirchner,0.381538941418,-1.40537382027
Kirchner,-0.21244511277,-1.4401321088
Kirchner,0.285082687906,-2.44655051979
Kirchner,0.725920930218,-0.899801225583
Kirchner,0.378286518053,-1.68787987367
Kirchner,0.989834097434,-1.0153835272
Kirchner,0.424961740506,-2.27531549525
Kirchner,0.468051794627,-2.57948388572
Kirchner,0.897866926958,-1.76046574716
Kirchner,0.270404524083,-1.17258881381
Kirchner,0.723166801026,-0.805014236584
Kirchner,-0.387181903339,-1.009768766
Kirchner,0.327029204436,-1.68243728574
Kirchner,0.148016234134,-1.36259360832
Kirchner,0.106213084929,-2.06998828893
Kirchner,0.160945793629,-1.01910417325
Kirchner,0.657136351215,-2.20812289527
Kirchner,0.504686814642,-2.22967828957
Kirchner,0.802549569905,-1.58161397848
Kirchner,-0.228285875157,-1.27800045745
Kirchner,0.700060497455,-1.71778082572
Kirchner,-0.198108529256,-1.63372966987
Kirchner,0.235070623972,-0.459172061949
Kirchner,-0.0236873579021,-1.33594075507
Kirchner,1.04034477825,-2.07438720374
Kirchner,0.406616552367,-1.75776476963
Kirchner,0.414826728193,-1.80125623499
Santillan,-1.12005856143,-1.26203600632
Gingrich,1.04380439746,-1.34398442104
Carlton_Slawson,-1.65970339772,1.09957648371
Connolly,0.266883633921,-1.88556161283
Vardalos,1.47659465551,-2.4124742865
Vardalos,1.00083339621,-1.05386810423
Vardalos,0.442410080202,-1.2160324753
Vardalos,1.11522117146,-2.31849365964
Vardalos,0.896623884363,-2.30025046116
Duarte_Frutos,0.847018606388,-0.896624640529
Duarte_Frutos,-0.43812903386,0.11631556759
Duarte_Frutos,0.904764248311,-1.4033583286
Duarte_Frutos,-0.37999787673,-0.00401176191645
Duarte_Frutos,0.65685247007,-1.13268442412
Duarte_Frutos,-0.121701642756,-0.373211337152
Duarte_Frutos,-0.638969882085,-0.399690226433
Duarte_Frutos,0.530915850849,-1.41471566967
Duarte_Frutos,0.394559820049,-0.88405110343
Duarte_Frutos,0.446753707152,-1.24154042192
Duarte_Frutos,0.120275775747,-0.23779414048
Byron,0.824719161592,-1.32074139136
Byron,1.81840069549,-1.37362542876
Tse,0.856820896919,-2.49099988442
Tse,-1.55764037854,-3.12227775732
DiMarzio,0.690553741302,-1.82001487296
Cassavetes,1.80786981941,-2.8134137871
Lidstrom,1.86556279967,-2.40285417932
Markakis,-0.296763556317,-1.88734734815
Nolte,1.87403717961,-1.6056095555
Nolte,1.32368765732,-1.39568883094
Nolte,1.55150149629,-2.15693354029
Nolte,1.43110129516,-1.97697361776
Nolte,1.78084592343,-1.04703779571
Price,-0.202246741947,-2.07057684135
Rahall,0.539952037981,-2.1142195142
Reilly,0.629055564269,-1.41533525664
Rimando,-0.654431673935,-1.61563370371
Turner,-1.87368634252,2.47056572141
Bono,0.319153572757,-1.85328864547
Cage,0.229627639523,-1.38337730411
Cage,0.662393674838,-1.78746913521
Cage,0.394891039435,-2.21949595315
Cage,0.392470518534,-2.81690044346
Escude,-0.383791154488,-1.49333426746
Escude,-0.399751182662,-1.79028908124
Eyzaguirre,2.27106823615,-1.91993676611
Kiefer,0.976317767416,-1.81696762555
Lapentti,-1.0000239585,-0.726274328932
Lapentti,0.518342935207,-2.03122781973
Latorre,1.069736295,-1.70723125958
Macrozonaris,-0.378226535338,-1.06272037946
Massu,0.504405296805,-1.42574856285
Sarkozy,0.163003387776,-2.37365091062
Wells,0.40782996938,-2.11295921918
Hiltz,0.840797591695,-2.72404192856
Kidman,2.39915909556,-2.85406429862
Kidman,2.30489158423,-3.6107644271
Kidman,0.278480978379,-1.71362004045
Kidman,1.59474895675,-3.00161519453
Kidman,0.471912962825,-1.70888041861
Kidman,1.27075418802,-2.77669283627
Kidman,1.37555018725,-2.31974932105
Kidman,2.15105187805,-1.8771350791
Kidman,1.60590153671,-2.34742843639
Kidman,1.63776550709,-1.53859382403
Kidman,2.22881066453,-2.03119955818
Kidman,1.35579142796,-1.55208044892
Kidman,1.68759877142,-2.64402392881
Kidman,3.01783549069,-2.27535315804
Kidman,1.62203715566,-2.79692401176
Kidman,1.4354615264,-2.59424769991
Kidman,0.606477024318,-1.86259162043
Kidman,1.52598090988,-2.33336256888
Kidman,1.10542666798,-2.48894810733
Kidman,-2.36780869003,-2.24481118856
Parker,-0.0079778488954,-1.3243145912
Braschi,1.11975661838,-2.18977498398
Blanca,-0.749048299432,-1.86074384466
Redden,0.778113124937,-1.54314078944
Cascone,-0.12138736051,-1.92758434951
McKibbin,-1.06401608826,-0.243720373636
Reed,1.1775916693,-0.950509705752
Reed,0.743420209655,-1.40428387034
Teasley,-1.62777882041,2.00919721677
Davydenko,0.605613325616,-2.54381390009
Ferran,1.20067968411,-2.97129341989
Jacobson,1.23115837271,-3.27987707926
Pecari,-1.63591073017,-1.65697814723
DAngelo,-0.142821837903,-2.84428389445
Trabelsi,-1.39908214547,-0.96333686961
Wyle,0.78627474353,-2.50044414255
Wyle,0.944955857531,-2.52730981858
Wyle,0.967349103883,-2.62275602627
Idei,0.209504617219,-1.6722982283
Forgeard,0.842782192474,-1.46904022767
Bush,0.305965880878,-1.93101224355
Bush,0.391172883244,-2.07612973734
Bush,0.0611259146929,-1.01928730959
Bush,0.777242824093,-2.44067157275
Niell,-0.495145144764,-0.52218148381
Moeis,-0.27467220464,-0.961412066734
Muis,-0.286465561349,-1.44026281905
Gaye,-1.05785133643,0.495806111829
Duc_Manh,-0.550124225119,0.126237731353
Mohammed,-0.625391170849,-1.21249090463
Bendijo,-0.615985693712,-0.325002373388
Bendijo,-0.580536957134,-1.44916768272
Ephron,0.131932098182,-1.58736908743
Jones,-0.324752541884,-1.94533149543
Jones,-0.0103228119686,-2.72881985457
Jones,-0.90357542137,-0.0572954475501
Jones,-0.198191798319,-1.42761545432
Jones,0.635672328902,-0.840144413199
Jones,-0.265131780031,-2.72285504899
Jones,0.624295922752,-2.31501063949
Jones,-0.276146187532,-1.27082133255
Jones,-0.242138724288,-1.32154320906
Jones,0.0736603472783,-1.74860754149
Jones,-0.640444519117,-1.83782486073
Jones,0.314604078096,-1.89728188033
Jones,-0.840898955571,-0.0304748603049
Jones,-0.188683726492,-1.9395948446
Jones,0.023205761766,-3.15007530126
van_Heyst,-1.68636372304,1.86537477222
Ohga,-0.206983505468,-3.07347158233
Legault,-0.0790690396584,-1.7026988051
Jewison,1.52418774163,-0.670656663051
Jewison,1.63825117215,-1.62236344579
Mailer,2.32039049835,-1.63692366502
Mineta,-0.881645089294,-2.34182465556
Coleman,1.04904870078,-2.39026251354
Coleman,0.112987981996,-1.18704637707
Coleman,-0.391860733747,-1.91587544431
Coleman,0.589402998023,-2.51469212468
Coleman,0.795852007261,-1.13617128723
Coleman,1.23853202993,-2.08185028157
Coleman,0.642485520974,-2.6948308803
Macdonald,2.63442083855,-2.82189362378
Chakrapong,-0.910275976255,-2.6304276676
Sihanouk,-0.88023773952,-1.8796666491
Sihanouk,-0.158867079958,-1.21374840549
Sihanouk,-1.3566368101,-1.67061985444
Esther_Guthrie,-1.72982129537,0.21655350017
Chea,-0.064515971551,-1.28400739943
Jaafar,-0.746625410836,-1.1533406228
Nazarbayev,0.518590180722,-0.769288907702
Nazarbayev,0.325107217893,-2.247485506
Lara,-0.237332124278,-3.10989429031
Hussein,0.344008662178,-1.29133966621
Collazo,1.00318158454,-2.51836621454
Simpson,-0.228851658832,-1.1915044044
Simpson,-0.660988934141,-0.798628272342
Romantsev,1.15834113113,-1.75185963436
Moroz,2.19112384631,-1.30840822137
Moroz,2.04610972976,-2.010435449
Walker,0.96791578823,-2.2471058826
Bonabarenko,0.122661340468,-1.74780596639
Bonabarenko,0.163255458304,-3.14079176827
Labus,1.13779236983,-2.672947575
Neuville,0.873628966608,-2.58849173583
Phelps,3.29373771894,-1.81465816199
Stone,0.0877117120965,-1.69534648916
Newton-John,1.03903534927,-1.47899924084
Newton-John,1.95186993189,-2.01322425955
Boulay,1.20781102409,-2.32306880924
Rochus,0.0729380688354,-1.91659844529
Dukakis,0.238301866147,-1.25235626517
Khan_Sharif,-1.1420852202,-0.898403565182
Sharif,0.632887649513,-1.2927723802
Sharif,1.27920213595,-1.59750072069
Sharif,0.856588493194,-0.96446677235
Sharif,1.06791290581,-0.396500620029
Vizquel,1.17795161221,-1.21598641294
Lett,-0.726584472566,-1.02182559885
Winfrey,1.05123670103,-1.18740734069
Winfrey,-1.19155646053,0.0311076577492
Winfrey,-0.490914072617,-0.188442651385
Winfrey,-1.38035900569,0.718247647658
Williams,-0.100744448886,0.956524564812
Bloom,0.286813514928,-2.81890738281
Bloom,0.737104602716,-1.42030809353
Bloom,0.620303665432,-1.56316659016
Muti,0.0739167056725,-1.62419580337
Hatch,0.756635872063,-1.41695477928
Hatch,0.262628292457,-2.32535131222
Al_Baz,-0.542572231776,-1.0110765399
bin_Laden,-0.266882133888,-0.738396614751
bin_Laden,-1.20821190436,-0.0694242499599
bin_Laden,-1.35429576083,-1.53089971365
bin_Laden,-0.899430920985,-0.144664728646
Bolanos,1.48646018289,-0.882889379776
De_La_Hoya,1.05016298827,-2.39281842507
De_La_Hoya,1.68546965079,-2.15238190667
De_La_Hoya,1.59595907964,-1.58082715188
De_La_Hoya,0.76070257895,-0.880814547839
De_La_Hoya,0.284426431589,-1.14340150703
De_La_Hoya,1.44973835305,-1.94596975291
De_La_Hoya,0.886997587563,-0.782680561868
de_la_Renta,0.505286138159,-1.06752529979
DLeon,-0.0622869334432,-0.587035246337
Elias_Biscet,-2.25180507937,-1.01941779653
Elias_Biscet,-1.95800216089,-1.19127612496
Smith,1.60341705564,-2.18001309414
Iosef,0.401814789406,-1.55255371125
Gruebel,0.579778481835,-3.29754102119
Paya,0.629146437309,-2.8248223472
Paya,0.266522445833,-1.72637601102
Paya,-0.913859905534,-0.79334343896
Paya,0.350591976185,-2.5332856994
Paya,1.65226649086,-2.43369757055
Reich,2.0295340879,-2.13644471449
Schily,1.06053357011,-1.6121537233
Nolan,1.12218369322,-2.24520463432
Wilson,1.55798460494,-0.86899583088
Wilson,0.214018050974,-0.453766697734
Fedorova,0.602146102807,-2.11189650253
Fedorova,-0.78300835427,-1.35868544351
Fedorova,0.342252175122,-2.21041349307
Fedorova,0.240196233467,-2.7023067255
Smith,-1.4471971143,0.608361041997
Osbourne,1.57887809068,-2.21853137263
Osbourne,1.32698942359,-2.49491542123
Osbourne,0.408403977711,-1.47040287539
Khulental,-1.229030375,-0.769606359015
Latras,0.20503875961,-2.20024542843
Long,1.07757202353,-1.9114265993
Torsney,0.363366139909,-2.39478238215
Harrington,0.921931742084,-2.18326898466
Harrington,0.0104494956867,-1.91628870582
Harrington,1.30230612437,-1.24489789467
Harrington,1.0803873994,-1.38078458758
Nam_Sun,-0.0516557632896,-0.442977243465
Fitzgerald,0.81526195868,-3.1460180112
Gil_Yon,1.94306793785,-1.25428754015
Kou_Hang,0.882371564327,-0.968140605879
Anderson,0.61761912959,-0.956459343886
Anderson,1.24819730125,-1.57461338974
Anderson,0.398863899373,-1.1466294293
Anderson,0.852769280312,-0.0973189492909
Anderson,1.75828323154,-2.08626959179
Melroy,0.0417331204172,-2.23025470792
Espinoza,-0.0113232131274,-1.3370060148
Srichaphan,-1.72264716038,-1.18447739441
Srichaphan,-1.35597175677,0.567655359773
Srichaphan,-1.09216486879,-0.818700538848
Srichaphan,-0.456389726265,-1.51344115598
Srichaphan,-0.27006187467,-1.22374736104
Srichaphan,-1.75430650024,-0.695405294877
Srichaphan,-0.46316444688,-1.22952571313
Srichaphan,0.749393282893,-1.12641203774
Srichaphan,-0.953328949796,-2.03959455602
Hilton,1.0144859798,-1.33319432276
Hilton,1.39098086751,-1.85848972436
Jie-won,-0.0172039538789,-2.19861203367
Jung_Sung,0.203582969923,-0.739869422911
Na-kyong,-0.57056754432,-1.01907598152
Glendening,1.02526608086,-1.10661709913
Glendening,1.03267700034,-1.54256868993
Patel,-0.17215792752,-1.61762388457
Affi_Nguessan,-0.944460531609,-1.63067696431
Lamy,1.3907911774,-2.29822799922
Lamy,0.708206934236,-2.1743943816
Quignard,0.866043393061,-1.0480714329
Quignard,2.13053574524,-2.02899015388
Quignard,1.06674995728,-2.41628602467
Rheaume,-0.268735209788,-3.43843375657
Burns,1.15233321159,-2.02564044347
Burns,0.700855608083,-1.08170089439
Cox,2.00295036916,-2.1098085717
Cox,1.53850908589,-1.91981063716
DAmuro,1.20300477069,-2.60075274056
Chereau,1.62064731225,-2.06783235489
Chereau,1.55225980635,-1.68781451172
Clarkson,2.02741561194,-2.07294430578
Clarkson,2.07463786391,-1.76821343804
Clarkson,1.76512666592,-3.44148174191
Clarkson,0.944364021589,-2.17231897804
Garone,0.331878186572,-2.44120118425
Hearst,1.57731452408,-2.85495198531
Heaton,0.540087872409,-2.63920415308
Heaton,0.213424583929,-2.28212132707
Johnson,1.61186178052,-1.71039794713
Medina,-0.717572310554,-2.03161621044
Phillips,-0.143353695164,-3.16160685274
Russo,-0.00907840744965,-2.34057717493
Wartusch,0.366870984936,-1.8482819326
Bourrat,1.71923526484,-1.99602781122
Clawsen,0.967573286749,-1.14638060804
Coleman,-0.298404244372,-1.33595594927
Dennehy,0.717879458038,-1.18916830613
Eaves,1.25499052836,-3.25188251394
Ewing,-0.830059638753,-0.204458738896
Ewing,-0.743780353835,0.871810413844
Kron,-0.0879796745039,-2.41245907312
Leahy,1.11064710384,-2.13719965614
Leahy,0.842940921029,-1.5926172439
McEnroe,1.05453683671,-2.45569216288
McEnroe,-0.0341476296458,-2.7028153061
Rafter,1.8296299559,-2.59874091896
Roy,0.641615031488,-3.2104255032
Roy,1.2201378927,-2.12276604761
Stewart,0.0965462361784,-0.0420940664012
Stewart,1.32441023886,-3.64792866297
Kristiansson,-0.735911257269,-1.72285939546
Riley,1.5624918958,-2.04353838435
Rochester,-1.5007416895,-0.0460573529717
Summerall,1.11110610101,-3.00908035228
Summitt,0.0143102871321,-2.37946044392
Hardy,1.10871210879,-2.25422779675
Kensit,0.834119886363,-1.37558794067
Mink,-0.55374970968,-1.04498624683
Balgojevich,-0.692620048454,-2.20565754604
Labelle,-1.45058126899,-0.227112305909
Labelle,-1.59075469582,-0.174514842342
Labelle,-0.925635657253,-0.289456262113
Lank,0.575364206997,-1.64488990178
Smith,0.451260531749,-0.24142687491
Duke,0.985457606517,-2.42033781538
Schnyder,0.794449515378,-2.48139367883
Schnyder,0.426412853662,-2.60424042248
Schnyder,0.669669008595,-0.758952337603
Schnyder,0.347497501878,-0.933375261572
Sheehan,1.24387901593,-1.32358387813
Wharton,2.19230338236,-2.36856067949
Abdul,0.871523429397,-1.27905434213
Dobriansky,1.5467595006,-2.25357609756
Locke,1.88988548731,-2.28317335095
Prentiss,1.09412107579,-3.13915866333
Radcliffe,1.57983565078,-2.4991013951
Radcliffe,1.61608404275,-2.13545425323
Radcliffe,1.53326321944,-1.6672541614
Radcliffe,0.476200282449,-1.14867188303
Radcliffe,1.70111716491,-1.61373704193
Radcliffe,0.681387322047,-2.41857040069
Zahn,1.21874624649,-0.89686043323
Zahn,0.895444314487,-1.43585691343
Bettany,2.00171693902,-2.49130038257
Brandt,0.10913882282,-1.95428689451
Bremer,1.69153026754,-1.49751719298
Bremer,0.51984672173,-0.637911081641
Bremer,0.586903738206,-1.95993621285
Bremer,1.52892474961,-2.2036511563
Bremer,1.55029339722,-1.95967159262
Bremer,1.11021255792,-1.34266556484
Bremer,1.88751857276,-1.46823090608
Bremer,1.5670082336,-1.5245170888
Bremer,1.40792888357,-1.64523971524
Bremer,1.96602309534,-2.52883418936
Bremer,0.709936682554,-2.4797791384
Bremer,1.77183688536,-1.36159497857
Bremer,1.68727108264,-1.90363195337
Bremer,0.63237531673,-1.26043620648
Bremer,-0.188681044474,-1.40990769816
Bremer,0.991203054956,-2.35593100166
Bremer,1.08591063873,-2.18109611399
Bremer,1.88468335911,-2.26724347292
Bremer,2.14913690201,-1.96636167068
Bremer,0.91390514075,-1.15596409856
Burrell,0.008060643039,-1.26356557971
Burrell,1.11091641897,-1.35613429778
Burrell,0.771898235218,-2.63837019094
Burrell,-0.370104026301,-1.00893441107
Burrell,0.254645736108,-1.57108366195
Burrell,0.755467556365,-2.28813509805
Burrell,0.678405110244,-2.45066655172
Burrell,0.740719589521,-2.48658999923
Burrell,1.16755058281,-2.14325888393
Burrell,0.750153628368,-1.94081217727
Burrell,0.223311546015,-1.69819177028
Byrd,0.759514642105,-1.88943226883
Byrd,-0.25708206949,-1.21790494743
Celluci,1.13304952028,-1.85340527262
Cerjan,1.27815643209,-2.8069591925
Clark,1.05025283666,-2.79305709944
Coppin,0.337637615347,-2.54409184191
Coppin,-0.744116973703,-1.92471348287
Crake,1.89501975772,-1.50968653597
Desmarais,1.82108420323,-2.37343177953
Ebert,1.38244667864,-0.785428660633
Perrette,1.39134630636,-3.04654982086
Farley,1.2537850543,-3.03035459034
Gannon,2.19046499816,-2.87719140537
Gascoigne,1.12172888944,-1.93139634929
Gascoigne,0.250937458198,-2.13486443416
Gascoigne,1.64346726543,-2.58448400353
Greengrass,0.418592270423,-1.48643366586
Henderson,0.636691857625,-1.01445361353
Mathieu,0.693732525487,-0.101366854794
Mathieu,0.989133083358,0.335341670968
Mathieu,1.31022749188,-0.885525133005
Hogan,1.75946218721,-1.02302516874
Hogan,1.54509942812,-1.4671690565
Ayala,1.25999347237,-1.04788572203
Rodriguez_Davila,-1.57623632645,0.781264629595
Landers,0.113640668578,-2.65419991916
Phillips,2.02326503818,-2.43700296243
Johnson,0.788089869408,-2.26747979942
Kagame,-0.341856739526,-0.437228558007
Kagame,0.401521472126,0.620217413662
Kariya,0.287517712903,-1.27234020833
Kelleher,1.2681301,-2.79128287215
Krueger,0.927184748097,-2.77967319575
LeClerc,1.28047739648,-1.85815509832
Li_Calsi,-1.3988124584,0.838422540498
Lockhart,1.4843543842,-2.7322864865
Lo_Duca,-1.16308653979,1.00003024105
Luvera,0.0890183034569,-1.33641958608
Martin,1.72274606376,-2.29194712101
Martin,1.10568569051,-0.917102093048
Martin,1.00398464779,-0.467337999092
Martin,1.08203689829,-1.74243579893
Martin,1.04141654122,-1.47332311118
Martin,0.958101242554,-1.89420629089
Martin,1.53791013613,-1.71569247274
Martin,0.819285996242,-1.65113425062
McCartney,0.903077210514,-2.02648108324
McCartney,1.84778155041,-2.53516574714
McCartney,1.43889632594,-1.81418004515
McCartney,1.87624726174,-2.25145932246
McCartney,1.18011887621,-2.69441192328
McCartney,1.58186680352,-2.75141061136
McCartney,1.4815138631,-1.70539160322
McNulty,0.764002390096,-2.54087010324
McNulty,1.60545380166,-3.48769823368
Michael_Daniels,-1.68654237292,0.521668032523
Murphy,2.00354708746,-2.73650816408
Newman,1.28672815892,-2.30425490173
Cesar_Pinheiro,-2.61162401633,1.19250795357
Cesar_Pinheiro,-2.14843835019,1.70450766367
ONeill,0.779116787232,-1.50951098494
ONeill,0.929594002948,-1.37888711208
ONeill,1.02968224988,-0.822012353542
ONeill,1.37966513693,-2.2069320175
ONeill,0.65404310125,-2.79458551623
ONeill,0.749390542474,-1.5361815323
ONeill,0.950791384541,-1.42488740952
ONeill,0.358776620639,-1.00792359765
ONeill,1.31237126306,-2.16593624163
Otellini,0.252765113996,-1.97428412697
Patton,-0.127851406326,-1.43642866391
Patton,0.468245622364,-1.26517551725
Pierce,-1.58413780769,0.689289155624
Pierce,-0.14220480866,0.0209740164293
Reiser,1.68256209074,-2.55113221345
Sarbanes,0.107248941711,-1.99134078447
Sarbanes,1.58156762992,-0.957572381485
Sarbanes,1.64145896198,-1.5160153234
Schrader,0.516769985197,-0.790321807488
Shanley,1.36207086224,-1.28931163495
Shanley,2.14375395402,-2.02707178169
Shanley,1.37632592089,-2.11229705364
Tagliabue,0.701774803897,-1.92771900668
Tagliabue,0.911897364469,-1.91072554324
Tagliabue,1.23981128208,-1.97060189014
Tagliabue,1.14857271963,-1.19985182321
Tracy,2.30217812265,-1.39495378318
Vathis,-0.737051965762,-0.766866000468
Walker,0.352524451447,-1.35565283486
Wals,2.3457056652,-1.07748023658
Wellstone,1.10271714671,-2.21996910124
Wellstone,0.987016494618,-1.50650704851
Wellstone,1.13325567778,-1.99595338096
William_Hurley,-1.3632186641,1.27276500576
William_Hurley,-1.11088404214,0.765754445357
Wilson,-0.971989058317,-1.03335059063
Wolfowitz,0.911446469432,-2.56963580335
Wolfowitz,1.03310783131,-1.47789623319
Wolfowitz,1.60638193775,-2.57212191672
Wolfowitz,0.894605327967,-2.2540440026
Wolfowitz,2.33076917426,-2.93893450735
Wolfowitz,1.75006319382,-2.89521886779
Wolfowitz,1.57046982963,-2.35235333668
Wolfowitz,1.40042883885,-3.29735443575
Wolfowitz,0.712982992402,-2.29279318093
Wolfowitz,0.422320330692,-2.10839902914
Wollnough,1.82519651357,-2.00041211526
Almodovar,0.74902103102,-2.19205145767
Almodovar,0.416571536147,-1.96324963355
Almodovar,-0.466396016317,-1.40374447282
Almodovar,0.00255686374588,-2.01981230729
Almodovar,0.921058308634,-1.87476376995
Almodovar,0.126872385913,-2.18246615626
Alvarez,0.785823207412,-1.07479741818
Duque,0.508897689825,-2.2811814055
Mahecha,0.0408092995362,-1.62893822649
Malan,0.454719577743,-1.71920880037
Malan,-0.261499295908,-0.436948245345
Malan,0.614646150695,-1.801750963
Malan,0.705985398498,-0.358544491569
Malan,1.2844114142,-2.37449451193
Martinez,-0.540003056896,0.648697434613
Pauleta,1.11721844644,-1.93407509601
Solbes,1.62255701539,-2.30699712983
Solbes,0.979114913157,-2.83003668668
Solbes,1.53147854485,-2.60475429782
Solbes,1.74369817563,-1.2881784945
Velasquez,1.04949120195,-2.10945229753
McGuinness,1.47050084952,-2.46937240945
McGuinness,1.54599669831,-1.18443868222
Ann_Miller,-0.545262707407,0.245029344982
Ann_Miller,-0.669522923286,0.273124406319
Cruz,1.05390087237,-1.71414178986
Cruz,1.19895188346,-2.94944458666
Cruz,1.11729586311,-3.16915911009
Taylor,0.981333528185,-1.73457021995
Dupuie,0.896177359227,-0.827094958314
Lancaster,1.88469854665,-2.24685044134
Gibson,0.69234443123,-2.07090643318
Gilpin,2.58920848273,-2.79623344339
Bjorn,0.843675273205,-1.37209651308
Shaw,0.588161786293,-1.97134878656
Compton,0.408961976776,-2.71034899332
Farrell,1.20815111023,-3.06108961355
Gibbs,-0.296123169409,-0.561115992265
Musharraf,0.145918640347,-0.781762046943
Musharraf,-0.466466188495,-0.976140534818
Musharraf,-0.263474788424,-1.51879516403
Musharraf,-0.061190998118,-1.38442480973
Musharraf,-0.212722265247,-1.2682916651
Musharraf,0.105913194449,-1.1718108643
Musharraf,-0.857143781599,-0.847261429407
Musharraf,-0.0299942489293,-0.977358870076
Musharraf,-0.172759140216,0.271283015606
Musharraf,-0.835371642213,-1.04009930322
Musharraf,0.411760300683,-1.44704500672
Musharraf,-0.176044777045,-2.33218907892
Musharraf,0.162512960472,-0.67343448286
Musharraf,-0.594465404322,-0.648163680683
Musharraf,-0.363411223292,-0.905270095078
Musharraf,0.475635995669,-1.4404113218
Musharraf,-0.633594711509,0.100824910598
Aldridge,2.33672904356,-1.39358592
Beaudrault,0.147184779199,-1.48791918162
Carroll,1.26443878567,-2.23583202446
Carroll,0.434483622984,-1.59432453328
Carroll,1.06595917302,-1.44718874743
Gillen,1.20208449033,-1.31106178546
Ahearn,0.531227636777,-2.34877124198
Albertsen,1.20195324203,-0.7479473334
Arnett,0.800723587259,-0.758200250316
Arnett,1.33192161833,-1.91523417339
Arnett,1.60690590518,-1.05421520576
Bacanovic,1.75148387684,-2.60806303178
Bacanovic,0.456094902904,-0.663668581271
Camejo,-0.283937231981,-1.35753433313
Care,0.585624586988,-1.27199355967
Caruana,0.122280107528,-1.2152489454
Chan,-1.01233123587,-2.80908805392
Costello,2.49421101354,-2.11881605776
Costello,2.24718083246,-1.29776194854
Fisher,1.27272675398,-1.83081239603
Fitzgerald,0.695212766636,-1.36189186536
Fonda,1.32155373503,-0.0611591676982
Gabriel,0.25736959361,-1.34079099079
Gilmour,1.15580356473,-2.05494368223
Goldmark,0.224434940532,-1.97137045478
Greenaway,1.0978843813,-1.90832420174
Greenaway,1.74333286907,-1.65892547635
Greenspun,0.26810522474,-1.54942720707
Harrison,1.75233379479,-1.92400273761
Harrison,2.34792753626,-1.68451739664
Hartz,1.95637154713,-2.95455492743
Harvey,-0.90741784045,0.770540164051
Hillary,2.34424556984,-1.41787690895
Hillary,2.28647093122,-2.7712997824
Hollingworth,1.79964631183,-0.603125592227
Holmberg,-0.31309148455,-0.821000663716
Hunt,0.766870378238,-1.54827804123
Lundgren,0.390433152913,-2.61538824016
Mackay,0.633363049149,-0.918085082871
Mansbridge,1.47180592019,-2.47171144006
Max,-0.437988043716,-1.67517442321
Medgyessy,0.331223290719,-1.0556538621
Mugyeni,-0.320451544486,-1.83860801826
Mullan,2.33734392127,-1.99618564203
Rose,2.15929497701,-1.9432646735
Rose,0.943597502128,-2.81393888256
OToole,2.22113570855,-2.68317367991
Rasch,1.62635354033,-2.12886657747
Rasmussen,0.279160265694,-1.27790397258
Schultz,0.998698025519,0.123465384631
Sejna,0.527584794179,-1.55173107983
Shaw,1.21586932552,-2.88092736294
Struck,2.27101430245,-1.1857776653
Struck,0.844260755048,-1.11979821987
Struck,2.62089250665,-1.59378547237
Struck,1.18173616511,-1.2673740207
Struck,0.923800389391,-1.24368419883
Ueberroth,0.798927002573,-0.670427215282
Sampras,0.0789053425721,-0.967595179243
Sampras,0.451366606649,-2.01419929257
Sampras,-0.12878787893,-0.455765719204
Sampras,0.24200860243,-1.02817927444
Sampras,0.263950698258,-1.24449028469
Sampras,1.12240270905,-1.87282364998
Sampras,0.266085758172,-2.05887635484
Sampras,0.449951457001,-1.50298570311
Sampras,0.591181772977,-0.00560184538718
Sampras,-0.140142114705,-1.73461866641
Sampras,0.752587137193,-0.868082705511
Sampras,0.266808165804,-2.02148004523
Sampras,-0.510798901762,-0.880568254039
Sampras,-0.43828049203,-0.583261625149
Sampras,0.537099111035,-0.987120358331
Sampras,0.889364458062,-1.43928382854
Sampras,0.89528933955,-2.15734940734
Sampras,0.683219993223,-3.02167502963
Sampras,1.03974334943,-2.06748120474
Sampras,0.319796826688,-1.22672340914
Sampras,0.421627040963,-1.81470756579
Sampras,0.665701458624,-1.61437222644
Thomas,1.16695394094,-2.23770946701
Thomas,1.73668411747,-3.21947585222
Thomas,1.65181590957,-2.62371112945
Symonenko,0.292337986177,-2.23236527975
Symonenko,0.539758025535,-1.72891765107
Sy_Chien,0.0793838824451,-0.331139032747
Thi_Mai_Phuong,-1.12735590408,0.378992352032
Van_Khai,0.0910328976261,-0.27237676935
Van_Khai,-0.250476317361,0.284530957842
Van_Khai,0.534492259773,-0.132263824342
Williams,-2.10318598084,-0.343071044773
Bennett,-0.269055193606,-1.08368413628
Bredesen,0.0473817171085,0.339967990045
Cline,1.34444245954,-1.27784529065
Cullen,-0.556867068445,-1.82984647256
Donahue,0.576367893773,-1.222706928
Gramm,0.09416081264,-0.720946894077
Gramm,-0.562645655659,-1.51232346139
Cummings,-1.80217558935,2.58194131921
Murtaugh,1.51836932979,-1.93232637752
Gagnon,1.34638042359,-2.25693887627
Noiret,0.778240522256,-2.29020413119
Noiret,0.237802662789,-2.05833837656
Zalewski,0.858352645208,-2.79779626569
Jackson,0.731256671597,-1.70381174558
Johnson,1.14923198213,-1.59273067433
Comtois,0.00401622173365,-1.24565503245
Fulmer,2.20374673658,-2.3871876766
Seymor_Hoffmann,-1.03407389308,1.57235719815
Idowu,-1.22338879674,1.18628946418
McGraw,0.90524104423,-1.25951681981
Mickelson,1.30491805231,-2.25552460047
Mickelson,0.969351413882,-1.88264600349
Morris,0.533380860833,-2.05952192476
Vassar,1.47293062723,-2.65263835683
Vassar,1.28390964308,-1.16760304185
Chang,-1.48812423684,-2.15120253526
Street,0.532206661895,-0.728888431609
Brosnan,2.21476691356,-2.06529713076
Brosnan,1.18557193109,-2.46540357922
Brosnan,0.754619523893,-2.23014677555
Brosnan,1.28180167008,-1.40997656243
Brosnan,0.660985827764,-1.13164652603
Brosnan,0.0182609036746,-1.81635822975
Brosnan,0.756908590112,-0.614849550491
Brosnan,1.62766952741,-2.40110620984
Brosnan,1.66999447922,-2.69987922095
Brosnan,0.789872231178,-0.304972745284
Brosnan,0.350194421069,-2.04317266521
Brosnan,1.27790865426,-2.42573259706
Brosnan,1.79847772825,-2.3354307053
Brosnan,1.49134653095,-2.48036775989
Brosnan,1.3745619805,-1.96269711312
Ferdinando_Casini,-1.96444791347,1.53257209248
Boulanger,0.109830324164,-1.99170031485
Boulanger,1.57962473727,-2.99947986007
Gagnon,1.00488022063,-2.07529034138
Lacroix,0.861234824466,-1.582212365
Pettigrew,0.351514243194,-1.00969601424
Pettigrew,0.683900076341,-0.959764656594
Pettigrew,0.787257759664,-2.14871022958
Png,-2.04065448669,-1.94332456167
Van_Hooijdonk,-1.45048535946,-0.878127827372
Sellers,0.277822181972,-2.31181453784
Bouw,1.63491481523,-1.87447161985
Montenegro,0.0721190004578,-1.96716958838
del_Rio,-1.19350528661,-0.11593956179
Laghi,1.46183247231,-1.8111357781
Anderszewski,0.622244130863,-1.99455054022
Domingo,-0.0852289994038,-1.01929902773
Domingo,0.485209526046,-0.996352364676
Domingo,0.46768822844,-0.858194165391
Lebedev,1.89710255169,-4.07539057443
Suarez,-0.974834112362,0.103171077778
Bas,2.41583884446,-3.09424440935
Goss,1.05243265732,-2.40878967155
de_Rossi,-0.677920109582,1.10544551042
Hinduja,0.3675727739,-1.65964788134
Kumar_Nair,-1.84019224255,-0.284366567323
Charles,1.01628666054,-2.19059124085
Charles,1.36656024771,-1.52518536984
Charles,3.12363662584,-2.5161025812
Charles,1.83306392993,-2.33070019213
Charles,0.813509643105,-2.7677842332
Claus,1.07224253674,-1.40152078395
Claus,0.735757915466,-0.839155109253
Claus,0.872512105043,-0.690096581459
Claus,0.265621066114,-1.34269835007
Edward,1.17670080742,-2.10808081151
Edward,0.992078741732,-1.94735780705
Felipe,1.01803137438,-2.44838004435
Harry,1.28031416839,-1.4502795768
Harry,2.03992722062,-2.14386211567
Harry,0.528106162502,-2.59485398796
Naruhito,-1.04358840273,-2.29419778245
Naruhito,-0.986951581757,-2.7743535459
Naruhito,-2.1494031734,-2.48018295207
Philippe,0.539589519291,-2.55581867789
Rainier_III,0.0859479191168,0.299861315753
Aiko,-1.67542656486,-3.42890814828
Aiko,-1.14654827385,-2.73052939626
Anne,1.96147127192,-0.931698128335
Anne,1.56087148937,-2.88954388861
Caroline,1.32709090762,-1.59585234613
Caroline,0.570534287192,-1.55152533652
Caroline,0.579941113491,-2.06662737058
Caroline,0.650443529218,-2.18082171225
Caroline,0.365925857052,-1.51905357581
Diana,0.736186182657,-0.756077909454
Elisabeth,1.57309040759,-3.00130254823
Elisabeth,1.41161461384,-2.48635493026
Hisako,-0.12266610919,-1.76584811687
Masako,-0.569191595641,-1.81069484921
Masako,-0.252242580013,-3.17301371583
Maxima,0.44656662205,-1.52777220698
Stephanie,1.78163636525,-1.98719172235
Victoria,1.74676071584,-3.30117061589
Willem-Alexander,1.98387068713,-0.956148623513
Willem-Alexander,1.4501452264,-1.9726383219
Willem-Alexander,1.64606962294,-1.86700985785
William,1.29767258922,-2.66683277491
William,0.725020883045,-2.78158465283
Ernst_August,-1.6597424831,1.06907565595
Owen,1.30064534531,-1.47389464052
Owen,1.00648715103,-2.89279115932
Presley,0.602502030538,-2.05774200575
Presley,1.29613584028,-2.24986601851
Chopra,-1.16504177362,-1.84439852513
Pichay,-0.691795219296,-1.47703556983
Avati,1.23374178328,-1.59420324434
Avati,1.12957173551,-2.07206659138
Avati,0.395536770098,-0.659926855757
Avati,0.596818129771,-1.07606274633
Jung_Thapa,-0.450963030236,-0.627143774259
al-Kazali,-0.899948947019,-0.526907766943
Afzal,0.504233821342,-1.46244273932
Hussain_Ahmed,-0.888240680374,0.487068274977
Qichen,-0.59274756535,-3.24684225893
Beatrix,1.44320641447,-0.978930196707
Beatrix,0.636010348572,-2.11600349087
Beatrix,0.888982721681,-2.51999440563
Beatrix,0.391111885586,-2.13918825071
Elizabeth_II,0.0667184494993,-0.829279951807
Elizabeth_II,-0.724852694708,-0.102503723655
Elizabeth_II,-0.340168345862,-0.347356575468
Elizabeth_II,-0.647040297405,1.40734235414
Elizabeth_II,-0.519167030596,0.926049867216
Elizabeth_II,-0.875872389517,0.882147944592
Elizabeth_II,0.0212582357345,1.04862869256
Elizabeth_II,-0.192838658421,0.540791872325
Elizabeth_II,-0.65085273578,0.813304634626
Elizabeth_II,-0.365167953272,0.623748565764
Elizabeth_II,-0.120969678257,-0.251409965478
Elizabeth_II,-0.930340430359,1.13765550107
Elizabeth_II,-0.0421057873961,0.77420280716
Latifah,-1.27462145909,0.00897330512004
Latifah,-1.73244741395,-0.476691710074
Latifah,-1.43605549113,-0.479181304332
Latifah,-0.617718580086,0.440104054132
Noor,0.839806824061,-1.97011545584
Rania,0.91496428295,-1.31066709284
Rania,1.61837887955,-2.90816230494
Rania,0.282742879872,-1.70684713929
Rania,-0.112352476059,-3.65317843485
Rania,-0.189857073355,-1.7630793243
Silvia,1.48156986203,-1.88861686736
Sofia,0.996615361226,-2.24686923572
Jones,-0.503786795729,-0.29525483758
Snyder,0.629867726741,-1.67016957583
Hussein,-1.26640783813,-2.23134732362
Schefter,0.444421842587,-1.47244062832
Singhal,0.0608021488318,-0.106883706339
Corrie,1.98030567645,-3.11823577341
Griffiths,0.865817009435,-1.03267189655
Griffiths,1.02985152798,-1.79093489493
Griffiths,1.22384580577,-2.15500403978
Hunter,1.25471408106,-1.7614108791
Hunter,1.6746412251,-0.649277987886
Hunter,1.93759506979,-1.69479769726
Hunter,1.80510814407,-2.4602563978
Kempson,0.838374676243,-1.2470276727
Leigh_Cook,-1.43960098801,0.774858394121
Roy,-0.90003384194,-1.05699993809
Wadsworth,1.03207672732,-2.13679606617
Wheatley,1.58991948998,-2.97179113207
Karadzic,1.17136035744,-2.7234942813
Bielsa,1.36208818466,-0.964668628688
Ramirez,0.930076701378,-1.8579362201
Ramirez,0.226094299658,-1.86274478233
Ramirez,-0.126229973683,-1.49868874891
Ramirez,1.78253225102,-0.717018287289
Vinoly,-0.296596931563,-1.7501140539
Ahmed,0.495780056937,-1.15614445675
Aziz,-1.50903212815,-1.38991714563
Hariri,1.42596413162,-1.73227353198
Vallone,0.775863876273,-1.94685111308
Saddam_Hussein,-1.46856956583,-0.345213785833
Saddam_Hussein,-1.67514868427,0.169473587881
Dravid,-0.695145182173,-1.36876516217
Geulen,1.58786279567,-2.83185366329
Gut,-0.0367821136249,-0.872921852107
Schuettler,0.839153608792,-0.997406635592
Schuettler,0.577121325573,-0.405711302955
Schuettler,0.618291579373,-0.522615622641
Schuettler,1.15719653568,-1.14928481725
Schuettler,1.32174327067,-1.38869950014
Ibrahim,-0.272744487749,-1.59783455053
Qureshi,-0.303509065237,-0.441479363658
Ramani,-0.885134892148,-0.641637894472
Zafar-ul-Haq,0.116422175319,-2.59199135539
Schumacher,-0.149461853048,-3.28774430621
Schumacher,0.926030567318,-2.37096479318
Schumacher,0.470647165612,-2.57600294861
Schumacher,1.94099421133,-2.54675011295
Schumacher,1.4063828041,-2.25066947452
Schumacher,0.0757981996979,-2.52857166488
Schumacher,0.61528483345,-2.24008221
Schumacher,1.24239987565,-1.7707427765
Fiennes,1.50823656486,-1.39753845626
Firman,1.9373143683,-2.10166930249
Firman,2.05457652667,-1.11232531951
Friedgen,1.1543509021,-2.14053008409
Goodale,0.0382099659841,-2.43063520632
Klein,2.08615717909,-2.41850339556
Klein,1.07093947474,-2.84069757274
Lauren,1.01027220331,-0.488332910974
Lauren,1.37991747362,-0.636066058289
Nader,0.313923227177,-1.98244060583
Sampson,-1.94835652559,0.0471094735854
Goben_Reducindo,-1.46258965584,-0.0155745266103
Rispton,1.59358107123,-1.49548362001
Cardenas,-0.49303643817,-1.88935137336
Delgado,0.178656759616,-2.18963741226
Ponce_de_Leon,1.46003085102,-0.509045836212
Santana,-0.56301230273,-1.5624589599
Terry,2.09623567276,-1.92272160743
Tobias,1.13469206005,-1.88558515711
Beers,1.42391182227,-0.741208346902
Miller,0.310713714624,-1.44110401953
Brown,0.64543378835,-1.48197525374
Dryer,1.31482978347,-2.14522241644
Ferbey,0.801199756901,-2.28314253468
Jackson,-1.2441044892,1.1901388404
Johnson,1.40768646985,-1.94741363093
Travis,0.946517029155,-0.977437777377
Wickremasinghe,-0.924973391906,-1.25876398263
Wickremasinghe,0.231291070988,-1.62925901368
Wickremasinghe,-0.471490552583,-0.302991288426
Mukherjee,-1.72774274064,-1.17733145076
Ruiz,-0.194920064792,-1.56478045224
Ruiz,0.00412985270644,-1.90280905908
Ruiz,-0.437336377326,-1.31291303871
Ruiz,-0.63531104564,-2.44018099726
Welch,1.55741342548,-2.47255546478
Welch,1.50121375781,-2.0250381732
Qureshi,-0.893507921165,-1.76357830779
Sari_Dewi_Sukarno,-1.63459770061,-0.501303253171
Castaneda,0.929863109407,-2.05870049991
Chacon,0.188973591351,-1.215930217
Cubas,1.395522767,-1.62682696324
Gonzalez,0.547772568088,-2.31618259
Ibanez,0.174165450547,-1.17513871319
Mondesi,-0.861755382245,0.554297475212
Rivero,1.28361117472,-1.92056599694
AG_Farhadi,-1.21702314687,0.0396671429853
Allen,-0.709922971076,0.25653691
Allen,-0.91987290595,1.51233948919
Allen,-1.1709842539,1.99557490576
Bradbury,0.889434942778,-1.10789919113
Evernham,1.53952138731,-2.56391870762
Halbritter,0.60810821551,-2.27644955031
Lewis,-0.556266969797,0.0899380481786
Liotta,0.810763084755,-2.3347577835
Lucas,-1.10672722147,-0.102996617971
Arthurs,0.86683355006,-1.69139329665
Odierno,1.96132684608,-1.12997287652
Odierno,1.12756654247,-1.56248740315
Morrough,0.620251665175,-0.649395379936
Nagin,0.025413479282,-1.0147727464
Nagin,-0.13101603558,-1.34085814723
Price,0.759983808482,-2.00368508203
Romano,0.279514658748,-1.68426059281
Romano,-0.0531696971051,-1.27883898591
Romano,0.563149665984,-1.79287838186
Romano,0.400659995374,-1.28612518341
Romano,0.0976498680041,-2.33638409469
Romano,0.294413923601,-1.7050824204
Romano,0.822473684764,-1.4176880787
Romano,0.912057944141,-2.63745011551
Romano,-0.00311957751126,-0.69700211836
Sherman,-2.34034645229,2.96128542572
Wasden,0.154793933717,-1.27380297434
Young,-0.735498155175,-0.568823100275
Ismail,0.25960911284,-1.94708818015
Rabbani,0.160934263074,-0.625102631566
Romijn-Stamos,1.78396592831,-2.00395958121
Romijn-Stamos,1.46613582355,-1.15911453087
Romijn-Stamos,1.09757491484,-0.428277893125
Romijn-Stamos,0.921432512283,-1.77324255175
Chantay_Revels,-1.0833489308,0.188964928618
Chantay_Revels,-0.804059313482,0.0670556728991
Chantay_Revels,-0.951842071759,0.070100927211
Chantay_Revels,-1.11580579896,0.288039536332
Tayyip_Erdogan,-0.973531487137,0.760282212817
Tayyip_Erdogan,-1.81169653822,1.03981976174
Tayyip_Erdogan,-1.53242205902,1.14737644235
Tayyip_Erdogan,-1.38360782354,0.368547021681
Tayyip_Erdogan,-1.45948008169,1.17355019286
Tayyip_Erdogan,-0.62088933933,0.339222027518
Tayyip_Erdogan,-1.57374851478,0.696767435318
Tayyip_Erdogan,-0.95253685861,0.608265571591
Tayyip_Erdogan,-1.5528841165,0.652917011534
Tayyip_Erdogan,-1.82450406875,1.0015079179
Tayyip_Erdogan,-1.77200337116,1.34883393474
Tayyip_Erdogan,-2.02786789784,1.23985723463
Tayyip_Erdogan,-0.880696229978,0.926221020107
Tayyip_Erdogan,-0.950927963924,0.480801589231
Tayyip_Erdogan,-1.3064088817,0.558347596097
Tayyip_Erdogan,-1.53506628979,0.863003101805
Tayyip_Erdogan,-1.52209080657,1.32211661918
Tayyip_Erdogan,-1.7729016395,0.819337443261
Tayyip_Erdogan,-2.00752153707,0.780234796996
Tayyip_Erdogan,-0.55527914162,0.261042027083
Tayyip_Erdogan,-0.699431700286,0.796620408124
Tayyip_Erdogan,-1.33248681054,0.891952453306
Tayyip_Erdogan,-2.07299074404,0.873116231207
Tayyip_Erdogan,-1.07673610532,0.879389432945
Tayyip_Erdogan,-0.574388018332,0.371423565432
Tayyip_Erdogan,-1.468986181,1.07665302269
Tayyip_Erdogan,-0.832111443731,0.0512270515361
Tayyip_Erdogan,-1.95541085243,1.52056108784
Tayyip_Erdogan,-1.30600070571,0.361606645658
Auerbach,1.12573763567,-1.02344187687
Witherspoon,2.02943880651,-2.74066307201
Witherspoon,1.36807724634,-2.20671644499
Witherspoon,1.56970952217,-2.13371928876
Witherspoon,1.38126476668,-2.52099491395
Lewis,-1.12528059119,1.04198458328
Miller,-0.266669302519,-0.743774066059
Miller,-0.734696192657,-0.769173181316
Sanders,-0.78470032595,0.135473033712
Ip,-2.06490545052,-2.32482004126
Hudlin,-1.78046840653,-0.0625376664836
Hayes,0.226566200693,-2.63798181299
Buetikofer,0.0897851671522,-1.53044335065
Sofer,1.06965778216,-2.15277924197
Soru,1.36767364797,-2.91293776794
Antonio_Leon_Rodriguez,0.609435508724,-1.14528543877
Zellweger,1.12800147708,-1.87310051366
Zellweger,2.00648219144,-3.00969663245
Zellweger,0.346540046955,-2.64821943198
Zellweger,1.24588123861,-2.79055161354
Zellweger,1.94539900159,-2.88300316523
Zellweger,0.894055741531,-2.58883291315
Zellweger,1.57931059314,-3.21724726504
Zellweger,1.81116930473,-2.74124989965
Zellweger,1.13419698921,-1.40856918376
Zellweger,1.50367867541,-2.57172603442
Zellweger,0.540698451325,-2.70771747746
Zellweger,1.15491190211,-2.94855223796
Zellweger,1.32677231063,-2.3241872822
Zellweger,0.383918000888,-2.54404272431
Zellweger,1.01772596478,-2.68980009509
Zellweger,1.10888140212,-1.79079590142
Zellweger,1.06911195495,-1.95695549197
Portland,-0.324011140287,-1.38156180194
Qingjin,-0.629689995741,-2.94820030747
Goosen,-1.008319914,-2.0481446916
Sanchez,0.00898838821135,-1.6681617073
Uzuner,-0.102299814883,-1.79675343594
Warrener,0.878270448277,-1.65784198753
Villatoro,-1.04955306169,-3.48282303114
Lagos,1.39887473429,-2.42340881152
Lagos,0.241129466487,-1.15217210935
Lagos,0.795061111524,-1.59078357607
Lagos,0.478168122618,-1.33923827118
Lagos,1.01354314726,-0.831907415629
Lagos,0.627659536822,-1.50647606126
Lagos,0.264020223838,-1.15840326878
Lagos,1.09721994212,-1.75396384934
Lagos,0.246860972738,-2.13578251558
Lagos,0.32633317753,-1.20229770781
Lagos,1.66589419402,-0.811885734055
Lagos,0.28801901555,-1.03478076338
Lagos,0.299166063351,-1.29224657146
Lagos,0.338315802224,-1.31417699886
Lagos,-0.0457275326494,-2.83467587072
Lagos,0.439249530304,-1.39636350384
Lagos,0.100359190159,-1.48971341563
Lagos,0.157510055846,-1.96718950019
Lagos,0.919380794914,-0.970185692358
Lagos,0.544200885681,-1.42700649937
Lagos,-0.029551758633,-0.824463900654
Lagos,0.804162588642,-1.41826785806
Lagos,0.518040356619,-1.63410100905
Lagos,-0.000565607210118,-1.2262882609
Lagos,1.44403067117,-1.92843783326
Lagos,-0.02449907054,-0.223128749992
Lopez_Murphy,-1.8065397489,1.28738692483
Lopez_Murphy,-2.19243610324,1.50628722738
Maduro,0.952950575994,-0.640690416826
Maduro,0.273967742472,-1.44255265225
Mayorga,-0.75562138262,-2.47206564775
Monasterio,0.254645967619,-1.31617043238
Monasterio,0.88882352398,-2.30215792133
Sanchez,-0.550155031318,-0.332134717068
Sanchez,0.255024454081,-2.11048067095
Sanchez,-0.171437474899,-2.61116653289
Sanchez,-0.822304845789,-2.06969003517
Sanchez,-0.36292577367,-2.52671053908
Sanchez,-1.63450957912,-2.4247861463
Muti,0.946775173935,-2.22483492279
Armitage,2.62045534297,-1.78689832799
Armitage,2.27516267982,-2.74130667462
Armitage,0.878491018417,-2.40021587452
Armitage,0.53856159761,-1.11015667635
Armitage,3.21976640621,-2.06430928099
Armitage,1.75584500932,-1.83229670591
Armitage,1.5047456473,-2.75110336592
Armitage,1.89826795022,-1.56971157152
Armitage,1.50182207378,-1.39157528556
Barry,0.74758923554,-2.18828519645
Branson,0.321336665171,-2.06245540828
Branson,0.844668934184,-0.667781792579
Butler,1.24725748458,-2.39439577225
Butler,0.863257253715,-1.41188472305
Carl,1.36139546757,-2.69021911493
Chamberlain,1.26131915469,-1.36250599763
Cohen,0.56486023762,-1.33820610853
Crenna,0.261124628145,-1.26062006859
Crenna,0.887479627307,-1.92350424769
Daley,1.21509965829,-1.51699324484
Dreyfuss,0.0711847279132,-0.908648432015
Fine,0.527263870649,-2.24736134921
Gephardt,1.11691013354,-1.40239033378
Gephardt,2.75997833379,-1.81988077162
Gephardt,1.1771385223,-1.39814224942
Gephardt,1.13267960356,-0.818744685577
Gephardt,0.0904607070278,-0.937216560292
Gephardt,1.16525066063,-1.20630377525
Gephardt,1.11607764071,-3.0257776868
Gephardt,1.57901522725,-1.58602559816
Gephardt,2.26202954804,-1.92496319947
Gephardt,0.494506200879,-0.929107713852
Gephardt,1.24263286806,-0.962806507752
Gere,1.61695307434,-2.31523484512
Gere,1.44587243795,-0.798695162453
Gere,2.14617860178,-1.64765213063
Gere,0.925002640217,-1.8278713352
Gere,1.10099248556,-2.48156604428
Gere,1.41826643044,-1.99399978024
Gere,1.7036096868,-1.78036970895
Gere,1.23619396078,-0.452421010113
Greenberg,0.168638494493,-0.593063236405
Haass,2.02409760872,-1.89477752878
Haass,1.30370357309,-1.93664977363
Hamilton,-2.59977355922,-0.211172430601
Harris,1.76456748427,-1.36687237973
Hellfant,0.493795086992,-1.80850470295
Jefferson,-0.851647074575,-0.0304012836643
Jewell,1.71684479007,-1.8292973923
Krajicek,0.390192143545,-0.496061565404
Krajicek,1.16762729469,-2.87205292538
Krajicek,0.291142748485,-2.08176014537
Langille,1.18836902919,-3.94870372872
Lennon,-0.0319741896389,-2.07558753385
Levin,1.92275162682,-1.27555544792
Lugar,1.48890178997,-1.2585721233
Myers,2.22978235763,-1.81918503363
Myers,1.2079342379,-1.34822381539
Myers,1.33040234685,-2.94438243255
Myers,1.54025073879,-1.34843522727
Myers,1.81717536085,-2.32185458977
Myers,0.861140564247,-0.183551186736
Myers,1.19423742381,-1.28308942285
Myers,0.763182086741,-1.34184851464
Myers,1.01482173532,-1.66221573487
Myers,1.9370215932,-1.8576505845
Myers,1.04947145847,-1.31179843799
Myers,1.50735457105,-0.697388685418
Myers,0.902052822704,-1.91763208637
Myers,0.862444472036,-0.900468070586
Myers,1.14038138379,-1.88558879177
Myers,1.30772179472,-1.40791849723
Myers,1.14921406449,-2.07401559795
Myers,1.70468237757,-1.57111112364
Naughton,2.3213615454,-2.14914229643
Norton-Taylor,1.53504873607,-1.83859488265
Norton-Taylor,1.72790184212,-1.9022884811
Palmer,0.735859700052,0.132108041079
Parsons,-1.50148348276,-0.191206842346
Paul_Evans,-2.45898488548,1.84962292474
Penniman,-1.21845359927,-0.195156339688
Pennington,-0.118353482597,-1.23316023669
Perle,-0.458751182462,-2.40882878323
Regenhard,0.259894145658,-0.97512240662
Reid,-0.762458684149,-1.06422332416
Rodriguez,1.88559902789,-1.32626785371
Sambrook,1.88854816124,-2.39234906769
Sambrook,2.3611019721,-2.10716602458
Shelby,1.29915645304,-1.54963358186
Shelby,0.908318776033,-2.54374247656
Sterner,1.186206159,-1.14051393726
Tubb,2.26458902016,-1.89118438099
Virenque,1.14816774088,-2.76068347349
Virenque,2.0301439184,-2.8962816408
Virenque,2.37280389264,-1.44626791591
Virenque,1.05562913245,-1.10465672714
Virenque,0.958813976851,-1.46324847959
Virenque,1.77661860646,-3.44665989045
Virenque,0.479064967525,-2.36893072172
Virenque,0.469276742877,-0.764339416533
Ward,1.75732744224,-2.55539563166
Brooks,1.73699563257,-2.56270235029
Gannon,2.46285216491,-2.18317121887
Gannon,1.87072228579,-2.26270349501
Adubato,0.4897622938,-0.942669044023
Adubato,0.942025303647,-1.82056997386
Barnes,2.0343650504,-2.61523192361
Barnes,1.26143935736,-3.01671968846
Barnes,1.59240103884,-1.77482489149
Bland,1.32205874311,-0.690683273919
Bragg,0.957598761773,-2.57369439873
Carlisle,0.511630573766,-1.89196289281
Carlisle,0.239495106217,-1.39120353229
Carlisle,1.13317164411,-2.17195434174
Carlisle,0.740561605045,-1.04968425877
Caruso,0.708919285037,-2.6767831287
Dinse,0.664162320556,-1.83291656598
Dinse,1.09484418056,-1.84545405085
Dinse,1.88117483661,-1.58818917845
Husband,0.511108003087,-1.7285610795
Lu,-0.235827220068,-2.56486755931
Perry,0.973613150963,-1.76873746381
Perry,1.23214114491,-1.9287325192
Perry,1.26948231741,-1.46492469713
Perry,1.52956192223,-1.43381882291
Perry,0.309735623567,-1.7231399768
Perry,0.914445629279,-2.23349654882
Pitino,0.593405120411,-2.39995746841
Pitino,0.287031309312,-2.58528545254
Pitino,1.39877046915,-3.3055384351
Pitino,0.953335667364,-1.797746322
Reed,0.809212544136,-2.57859337314
Rickert,1.80578609223,-1.40979298291
Romley,1.83984799598,-1.81900479927
Romley,0.579383336246,-1.13481334605
Romley,0.556158722191,-1.66438717792
Santorum,0.936567317268,-1.15489399348
Santorum,1.49952726761,-2.78746721199
Santorum,0.273025051614,-1.22948649351
Stansbury,0.973753425176,-1.87416416412
Stansbury,0.641587023287,-2.31601790132
Stansbury,0.201724737119,-0.99448880474
Wagoner,1.99492855938,-1.67446554518
Wagoner,1.51226861809,-2.08160338613
Barnes,1.65079730158,-1.87192175568
Barnes,0.695548530298,-1.8960605299
Cottrill,1.08539023643,-2.71898191607
Martin,0.279988090566,-0.985873431071
Martin,1.00323886117,-0.49174526477
Ponting,0.120398906816,-1.22472807278
Ponting,0.459553047166,-2.51691547112
Quick,-0.227864351988,-1.74957077145
Ray,1.34538558484,-1.91561600436
Scott,1.73898805703,-2.16962053664
Blanjaar,1.01727524272,-2.61375990479
Long,0.321751680697,-1.87761484764
Lazo,-0.0490007604548,-2.21539646394
Starr,1.25884013316,-2.13963032343
Ferdinand,0.478827256967,-0.613441998601
Ferdinand,0.907846302885,-0.547600905255
Grande,0.688265884452,-1.32160845738
Grande,0.565489626899,-2.80175203145
Grande,0.732615663174,-1.74525526378
Moreno,0.705793947384,-1.94385118522
Moreno,0.806037437894,-1.94627393867
Wilson,2.01459247284,-2.23209854625
Wilson,2.08501576607,-3.09951721499
Wilson,0.785191023337,-1.22345693085
Wilson,1.4000775704,-2.08830391343
Coltrane,1.38446689812,-2.80912144021
Fowler,0.718136689612,-2.28070066335
Fowler,0.987856511298,-2.11124048609
Mc_Ewen,-1.17937901574,0.0303630029215
Naish,1.77437665093,-2.716209652
Williams,0.373333153748,-2.00701304478
Williams,0.855561242776,-1.36245241388
Williams,0.391392965898,-2.59996115395
Ginepri,-1.02967947414,-1.32791922095
Ginepri,0.0296212221205,-1.79216754659
Combs,1.11037406345,-1.3122770522
Altman,0.641017303766,-2.13957269486
Beck,0.185437711911,-1.76534132407
Blackwill,0.22813832427,-0.21448888935
Blackwill,0.949277653325,-0.936271181337
Blake,-0.0817775368009,-1.2746111063
Blake,1.07569424766,-1.79999323728
Blake,-0.0611823238194,-1.64851652259
Blake,0.153552319008,-0.555611222153
Blake,0.874183820792,-1.48310271656
Blake,1.43028140213,-1.79242544411
Blake,1.06498890792,-0.733503373528
Blake,0.391886586234,-1.75439096364
Bonner,1.47032341629,-3.09673208896
Bonner,1.29155273161,-1.74735312808
Bonner,2.79878410614,-2.34999961679
Bullock,0.476998213855,-0.309968015304
Bullock,0.788182745399,-0.901252157244
DeFraites,0.586484283459,-1.64603207537
DeFraites,0.772818136936,-0.286870275496
De_Niro,-0.219472202292,0.2918528252
De_Niro,-0.409863755082,0.918997641621
De_Niro,-0.210773632909,0.646774380107
De_Niro,-0.332712869089,0.659672221028
De_Niro,-0.538131082455,0.463463349355
De_Niro,-1.21331426748,0.436491420017
Douglas,1.52679078422,-1.26120332357
Downey_Jr,-0.503738670622,0.365084409159
Durst,0.53835523883,-1.55530385257
Duvall,1.73069598783,-2.43577606635
Duvall,2.1094533197,-3.3604083644
Duvall,2.5880065916,-2.80255480847
Duvall,0.956302169973,-2.5982172498
Duvall,1.94418714222,-2.11318041861
Duvall,1.85477355017,-2.0056009257
Duvall,2.22705948424,-0.580548637972
Duvall,1.33613895026,-3.42560955937
Ehrlich,1.3554957983,-2.70293889711
Ehrlich,0.33166193178,-1.69391778966
Evans,0.71116198878,-1.48940963714
Evans,1.08695583763,-1.71358589502
Evans,0.952419429195,-2.51749023495
Fico,1.53568187132,-1.42625374388
Fico,1.86734598207,-1.74371441478
F_Kennedy_Jr,0.600664674595,-0.737278641513
Flodquist,1.34772206903,-1.9695774528
Gallo,0.403872328633,-0.476585023029
Gordon_Card,-0.328217355434,0.125906717863
Hanssen,0.819208943138,-2.67032354288
Horan,0.598846126908,-1.26446927123
Horan,-0.239839599472,-1.68972875504
Hyatt,0.678670560569,-2.28693605977
Kipkoech_Cheruiyot,-0.903261558229,-0.1235079423
Kocharian,1.27079629627,-2.18867331307
Kocharian,1.08028608459,-2.44730362464
Kocharian,0.845331450352,-1.50623398306
Kocharian,1.23031830014,-2.12842692648
Kocharian,0.796622157356,-2.85634763428
Korzeniowski,0.631342195744,-1.98931898527
Lange,1.15626329126,-1.83671566822
Lee_Yates_Jr,1.41216952187,-2.01848515847
Marshall,1.43143293864,-2.97869821426
McKee,1.86689822389,-1.7440424875
Morvillo,1.03069371875,-1.02327689796
Mueller,1.88894231158,-2.00525233882
Mueller,0.700084863269,-2.14209147802
Mueller,1.6918124459,-2.49016243528
Mueller,1.00530502555,-2.62808628513
Mueller,1.518625144,-2.91158530376
Mugabe,-1.46625022235,0.786620033124
Mugabe,-1.11297109332,0.154130341643
Nardelli,1.586227254,-2.57055990947
Nillson,0.479359380997,-3.53070945933
Arguelles,1.02352589641,-1.39580516395
Benigni,1.90069572667,-1.43423236126
Benigni,0.573008781427,-2.04618318688
Canessa,1.67437630243,-2.72378527767
Carlos,-0.428408280895,-0.807692261694
Carlos,-0.160890012745,0.231849223426
Carlos,-0.521492203393,-1.22534247639
Carlos,-0.627061711657,-1.11811064605
Cavalli,0.911923682016,-0.0987167403366
Cercelletta,0.346296238194,-1.79375898988
Guaterroma,-0.704997768688,-1.59580655299
Laratro,0.632959517834,-1.82978223016
Lavagna,1.37478871682,-2.03999656508
Marinho,0.296392166453,-1.05922393118
Marinho,0.615724914412,-1.2202774074
Marinho,-0.598177668296,-2.0978775849
Robaina,0.485173898778,-3.24692322311
Tovar,0.122226573012,-1.16517004131
Pollack,0.734445456088,-0.72130883278
Redford,1.37139364213,-1.71952260623
Redford,0.421819901048,-2.42578967749
Redford,0.511685717556,-2.25271486528
Redford,0.835323687419,-1.24540867369
Redford,1.03681160075,-1.84356534869
Redford,1.71892982151,-1.6842556285
Redford,1.84627569506,-2.1412980819
Redford,1.2338149544,-0.940698517039
Schuller,1.03674124749,-1.36194436547
Stack,1.92914312257,-2.39909779271
Stack,1.06197135313,-0.935527088547
Torricelli,0.904181561263,-1.81731360472
Torricelli,0.94233450232,-1.41298187764
Torricelli,0.921034868045,-2.25113500307
Towne,1.23339148345,-2.41117811754
Tyrrell,1.89872989259,-2.14071664745
Vowler,1.68359286782,-1.87963918343
Wagner,0.270359417946,-0.478327697373
Weitzel,0.762445992263,-2.2342225071
Wiener,0.552990766326,-0.592699644207
Witt,0.112639786291,-2.58346122693
Witt,0.472314521169,-2.52974505081
Woody_Johnson,-0.785829080788,0.822328709785
Zoellick,1.12395506491,-1.82958749432
Zoellick,1.79756160739,-3.06784761913
Zoellick,2.10143594576,-2.1196924323
Zoellick,1.82779599426,-1.51980702461
Zoellick,1.84859521618,-1.94892494226
Zoellick,0.851496321687,-1.61955365999
Zoellick,2.1787853768,-3.1210862919
Cook,-0.203199718364,-2.34416171926
Cook,0.302744255868,-1.56643719988
Johansen,0.677197984614,-1.99726705091
McGraw,0.109555881787,-2.42774375644
McLaurin_Williams,-0.728722712022,0.126469102684
McLaurin_Williams,-1.65232470946,1.77694864189
Stevenin,1.79521130685,-2.76995560958
Stevenin,1.44251936599,-2.1356631887
Tunney,-0.0739816393651,-2.3271586966
Wagner,1.34206043256,-2.3390592478
Williams,0.442709149297,-1.01984778259
Wright_Penn,-0.8644021825,-0.146094636387
Lowe,0.628573705738,-1.18132505667
Lowe,1.82936678535,-2.45740727192
Lowe,0.865564886054,-1.74843035946
Lowe,0.191070919811,-2.62491299034
Marshall,1.15428325141,-1.46022477004
Marshall,0.638952593398,-1.58118729399
Marshall,1.70886236115,-1.01190820548
Marshall,1.4232164498,-1.70598157514
Marshall,1.85259404131,-1.77119202859
Marshall,0.913293733729,-2.12416908923
Moore,-0.0798405878781,-2.58016853136
Morrow,1.1198515735,-2.2974449703
Niedermayer,1.8573007267,-2.63002601841
Ramsay,-0.327269787972,-1.80447026611
Schneider,0.156973985185,-0.629865201832
Schneider,-0.109764508232,-0.992172266187
Buttiglione,0.61504010089,-2.60360333629
Blagojevich,0.509169150122,-1.02852203539
Blagojevich,0.907103889203,-2.55170356755
Bryden,0.740536550309,-1.18994292444
Jong-il,-1.62107675127,-2.23680446247
Dangerfield,1.22477552634,-2.27424817673
Rempt,2.01648065894,-1.50492481449
Abalos,-0.497434645404,-1.45191746823
Paige,-0.93212279628,-0.288785082412
Borja,1.33549720531,-1.5318503298
Borja,0.956997512564,-1.51145874581
de_la_Cerna,1.11375282671,-1.40152607654
Rato,0.593951917355,-1.8983611537
Stewart,1.15866640182,-1.77258182416
Stewart,0.948089401728,-1.91278742798
Stewart,2.11898391365,-2.1461345469
Thorn,1.39203589628,-1.56842353745
Campos,-0.304960123818,-1.99386136021
Montemayor,-0.1591762786,-1.37990793975
Ramos,-0.1132568896,-1.29577882238
Clemens,-0.293471766202,-1.73567322566
Clemens,-0.612967608526,-1.16850960466
Cook,0.11536207651,-2.01209768766
Corbett,2.47437809415,-1.42124872244
Daltrey,0.0295013406704,-2.83288608517
Etchegaray,1.31231941572,-2.449504618
Federer,1.03375231592,-3.00183784123
Federer,0.379445122438,-0.486420499991
Federer,1.43516641286,-3.02336052399
Federer,1.22908979588,-1.53497936108
Federer,-0.183823905163,-1.53350320786
Federer,0.778363387549,-2.56991379397
Federer,-0.187308019952,-1.40628352516
Federer,0.0783055459489,-1.52797187244
Federer,1.46924276715,-2.26349096843
Federer,1.10917791013,-1.9335655451
Federer,-0.126328432428,-1.99262624862
Federer,1.30931213615,-1.88916418572
Federer,0.240407196689,0.460028217403
Federer,-0.183449710504,-1.05745553236
Grimes,0.985882258785,-1.59188407039
Romero,0.0782864627264,-1.37739939744
Romero,0.181028528448,-1.50313088647
King,2.16826311254,-1.79526202088
Lyons,1.46990180828,-2.18358008639
Machado,0.421842667378,-1.74293858901
Mahony,1.17461559426,-2.23184750244
Moore,2.26611318173,-2.39057537386
Moore,1.57091666157,-1.06538308197
Moore,0.627339896047,-1.26907071962
Moore,2.07931847307,-1.56937079048
Moore,1.59892159936,-2.30137574369
Penske,1.01282579909,-1.03407026088
Staubach,1.49214765166,-1.92160544282
Suarez,-0.980569574448,-2.38509564379
Toussaint,-1.34691736029,-1.41985620027
Winter,1.38037242748,-0.949714764287
Mistry,-0.396806903544,-2.08795996568
al-Ghozi,-1.84985510351,-1.09101091139
Moo-hyun,-1.66274310055,-2.21084356531
Moo-hyun,-2.00472364457,-2.21729514521
Moo-hyun,-1.66241076356,-2.10510266661
Moo-hyun,-2.12181671414,-2.5654831649
Moo-hyun,-0.88339933885,-2.15637483686
Moo-hyun,-1.51429788209,-2.00082340026
Moo-hyun,-1.55965605807,-2.64469317245
Moo-hyun,-2.37227283787,-2.26317516768
Moo-hyun,-2.46739489032,-2.12736598343
Moo-hyun,-2.82304814697,-2.63954163755
Moo-hyun,-2.03875677239,-2.31132800232
Moo-hyun,-2.13938179084,-1.41857111816
Moo-hyun,-2.67288116524,-1.26145152829
Moo-hyun,-1.48288496088,-1.63194940276
Moo-hyun,-2.7648719654,-2.57403788612
Moo-hyun,-2.43209158157,-2.90116999147
Moo-hyun,-1.97750404079,-3.3464653153
Moo-hyun,-1.87825796733,-2.52789337041
Moo-hyun,-2.12530271448,-2.94956694045
Moo-hyun,-0.851510368334,-2.17144130282
Moo-hyun,-2.625420347,-2.91930517262
Moo-hyun,-2.20855174336,-2.93859255474
Moo-hyun,-1.61519417903,-2.55528054954
Moo-hyun,-2.48525280313,-2.15813802253
Moo-hyun,-2.36749216934,-2.51545855631
Moo-hyun,-1.93858187275,-1.54419660906
Moo-hyun,-1.6986976582,-2.06630227421
Moo-hyun,-2.53275155784,-1.23236093074
Moo-hyun,-2.70012065865,-2.42533617467
Moo-hyun,-1.71244055071,-1.21565792188
Moo-hyun,-2.00914999945,-2.43615079601
Moo-hyun,-2.76425288124,-2.72385333012
Paksas,1.33569865393,-2.47395846702
Paksas,0.259130261913,-0.972915514729
Koch,1.11353715568,-1.50511841261
Eckrodt,0.88102464458,-1.40476732718
Eckrodt,0.11202049834,-1.87269184226
Zimmermann,-0.0385907758889,-2.62426357673
Massimino,0.99412401552,-1.94910903872
Duris,0.739270312723,-1.88068411206
Abramovich,1.06057424021,-2.82597979466
Coppola,0.0201198001517,-2.85496366058
Prodi,0.974524956548,-1.0252954227
Prodi,0.473202246125,-3.12673939717
Prodi,1.15864852513,-0.981387483721
Prodi,0.846099178329,-0.10697247487
Prodi,1.00272523224,-1.74682373336
Prodi,1.21901261063,-1.78542301768
Polanski,0.83771452953,-1.94519499841
Polanski,1.36486462139,-1.68433293285
Polanski,2.22307165417,-1.31991766282
Polanski,1.17842354123,-1.42271172673
Polanski,0.627931134291,-1.56040126748
Tam,-1.50712243134,-2.44858915232
Farias,-0.694631819352,-0.766569597142
Gigli,0.900680293979,-0.963408355205
Brower,0.88702704659,-1.82322439844
Harwood,2.65536289707,-1.68640166516
Ito,-1.44766840055,-2.14686209217
Kadish,1.36359344574,-2.34936367452
Kessler,1.02618635582,-2.46950714211
Luis_Nazario_de,1.0,0.917843398305
Luis_Nazario_de,2.0,1.73669804989
Luis_Nazario_de,3.0,1.82579434823
Luis_Nazario_de,4.0,1.9940005664
Perelman,1.1049482612,-1.3529579247
Post,1.98076727592,-1.90210321388
Reagan,1.25944077933,-2.08633144106
Reagan,0.848580483958,-1.73809350677
Reagan,0.380702069655,-1.67814666111
White,0.101526823457,-2.37907545672
Young_Jr,-1.68482030079,0.9854098152
Barber,-1.53874813603,1.97080049562
Dittemore,1.28166004316,-1.72155648582
Dittemore,1.81947707073,-1.7694058742
Dittemore,1.38350372576,-0.982828260151
Dittemore,1.45209854664,-1.49045416597
Dittemore,0.514441521609,-1.50126282187
Dittemore,1.07324655438,-1.90872210165
Dittemore,0.638140921938,0.183491376215
Dittemore,1.49589028887,-1.72660774758
Gonzales,1.16258264251,-1.52088533967
Howard,1.93463326748,-1.89469012163
Howard,1.94877891491,-1.9335806145
Kirk,-1.38941881694,1.06363013423
Lantz,1.17249909875,-1.42540456021
Jagday,1.54779766733,-1.97006505966
Musgrove,1.45324438484,-1.73999531513
Zook,0.962275701818,-1.83802056297
Haywa_de_Condori,-0.661037991824,-0.278147017448
Perkov,1.55967596669,-2.06268716001
Carter,0.787227012198,-1.91688067805
Dawson,-0.890352689208,-1.46937390548
Barr,-0.224641581653,-2.03404302011
Barr,-0.283252530513,-1.34175632704
Barr,-0.159735657959,-2.58882985776
Linkins,0.749522725063,-3.60849527982
Marie,1.03795967596,-2.68473677788
Stack,1.07191345138,-1.45531184776
Stack,2.65466633088,-3.35453847992
Perez,0.422493874855,-2.73755081426
Desroches,-0.0466258203025,0.112922425999
Verba,1.57710529582,-2.90814297651
Williams,0.885822381947,-2.35067564684
Blunt,0.431941298789,-1.8790420212
Chaderton,0.0508431332337,-1.79879057242
Halladay,0.121480150592,-1.29305593889
Jones_Jr,-1.75097243387,-0.955582252014
Jones_Jr,-1.14499538598,-2.44619474291
Moore,1.52227181472,-1.78293442731
Moore,0.996299525514,-1.20663687041
Moore,1.24528341414,-1.46413180505
Moore,1.66548127496,-1.13182793014
Moore,1.28407270307,-2.29025980319
Moore,0.796996676709,-0.921068217528
Rogers,1.03633155586,-3.24581615105
Romanow,1.9318175732,-2.31752173509
Williams,1.26689572554,-1.89756807015
Williams,1.3668239867,-2.04797233274
Williams,1.31955167191,-1.98993162909
Williams,1.1767373831,-2.25125419736
Pascual,0.623471768286,-3.30005390181
Barrichello,-0.258900794726,-2.22749665469
Barrichello,-0.022987080202,-0.96789445759
Barrichello,2.13642715775,-2.30012495629
Barrichello,1.06414497324,-1.0663293946
Barrichello,-0.0576962893012,-2.65398195483
Barrichello,1.20097085984,-1.06904786225
Barrichello,2.07698934503,-0.60416436477
Barrichello,1.91402324334,-1.26909294709
Barrichello,-0.316842807806,-2.87902058787
Barrichello,1.12419459736,-2.14527633485
Barrichello,1.72797014019,-1.53038695403
Barrichello,-0.132274073925,-1.89837469012
Sierra,-1.0498128938,1.64626258741
Studdard,-1.99177246083,2.00098530299
Studdard,-2.74643491535,1.09751316393
Wolkowyski,1.74684700223,-1.72037710745
Voeller,1.67222692286,-2.45959042611
Schuster,0.758989000201,-2.09753718118
Giuliani,0.54769188053,-1.25887373114
Giuliani,1.63070389428,-1.99329319544
Giuliani,1.86833318885,-2.43195276242
Giuliani,1.63159504832,-1.99352261686
Giuliani,1.74557515405,-1.8513508538
Giuliani,1.34345559474,-1.75529824163
Giuliani,-0.520649284047,-0.686240103117
Giuliani,1.47016622404,-2.42991318655
Giuliani,0.947921862748,-1.73441328401
Giuliani,1.93943441703,-1.85330657712
Giuliani,0.298441336134,-1.37601194713
Giuliani,-0.470492967712,-1.77991757488
Giuliani,1.62836976907,-2.27810631458
Giuliani,0.906996214245,-2.48480492346
Giuliani,1.21262145214,-2.86746843106
Giuliani,0.984873207002,-2.62198762804
Giuliani,1.03999190148,-1.12256155534
Giuliani,0.767743448886,-1.79248832118
Giuliani,0.747761348874,-1.19146129421
Giuliani,0.260807259185,-2.81557386632
Giuliani,0.777012026163,-2.11119444506
Giuliani,2.06966459132,-3.07437958082
Giuliani,1.05514755623,-1.49958933887
Giuliani,2.12376816041,-2.09399436956
Giuliani,1.04534526288,-1.3374314016
Giuliani,1.42939085269,-1.95034586293
Holton,-1.5611020631,0.559205275345
Tomjanovich,0.218850088896,-1.38919337469
Gardner,1.35331997045,-2.16305642981
Grint,1.13172624916,-2.04215950128
Grint,1.5956331046,-2.59681651271
Grint,0.59107498459,-1.38841648572
Murdoch,1.62009304862,-1.20185842076
Murdoch,0.550149419122,-1.7435958534
Coutts,0.732400200883,0.0199675730774
Coutts,0.110073210983,-1.87437859286
Crowe,1.21938593517,-1.93141898314
Crowe,0.978630092162,-1.78259467234
Simmons,-1.70210004776,0.886374826693
Simmons,-2.08017466639,0.0740781195829
Simmons,-1.38358646557,1.50989400763
Simmons,-1.52288423117,0.794970130817
Simmons,-2.03284448385,0.826255206942
Ortiz,-0.379158713343,-1.05946382058
Recber,-0.121690592363,-1.43398607427
Bader_Ginsburg,-1.27218432226,0.732083307808
Christofferson,1.97453870331,-2.03621798071
Dreifuss,0.41471984794,-2.47438044921
Dreifuss,0.0338933941722,-1.58087702506
Harlow,0.13523549899,-0.946631510744
Harlow,0.913348820629,-1.52275400964
Pearce,1.20112792866,-2.64076873922
Stubbs,1.33358977168,-1.98480088239
Drese,-0.247912662445,-3.34362336469
Goodman,1.28618160859,-1.45950007499
Leaf,0.677774125468,-2.64785170637
Newman,0.722260278746,-3.01012705004
Nyquist,1.84476839813,-2.3441473847
Gadhafi,-1.29106881487,-1.66812757111
Al-Ahmad_Al-Jaber_Al-Sabah,1.59619142068,-1.77785529205
Kawabuchi,-1.82989987835,-2.25813039828
Kawabuchi,-0.832278376255,-1.53459850386
Yamada,-0.500754171868,-2.28334287301
Yamada,-0.909837710388,-3.29860886483
Yamada,-1.58318959602,-2.52317526537
Yamada,-0.57246478382,-1.47393533787
Tendulkar,-0.342613915717,-1.98332333448
Jacobson,1.21347513592,-1.95576739732
Hassan,-1.2410718764,-1.30463657672
Hussein,-1.29792511016,-2.12322311582
Hussein,-0.91668667255,-2.10769071083
Hussein,-1.44203989079,-0.711833794172
Hussein,-0.525801132808,-1.72987279521
Hussein,-0.550519781177,-1.97106962085
Hussein,-0.246438671593,-0.964845507224
Hussein,-1.16988830223,-1.00781329419
Hussein,-0.469019555038,-1.43319310984
Hussein,-0.458109676355,-2.1068618105
Hussein,-0.552082056989,-1.78545719589
Hussein,-0.25152313772,-2.2362562237
Hussein,-0.742905799911,-1.40642510536
Hussein,-0.875371827891,-1.8746901004
Hussein,-0.625479359578,-0.534751206235
Hussein,-1.78380708768,-0.981137620925
Hussein,-0.710751856543,-2.72713692511
Hussein,0.0792563541681,-2.36970309237
Hussein,-1.20634719198,-1.38054167434
Hussein,-0.605406057364,-1.27160148208
Hussein,-0.240520142169,-1.30235292124
Hussein,-0.156549040571,-1.78581176276
Hussein,-1.49093468234,-2.29313179003
Hussein,-1.00917826429,-1.14717173097
Frost,0.886742399917,-1.23033952692
Frost,0.106281000719,-1.78054664266
Frost,1.26787506802,-2.31154924861
Erekat,-0.331800768686,-0.387068716322
Erekat,-0.717587888044,0.053986627344
Anwar,-1.18975110656,-0.331756231639
Mortazavi,-1.24977310783,-1.04072283804
Alwan,-1.49251789259,-2.21996956235
Hadi_al_Mudarissi,1.13424076423,-1.68475736119
Clark,1.956457817,-2.67312169693
Field,1.26983820988,-2.44409352164
Field,0.962787755282,-1.85514425078
Field,1.02733750114,-2.87126748501
Field,0.138683280042,-1.86156867026
Kirkland,1.09406495669,-1.17278252819
Kirkland,0.441475192673,-0.407556818513
Kirkland,0.934581702044,-0.696922514615
Kirkland,1.66519769359,-1.36229648942
Ride,-0.0304872746296,-1.08792281515
Ride,-0.14407951796,-3.25239919787
Hayek,0.601807743375,-1.98622328308
Hayek,1.2082002981,-2.1441951948
Hayek,0.240498431015,-3.67832808406
Hayek,-0.610177523577,-1.32846708192
Hayek,-0.0552216278346,-1.94092616138
Hayek,0.814226679846,-1.22249603035
Hayek,0.976437255922,-2.09425211633
Hayek,0.0893910002208,-3.69262483481
Hayek,0.358509226158,-1.20771545945
Hayek,-0.559623131971,-2.6857180915
Hayek,-0.16289168748,-3.1419069378
Hayek,0.0185193174481,-1.54108432129
Hayek,0.570025358087,-2.86971995722
Khan,-0.671965390583,-0.954859073346
Rushdie,0.39972555244,-1.88982907849
Rushdie,0.406962204987,-1.97037814627
Rushdie,0.294740137038,-2.03867916897
Daniels,1.19332508602,-2.2476081784
Ledster,0.681313201844,-1.8365232266
Bith,-0.619487534627,-1.79487894728
Bith,-0.605047423766,-0.353657237424
Bith,-0.512301299372,-1.19390671856
Brownback,1.20740445497,-2.302344928
Gerald,0.890635832234,-1.8083800933
Al-Arian,0.372850650068,-1.2309735442
Makhmalbaf,-0.304210083873,-2.28415418681
Makhmalbaf,-0.316422538054,-2.69910348898
Mendes,1.58919494276,-1.6821422059
Mendes,0.579026743708,-2.05085772799
Knight,-0.868028428412,0.189674170367
Sosa,-0.560213917243,0.512700498032
Sosa,-0.905809632168,0.581998929998
Rockwell,1.57221283995,-1.61793151252
Torrance,0.305757495901,-2.05963333151
Torrance,0.735408428941,-1.70266275262
Torrance,0.288923443697,-1.7307073551
Waksal,0.896923056009,-0.313086852148
Waksal,0.722737246071,-1.26991909077
Waksal,0.830072314954,-2.47051273408
Waksal,0.910998603231,-1.77101921798
Maitreya,-0.187724719535,-1.33942660251
Banning,0.597157637167,-1.62067775412
Bullock,1.80609748488,-2.6837677364
Bullock,0.855947691446,-1.81647383769
Bullock,1.40604960486,-1.47336155224
Bullock,0.436287603802,-0.98787973067
Ceccarelli,0.493708741717,-1.61366536016
Day_OConner,-1.59814083358,2.25458700609
Milo,2.37478727639,-1.54102566782
Shamas,0.761154426761,-1.77256159817
Smith,1.02962832437,-2.09887981584
Wise,1.62123692659,-2.66660700584
Papic,0.740019872707,-1.96662418503
Chawla,-0.570962274119,-3.50507446618
Gupta,0.0486815746878,0.0093474400432
Lan,-0.823567954373,-0.965158699037
Botero,1.35130794126,-1.91738859712
Al_Faisal,-1.28665235639,-0.0975808733586
Niyazov,-0.363675241632,-1.88903336975
Niyazov,0.350656855899,-3.5157992631
Elisabeth_Ahmad,-1.75002227728,0.86527187128
Canale,1.42317862611,-3.02505303249
Hughes,0.607336451132,-2.27656031813
Hughes,1.2935224166,-3.10815634558
Hughes,0.995724111168,-2.26682163101
Hughes,0.247345793587,-1.95180092414
Hughes,1.40302488648,-2.36302141277
Hughes,0.90957466104,-1.2935934779
Jessica_Parker,-1.96074869278,1.42220973724
Jessica_Parker,-1.31753534552,0.955521378395
Jessica_Parker,-1.01733665909,0.962120369309
Jessica_Parker,-1.74113655548,1.11889435154
Jessica_Parker,-1.8036377144,2.60902578623
Jessica_Parker,-1.52898343319,1.06859498919
Michelle_Gellar,-2.53493072902,1.05679088343
Michelle_Gellar,-0.970613773413,-0.0786248166844
Michelle_Gellar,-2.66910336452,1.13409968723
Price,0.948901498213,-1.3751772772
Weddington,1.93648841394,-2.35525736785
Wynter,1.15479596297,-2.33614479874
Silverman,-0.215019383851,-2.48026338886
Sargsian,0.275680887103,-0.564331658062
Alexander,0.6283134147,-1.46549493645
Cohen,0.901229909111,-2.59960078931
Sharma,-0.547773603075,0.156549674405
Blum,1.43804509299,-2.11798194613
Dalton,1.34457557083,-1.35738231172
Dickson,1.09445838076,-1.45983087335
Fawell,2.09129142663,-1.81250331741
Hamilton,1.0249668654,-2.06778586285
Hoch,-0.0681701840947,-1.69188485647
Hubbard,0.800513937754,-1.73801680573
McClellan,1.37398817423,-1.94639894089
McClellan,0.956313787023,-2.75392499652
McClellan,1.70389254826,-2.40707014107
McClellan,1.895898947,-1.99208752907
McClellan,0.793792861241,-1.97894565428
McNealy,1.27333807305,-1.08833400747
McNealy,0.354510564522,-1.75997867771
OGrady,0.900356055363,-1.71603726636
Peterson,1.52559625792,-2.00830482098
Peterson,0.787617666168,-0.182672325787
Peterson,1.27789939672,-1.53439572235
Peterson,1.180006008,-1.42902610689
Peterson,1.71368347908,-1.8431553401
Ritter,0.385666379939,-1.3627592167
Ritter,1.03348657114,-1.44086105584
Rolen,0.688281935174,-1.16796002482
Rudin,0.781927299239,-1.19642289995
Rudin,0.846858770192,-2.11930346392
Sullivan,-0.156662583638,-0.733903421713
Sullivan,1.28049740584,-2.85437589688
Verplank,0.96071872457,-0.884787829964
Wallach,1.35533063339,-1.77080371386
Weiland,1.32141972902,-2.45383890633
Wittman,1.0996330425,-1.55008977576
Wolf,2.18167422572,-2.52333365719
Wolf,1.85036147739,-1.70429956238
Yates,1.10645744962,-3.11756267127
Astin,1.52333612048,-1.38424091229
Astin,1.58391674119,-1.83560215083
Astin,1.21721393932,-2.85324904213
Combs,-2.28396511149,0.808705264015
Hayes,1.25170751191,-1.25633309564
Hayes,0.866072458988,-1.47139028278
OKeefe,1.42151983866,-1.95023061146
OKeefe,1.21704316031,-2.52710999345
OKeefe,1.44280184705,-2.00763372969
OKeefe,1.83443641212,-2.36053099694
Patrick_OMalley,-0.790934921246,0.617989773654
Patrick_OMalley,-1.8667617758,1.46370863276
Patrick_OMalley,-1.29521400789,1.42909942948
Patrick_Thomas,-2.80122612744,-1.37987005584
Penn,1.1266682801,-3.48173987626
Penn,0.733053489836,-3.27071594016
Penn,0.805390131098,-2.37670501288
Townsend,0.595049139841,-2.22611382538
Cuattrin,2.98944864038,-2.5439016023
Porto,-0.0887727050939,-1.40450520956
Saja,0.886547617373,-1.62948900412
Saja,-0.778787346769,-0.620910856063
Saja,1.10665623102,-2.14683023518
Grosjean,0.629895444223,-0.903101240921
Grosjean,1.17797954381,-1.53269401644
Grosjean,1.64637767079,-1.07179027965
Grosjean,1.18056115395,-0.615270747036
Barmak,0.513020474555,-1.17081155282
Hyuk_Joo,0.454189178848,-0.990835698551
Phoenix,-0.533017867331,-1.77074180164
Blatter,1.26373019868,-0.547369596015
Blatter,-0.108061758188,-1.55453467899
Blatter,1.06346881573,-1.86321153233
Blatter,1.40586955355,-0.924735959458
Karlan,0.543163785731,-1.15108201289
Williams,-1.50446385107,0.855810536674
Williams,-1.94436392809,-0.564744032605
Williams,-0.423502115722,0.512669340962
Williams,-1.86476605394,0.794208630196
Williams,-1.80176033347,1.19649700097
Williams,-1.34511790694,0.568495137582
Williams,-1.03074387137,0.148505880891
Williams,-1.93794156792,0.185301925196
Williams,-1.95900404012,1.07544738399
Williams,-1.51658987522,-0.274505115015
Williams,-1.72005459299,-0.422708000701
Williams,-0.872486495563,-0.505512608107
Williams,-1.66585824355,1.24640317236
Williams,-1.22574701138,0.79196574613
Williams,-1.59940081573,0.660409163097
Williams,-1.92502046522,0.699361681025
Williams,-1.07307050021,1.17238672726
Williams,-0.719873413633,1.64466470772
Williams,-0.188044820345,-0.55088219549
Williams,-0.519025663153,0.154891154808
Williams,-1.62660849307,1.29850633788
Williams,-1.38061426962,0.266435668294
Williams,-1.4395412926,0.992958310827
Williams,-2.33099590408,0.713820483821
Williams,-1.774187307,1.65148283057
Williams,-1.53459341095,0.0580346138626
Williams,-1.05813361817,1.19492141836
Williams,-1.10869580451,0.426647741545
Williams,-1.96943065895,0.714220228068
Williams,-1.42564954906,1.16156303829
Williams,-1.7759839926,1.3671364003
Williams,-0.629952341674,0.636914261826
Williams,-2.39034046134,1.2169872976
Williams,-0.925594936967,0.199153539366
Williams,-1.42324450577,0.792605385217
Williams,-1.66405031352,0.595102957714
Williams,-1.00828095838,0.12570256382
Williams,-1.6443961635,0.524293824036
Williams,-0.567997827213,0.200383297036
Williams,-0.385769647538,-0.680614748149
Williams,-0.616353997042,0.399845969742
Williams,-1.36956627069,1.12885335135
Williams,-0.720301503782,0.27949141519
Williams,-1.48614672144,1.52155110756
Williams,-2.04642629401,2.78465562257
Williams,-1.30270912572,1.24300692311
Williams,-1.46899915176,0.644461585261
Williams,-1.6465300436,1.77100623368
Williams,-0.766491356921,-0.0941023224307
Williams,-1.85636193944,2.36874987612
Williams,-1.34505511707,1.53721619574
Williams,-1.26420676263,1.29463852126
Kem,-1.03092491787,-1.00240632273
Alexandrovitch_Ordzhonikidze,-1.14486581357,1.26639393563
Ivanov,1.71912417379,-3.13470161641
Ivanov,1.11383271251,-1.71468489082
Ivanov,0.13830158599,-0.995291290868
Ivanov,0.956359497872,-3.04103491989
Ivanov,0.822397135074,-1.73208325939
Yastrzhembsky,2.39954218867,-2.41453279991
Yushenkov,0.432937982667,-3.27458420198
Klarsfeld,0.108999553954,-1.85452109926
Melac,0.258471837156,-2.69002749212
Tchuruk,0.638131085658,-1.49196103587
Lavrov,1.0493427847,-0.911672353797
Lavrov,0.288251490426,-1.93891300917
Lavrov,0.55926893068,-1.10975973401
Lavrov,0.596239150399,-0.850734734506
Lavrov,-0.585458314395,-0.352664568672
Lavrov,1.07554487171,-1.31010186846
Lavrov,1.15056583377,-3.07365712478
Lavrov,1.15519193298,-0.828988949168
Lavrov,1.49925100468,-1.45566039202
Lavrov,0.267801846572,0.184925442081
Lavrov,0.0760618572373,-2.27637136561
Castellitto,1.06637052329,-2.85453957278
Garcia,0.740502267023,-1.78670523798
Garcia,0.268713366459,-1.12383118337
Vieira_De_Mello,1.19319342952,-1.17049101733
Vieira_De_Mello,1.61430543015,0.204258539777
Vieira_De_Mello,1.52828365232,-1.44854899448
Vieira_De_Mello,2.80626634093,-1.12739581527
Vieira_De_Mello,1.2117920952,-1.05416149376
Vieira_De_Mello,1.70005448472,-1.33868788346
Vieira_De_Mello,2.55582026738,-1.08646852646
Vieira_De_Mello,1.15831744645,-0.705067040526
Vieira_De_Mello,1.69622956568,-1.14048095703
Vieira_De_Mello,1.66990706223,-1.24502177361
Vieira_De_Mello,1.35634377182,-0.533333905943
Gorney,0.712799888869,-1.99674052629
Antinori,0.00837379995418,-1.86279862185
Diarra,-0.511420269528,1.82915381521
Cassell,1.57052215496,-2.598753763
Bourne,1.13246794021,-0.638514341788
Mosed,-1.05108221014,-1.60695693617
Leibowitz,1.16129866954,-2.45867660516
Hmiel,1.62413281597,-2.584453136
Loux,-0.880402971026,-1.46818914543
Mosley,-1.40352106285,-0.258558066438
Mosley,0.156529950988,-0.188481140398
Phillips,1.13996818077,-1.21508682858
Reynolds,0.535657274279,-1.87908503369
Warne,0.26942445163,-1.5299071492
Warne,1.88494826787,-2.004001985
Twain,0.571979851925,-2.6694754372
Zolman,-0.157930847371,-2.07951403084
OBrien,0.642938267713,-0.778663657206
OBrien,0.273867480501,-1.12022070687
Sossamon,-0.684333671491,-1.33140695415
Harrell,-1.4274186144,-0.386398018572
Davis,1.11474235495,-2.14043621302
Davis,-0.15387774465,-1.59630092963
Frey,1.64370731289,-2.21639111496
Frey,1.51329125065,-1.99437379171
Osbourne,0.194185245923,-0.886530778392
Osbourne,-0.116511561447,-3.0891730782
Osbourne,0.290429718374,-1.3049845951
Robinson,-1.37294139365,0.532569849328
Stone,0.988207709115,-2.97884411395
Stone,1.11876803032,-2.24762262371
Stone,1.07224609636,-1.72516755939
Stone,1.49653337232,-2.91414678781
Aziz,-0.293391525386,-1.21354079549
Aziz,-1.05216395306,-1.64124960998
Mofaz,0.679546923363,-0.86591992702
Mofaz,0.922001070992,-2.08240130512
Mofaz,0.785556401503,-0.51360404099
Pollock,0.00308055334183,-1.04355494162
Rusling,0.948246710598,-0.951545534716
Earp,1.4484312479,-1.66545281828
Bradley,0.718343511388,-1.87547407838
Kemp,-2.31036894537,1.67297670268
Marion,0.00632680494616,-0.361384751707
Ahmed_Yassin,-2.23134137635,1.35426554813
Copps,-0.237123622948,-2.09030611716
Copps,0.467936836972,-1.0242606337
Copps,0.245368533759,-2.17692761218
Copps,0.769206283454,-2.94436827787
Fraser,1.21026057618,-1.44209537149
Fraser,1.62429270698,-2.17272322683
Taormina,-0.0140889587263,-2.18766849116
Wellstone,0.947741394315,-1.64243710762
Wellstone,2.05308425035,-1.84137558682
Silver,0.450884882115,-1.11306176682
Coale,0.884495762835,-2.33111111105
Fisher,0.497121272971,-2.18697209518
Irving,-0.664011214692,-2.75572690336
Crow,0.677897072576,-0.163426333861
Crow,0.499641333375,-0.0380526828959
Crow,1.16443811803,-1.86800362628
Crow,1.16727106701,-0.714174652578
Crow,1.48613383005,-1.5711652601
Crow,1.45648704754,-1.40371116033
Crow,1.55106118003,-1.71652642726
Crow,0.971774115028,-1.40152659245
LaBeouf,0.0920431118576,-2.48416830824
LaBeouf,1.4394519967,-2.31752862257
Nagashima,-0.730585157939,-2.57232176188
Ishiba,-0.418343359733,-2.64380721971
Guangsheng,-1.09374962065,-1.53809342675
Peres,0.277531685177,-1.36911330445
Peres,1.48378067294,-0.938835354058
Peres,1.87696213955,-0.722947244774
Peres,0.527841899045,-2.29402902373
Peres,1.10093753196,-0.140695366831
Peres,0.549408095323,-0.418024474466
Peres,1.93583538186,-2.59397371287
Peres,0.850982882823,-1.95144184723
Katayama,-1.05566788832,-2.04559886313
Suetsugu,-1.17386620339,-1.78678631212
Taniguchi,-1.26962105014,-1.50559233372
Abe,-1.14628725286,-2.21470150809
Amir_Begum,-0.800523161994,-0.0197913105529
Jones,1.26315639522,-1.52280718722
De,-1.16377246598,-0.540950960412
Johnson,-2.16202210415,0.222439540075
Stern,0.100067910196,-1.40800982878
Caesar,1.84450732986,-2.9351754487
Kimmel,0.657418554975,-0.767416298014
Poitier,-1.74620354693,1.69202901251
Weaver,0.582406706733,-2.10973431138
Calderon,-1.05918610737,-2.70190573123
Calderon,0.126152326092,-2.23726452398
Calderon,-0.0352013690841,-2.54173905921
Calderon,0.279265056979,-3.57466295078
Shalom,0.289109462584,-1.21436035682
Shalom,-0.0918158735129,-0.783659343586
Shalom,0.500714169928,-1.99924099062
Shalom,-0.222036068877,-1.74159219239
Shalom,0.740496448348,-2.13771694393
Shalom,0.870202317158,-2.34533047591
Farina_Elia,-1.58032389981,0.842811906112
Farina_Elia,-1.98358989696,0.379466305351
Farina_Elia,-1.52290726366,1.39449330187
Cabero,1.07981673854,-2.09243936019
Berlusconi,1.45958315512,-2.26559613502
Berlusconi,0.576283610838,-1.30926714605
Berlusconi,1.38254111537,-2.06103242288
Berlusconi,-0.00607813598669,-2.692197974
Berlusconi,0.670839855563,-1.97181008029
Berlusconi,0.233059276963,-1.06972551578
Berlusconi,-0.491266313516,-1.64631873187
Berlusconi,0.219060230861,-0.966141120068
Berlusconi,0.403029258034,-1.38380882178
Berlusconi,-0.0521428115861,-0.919555356759
Berlusconi,0.890227992155,-1.68277645616
Berlusconi,-0.204257008101,-2.32895625223
Berlusconi,-0.218521960996,-1.00137589108
Berlusconi,0.274683709608,-0.771602059736
Berlusconi,0.6609859669,-0.600836476084
Berlusconi,0.837779397071,-0.615076880443
Berlusconi,1.04571012352,-2.48546567705
Berlusconi,1.6014801555,-1.95837475489
Berlusconi,0.452641108471,-2.6415251408
Berlusconi,-0.996173716207,-1.13853891217
Berlusconi,1.01784057893,-2.52856682067
Berlusconi,0.5323603179,-2.94189194196
Berlusconi,1.04971097798,-1.96736807786
Berlusconi,-0.209978047713,-0.461932820756
Berlusconi,0.806936172891,-1.83441431829
Berlusconi,-0.870121678126,-0.0418849839194
Berlusconi,0.725774086748,-0.666370663345
Berlusconi,0.46776897633,-2.08878443374
Berlusconi,-0.495755504978,-0.338255845894
Berlusconi,0.561130962856,-1.22958287766
Berlusconi,0.61453008003,-1.45701091968
Berlusconi,-0.0982475211788,-0.93923038203
Berlusconi,-0.0315877744156,-1.19269856306
Fernandez,-0.384823483404,-1.19232962372
Fernandez,-1.39400325944,0.0965993430532
Hradil,1.02124531942,-0.644196946303
Chalk,0.818985709709,-2.13781879883
Cowell,1.40181716431,-3.55022596333
Cowell,1.16297837715,-2.34422932574
Larose,1.0620531496,-2.03734847666
Yam,-1.66825563991,-0.767212274606
Yong,-1.27307891409,-0.282028537002
OConnor,0.0459971007638,-1.71687575084
Klein,-0.138207031979,-1.43200977895
Jayakumar,-0.237037058675,-0.48769236595
Jayakumar,-0.80773733058,1.45830254194
Twu,-0.822320403396,-2.22527431235
Prosser,1.42504047729,-2.52880399226
Milosevic,1.81979292315,-1.51678331772
Milosevic,1.26748202278,-1.55323165023
Milosevic,0.670265785145,-1.83878246446
Milosevic,1.05918039705,-1.13372924592
Milosevic,-1.93129677669,-2.24802020128
Milos,-0.0310146237129,-1.60573182714
Dawood,-0.127639327033,-0.891486150889
Abbas,-1.18633087271,-0.705059512075
An,-0.188791446496,-2.89489349255
Passy,0.298363196366,-1.62850420291
Gandhi,0.525862299648,-2.1209181762
Gandhi,0.675270391942,-2.19187361874
Gandhi,1.01073533059,-1.36063877648
Gandhi,1.2307824735,-3.20348944702
Lopez,0.525887794381,-1.36919822946
Kesselschlager,1.51153223765,-1.89096645275
Walger,-0.221182633126,-1.58683990331
Yi,-1.21405444911,-1.0448254729
Loren,0.844461460449,-2.30483031557
Loren,0.33020801987,-0.986345164887
Loren,1.09555955948,-2.39105174038
Loren,1.0586992907,-1.609427577
Loren,1.28211156012,-1.42559393853
Loren,1.5677182538,-1.39295125714
Loren,0.988395201256,-2.46024599133
Loren,-1.66224298388,-2.07350400446
Ganguly,-0.807225985434,-1.68360406109
Ganguly,0.548654097601,-0.779363712286
Ganguly,0.192106123617,-1.94077189522
Ganguly,1.42018294447,-1.74876348544
Ganguly,-0.0619279526515,-1.17670259696
Abraham,0.440987776103,-2.72028956351
Abraham,0.163172893336,-1.94966545692
Abraham,0.589578388286,-3.0200409729
Abraham,-0.534808615371,-2.74955491063
Abraham,-0.239136445567,-1.96777787818
Abraham,0.148916955212,-2.56056534305
Abraham,-0.334034751381,-2.61511327946
Abraham,-0.263789325061,-2.31990295089
Abraham,0.195988912481,-1.87717958529
Abraham,0.722595662465,-2.33638277427
Abraham,-0.255312932706,-1.35664683463
Abraham,-0.435763968769,-1.71786598214
Abraham,1.3335925916,-1.14090436495
Abraham,-0.0454861951371,-1.1291079797
Abraham,-0.105036660951,-2.46522262783
Abraham,0.452467711912,-2.10847853349
Abraham,1.24737465414,-1.37369596378
Helmick,0.794847457908,-1.78029299196
Jonze,1.32402799362,-2.1349831932
Lee,-2.26800439953,-0.0646018084255
Dales-Schuman,0.959592953826,-2.10684914885
Jones,0.222011340703,-1.97383750251
Yamaguchi,0.246522351054,-1.16410313431
Dragila,0.83650414642,-0.825319771321
Dragila,1.45925598094,-1.71341807928
Nelson,2.52449624151,-2.25109279921
Heath,-0.183496039087,-0.780449916546
Heath,-0.81982325706,-1.09990930774
Wawrinka,1.44461152298,-1.85376412016
Kasten,0.956956601529,-2.90247694765
Kroenke,-0.369914457821,-0.184331067388
Ho,-0.33519537436,-2.14226091268
McChrystal,1.93700289638,-2.08869769817
McChrystal,2.01423911131,-1.18426244616
McChrystal,1.71337192048,-1.56678826026
Nelson,-0.713742417746,0.948503095976
Tong,-1.49478681086,-3.2030521009
Tong,-0.837533905989,-2.93461282766
Declerk,1.13062666065,-1.6754483309
Holm,1.56738915911,-2.14240747208
De_Roux,-0.901603143645,0.742661817991
Koubek,1.29821532667,-2.02321793435
Accorsi,0.179444377118,-1.59467174352
Accorsi,-0.229353050569,-1.58241572363
Basalini,1.50682529295,-2.86784986571
Gabbana,0.0504178587538,-0.925637424649
Tafrov,1.03679659502,-1.36653094126
Holtz,-0.488584866011,-2.65704879621
Graf,0.144785458063,-1.81961656085
Graf,-0.0663028602378,-0.0271689525998
Graf,1.0621937459,-1.67799232681
Graf,0.175388302133,-1.53718930841
Graf,1.11436365485,-2.38930863256
Keitel,1.32201082266,-2.11046661395
McCartney,2.08648186098,-1.50608524378
Skarsgard,2.14864761655,-2.90491895588
Skarsgard,1.47568771801,-1.53402973174
Tennant,2.60252649013,-2.24876364813
Hoyer,1.50834897719,-1.59356062368
Demirchian,0.48354342018,-2.17280445631
Eberharter,-0.559383012599,-2.68688990929
Delajoux,-0.0984107419474,-1.77393718576
Rochon,0.0948300132246,-2.60893315862
Rousseau,0.260258450777,-2.25726639983
Cohen_Aloro,-0.82585751314,0.212022212981
Moore,1.0343148735,-2.40787436635
Zimbalist,1.715105409,-2.37898436612
Ambrose,0.904798530635,-1.37956436795
Ambrose,1.27341939088,-2.12357832192
Arigbabu,-1.53860978869,-1.28915472354
Cooper,0.90861392988,-1.35952055395
Covey,1.4717389182,-0.949242633809
Crampton,0.349942008911,-2.16505773442
Daldry,1.2914739539,-1.9789938909
Daldry,1.52312667731,-3.91348977287
Ebberharter,1.01505914793,-1.85070518751
Frears,0.16131442564,-2.37808990982
Friedman,0.985802569891,-1.2616271321
Friedman,1.29420606341,-1.83888841642
Funk,-0.438703465724,-4.0099939843
Glassroth,0.0424327575664,-0.75283511206
Joseph,0.250925026201,-2.39944716567
Keener,0.431825097192,-2.30804054581
Oake,-0.307788043212,-1.64755617217
Push,1.04215220441,-1.86876164919
Silas,-1.2785409155,0.592143544347
Swindal,0.721307420254,-3.16654236443
Thompson,-0.857789939693,-1.4892669052
Webster,0.446050295356,-3.02561615385
Hitchcock,1.12971893768,-1.61216953752
Alford,0.0409906313909,-2.01625602746
Allan,1.04721056451,-1.57803964881
Allee,0.780952327202,-1.50303785778
Austin,0.595759629832,-0.891622256641
Avery,0.217563853611,-1.69909773019
Backley,0.637951442293,-1.37397721087
Backley,0.367073022605,-0.822063458209
Ballmer,1.72288554114,-1.2954807261
Ballmer,2.51965041831,-1.3924407107
Ballmer,1.81604824487,-1.21348707967
Blake,1.31140670162,-2.70296677059
Blankenship,0.867041787294,-1.22998631795
Case,2.20157572635,-2.45007527487
Coogan,-0.369052413449,-0.938818830907
Coterill,1.4088551282,-2.44875295998
Cox,-0.604730031727,-0.774819624592
Cutler,0.220710119555,-1.40350309131
Fehr,1.02473746764,-2.69480139657
Karsay,1.19069330982,-1.31389773393
Kerr,0.723115573111,-2.80285112935
Largent,1.17879912249,-1.61733274914
Lavin,0.0157164014506,-2.83943971378
Lavin,0.0241671037265,-1.77751475375
Lavin,0.806857679223,-1.9565089733
Lavin,0.467168693167,-2.14866416831
Lavin,-0.346238442344,-0.250291093696
Lavin,0.019377320185,-0.915516540858
Lenard,0.0233469688197,-1.43301848026
Mariucci,0.256946823646,-1.68398340197
Mariucci,1.35002910448,-1.77034146217
Mariucci,1.34483709967,-2.26353137711
McManaman,1.37373960105,-2.49159336965
Nash,1.20854685184,-3.01144039026
Nash,1.14262150767,-2.25956497528
Nash,1.21193278901,-2.78805495831
Nash,1.66126152734,-1.5857648287
Nash,0.791591287815,-2.10636967489
Briggs,2.19609287443,-2.53785832313
Craig,1.42751643401,-1.23412732954
Curtis_Chapman,-0.129393456556,-0.230343141232
Nesbitt,0.570398209039,-1.15825494889
Feldman,0.509439441958,-1.04850638441
Hatfill,0.851889093927,-1.49208006925
Hatfill,0.310050598597,-1.87024273319
Kinlock,-0.81690595202,1.6510987267
Seagal,0.479706305805,-0.870689572202
Seagal,-0.0401821114611,-1.62978804734
Spielberg,1.5640577662,-1.86586365014
Spielberg,0.522349682219,-0.707402017815
Spielberg,0.548779680889,-1.4151206116
Spielberg,1.80732650882,-2.06769380754
Spielberg,0.564875549121,-1.80781263389
Spielberg,1.73754770337,-2.40560992067
Spielberg,0.162094892138,-0.44543526194
Tyler,0.228891631669,-0.992079185045
Van_Zandt,-0.445266912863,-0.797707623196
Pagliuca,-0.162536911329,-2.23591971563
Park,0.876422432533,-2.17635193251
Park,0.733990014489,-1.47076647138
Patterson,1.62567621239,-2.17137826803
Peace,1.26701850059,-1.06677832982
Phillips,2.26374420806,-1.63565821583
Redgrave,0.309202915255,-0.495453441582
Rush,-0.448269219239,-1.07227935105
Shiver,1.2614207222,-2.86192957486
Spurrier,1.56060583179,-1.31988657074
Spurrier,0.329570239295,-1.08569948744
Stirling,1.81878566179,-1.4331226561
Valentine,0.702925168368,-1.60303869767
Wariner,0.698029047489,-1.71895449576
Waugh,1.69632761251,-1.97808087177
Waugh,0.661052987646,-1.71570659793
Zahn,0.834549846457,-1.92026460588
Mesic,1.27349319403,-0.542670727047
Channing,0.522148952261,-2.3597651162
Channing,0.0169295288306,-1.77184393345
Channing,0.632704929854,-0.547170978031
Thurmond,1.31186954062,-3.36759402299
Thurmond,0.503875112807,-2.19066815402
Thurmond,0.664566718878,-0.871349001752
Knoll,0.655089463348,-2.20516899063
Townsend,-0.944412543402,-1.14364600375
Whitman,0.20776419056,-1.91581018643
Grafton,1.11911810423,-2.28262715645
Guevara,-0.138518580124,-1.34566990463
Johnston,0.886526326473,-0.989873529542
Slavec,0.249741037001,-2.50247605678
Wicks,1.7223177468,-0.167857815168
Wicks,0.890044593925,-1.55691811169
Chung-won,-0.0565303376158,-2.18795954594
Young-hoon,0.16787814079,-1.40045905399
Chung_Hong,0.50252418711,-0.659468453398
Qaboos,-0.594054433899,-1.10348110574
Hong_Choi,0.486356713471,-0.146183152134
Myung_Moon,-0.353894338698,-0.195422589393
Panitchpakdi,-0.187082936877,-1.18350932271
Sathirathai,-1.60020963046,-2.34441108924
Sathirathai,0.414176994337,-1.7177297846
Ayhan,0.294688719308,-1.97199527015
Bahadur_Thapa,-0.694975108822,-0.723229503706
Collins,-0.214247689954,-1.10110427837
Collins,-0.606281971995,-3.10669747487
Sarandon,0.198317816235,-0.617307557832
Sarandon,0.901559377118,-2.15049242294
Sarandon,0.886503306779,-2.53840095244
Sarandon,1.28394954542,-1.3479564735
Sarandon,-0.0905714687714,-2.0060154898
Sarandon,0.576688127993,-2.81144254527
Walvius,1.74220925269,-1.95461654751
Whelan,0.173924268702,-3.76982412779
Swaraj,-1.14113793259,-2.48945704488
Castillo,0.0834348458862,-0.525167419024
Castillo,0.024579697738,-1.50785101256
Bambang_Yudhoyono,-0.40119213755,-0.81733561037
Bambang_Yudhoyono,0.21232660943,-1.16448109261
Bambang_Yudhoyono,-0.35184322271,-1.04902182133
Bambang_Yudhoyono,0.102539909059,-1.4788485163
Fox,0.793177418445,-2.35201008949
Gaudet,0.969844147938,-3.85048805423
Gaudet,1.07584131452,-2.99323517401
Haik_Terrell,-0.0512684711551,0.318614908739
Mubarak,-0.2729266536,-1.69284356858
Somers,0.73871530054,-1.98300075025
Torrance,0.849576052423,-2.4611063457
McConnell_Serio,-0.101748723981,0.0279352270418
Aage_Jensby,-1.18091044355,1.17625578319
Robinson,0.968292750693,-2.98697496779
Goran_Eriksson,-2.41042221628,2.02088972012
Ottke,0.525872033012,-1.94887666659
Pesic,0.762637044824,-2.54278693795
Belousova,0.830243627445,-1.69316824663
Koroleva,2.4265616157,-2.26133144965
Koroleva,1.42577005319,-3.28553401986
Todorov,0.489562970932,-0.287026254535
Schmid,1.38568783127,-2.03769594208
Abdul_Rahman_Geelani,1.25146050866,-1.72587879223
Ibrahim,-1.51531628952,-0.943178479273
Stallone,-0.142245605096,-1.71118653407
Stallone,0.556626509639,-2.13893338281
Stallone,0.582506348263,-2.38729883385
Stallone,0.443830200706,-2.26679589258
Stallone,0.893868921489,-1.08171882445
Stallone,0.644224452162,-3.07151873964
Stallone,-0.308915707305,-1.27812889095
Stallone,0.737665224161,-2.88619459923
Stallone,1.14721398249,-1.54428457755
Plachy,0.139237485842,-0.806859475954
Guillem,1.29967005755,-2.68699984227
Yu_Chen,0.334733700076,-0.613220411922
Vazquez,1.73693306586,-1.65666890557
Baldwin,0.511793311414,-0.471434424229
Turner,2.30616138419,-2.79655975791
Yassin_Ramadan,-0.729933597774,-0.554225935396
Yassin_Ramadan,-1.6309573249,-0.490263419801
Yassin_Ramadan,-1.20391900424,0.17884137412
Yassin_Ramadan,-1.32614610951,-0.276628843785
Yassin_Ramadan,-0.684775420018,0.130944737146
Yassin_Ramadan,-1.91825299202,0.263702881653
Yassin_Ramadan,-1.80051629746,-0.0216971353926
Yassin_Ramadan,-0.365825112066,-0.221244350443
Yassin_Ramadan,-1.14072934932,0.311148875986
Yassin_Ramadan,-1.72701934947,-0.328615080261
Yassin_Ramadan,-1.28207461294,0.0771597233432
Yassin_Ramadan,-0.883631372277,-1.48078629099
Yassin_Ramadan,-0.780792229631,-0.267867385735
Yassin_Ramadan,-1.67221492445,-0.498995274678
Yassin_Ramadan,-1.28845186362,-0.946779777984
Balk,-0.856572002298,-1.15225023619
Mori,-0.84142345068,-2.35241663056
Mori,-2.25547601536,-1.72777281893
Sorimachi,-2.36531246813,-3.13419163812
Sorimachi,-1.60726003016,-1.74163775157
Yamamoto,-1.59164378575,-0.641090875021
Kanzaki,-0.478389628939,-1.76006504322
Fukui,-1.94826924113,-1.55126494834
Hiranuma,-1.16727466979,-1.82649053801
Kitano,-0.867819937205,-0.384280200485
Sato,-1.43616775868,-2.36108421388
Yamasaki,-0.775711828529,-2.05104806
Keenaan,0.0420762942786,-0.833674808262
Imani,0.483973115167,-2.76346194463
Bratt,-0.316150222096,-1.80275081549
Soto,0.107728816533,-1.93887859335
Brooks,-1.05721104825,-0.283350284716
Brooks,-1.21525154461,0.452005179977
Mowry,0.0911976150233,-1.03249772998
Stokes,-1.06921246771,-1.50369271144
McLendon,-1.89760675078,1.7871022198
Catchings,-1.00357853491,-0.408669530902
Helm,1.27387783685,-2.62684778357
Lynn_Michaels,-1.2471819775,1.40966278006
Lynn_Michaels,-1.77198624201,1.64977433319
Jiaxuan,-0.165201519052,-2.16787870967
Jiaxuan,0.0825692755013,-1.69114625188
Jiaxuan,-0.485771424321,-1.09599827478
Jiaxuan,0.367405059368,-2.00808002631
Jiaxuan,0.524072994829,-2.20981234609
Jiaxuan,-0.575015602709,-3.22081445856
Jiaxuan,0.679884116475,-1.17166384449
Jiaxuan,0.00299561381736,-2.22467828331
Jiaxuan,-0.264485973707,-3.31139894976
Jiaxuan,0.107323816276,-0.767455263246
Jiaxuan,-0.548060089776,-1.64050027536
Riggle,1.18421763961,-2.27639877447
Holyk,-0.558527303145,-0.271060992732
Lindenmuth,1.2242354168,-2.32796908953
Mathlouthi,0.447997604749,-1.53737748856
Dawn_Christensen,-1.21740191752,0.20970302668
Reid,0.628652009988,-2.0311239028
VanDerveer,0.16290541781,-2.89589704396
Aziz,0.859653772623,-0.100737141438
Aziz,0.633328854399,-0.249050635778
Aziz,-0.192854765163,-0.489001505897
Aziz,0.20947167018,0.348832819706
Aziz,0.421489405006,-1.0578095163
Aziz,0.469852182428,0.124244077598
Papadopoulos,0.291967247928,-1.12651399667
Papadopoulos,0.229873106196,-1.75578550997
Papadopoulos,0.448458817502,-1.5699596469
Gratcheva,-0.0515755249712,-2.30568453242
Kennedy_Schlossberg,-1.15740340388,1.21419474236
Panova,1.84250327013,-1.79228950739
Paus,-0.745373029378,-1.27406224862
Shchegoleva,0.339925400489,-0.911341599397
Gsell,1.79701624784,-1.9273414351
Fuji,-1.28072411053,-1.94728762046
Tomashova,2.18299059479,-1.84812807434
Hidayat,-1.57231862665,-3.29932940112
Hidayat,-0.961999656475,-2.57974511069
Hidayat,-1.3991368843,-2.6982958747
Kiemas,-0.619761661426,-1.07512166484
Smiley,-0.405868638303,0.678566160885
Twellman,-1.2166345192,-0.434381899015
Solomon,-0.207525824614,-1.35835969702
Prince,0.322867607747,-2.58732734199
Abdel_Rahim,-0.839033685853,0.123194199459
Boone_Pickens,-0.972094090581,0.74355072336
Christopher,0.0474465783531,-1.27572072547
Costa,0.114027057364,-1.59935638257
Kollek,0.740346785628,-1.8411660024
Maher,1.2016656362,-1.89742774377
Maher,0.430720224288,-0.98998832729
Nolan,0.329644874745,-1.47774087528
Turner,2.17895495752,-1.34328148045
Washington,-1.65054312169,1.74862813048
Williams,0.58412806174,-1.74770746637
Newman,-2.22060807098,1.35945895282
Graves,-1.05509262602,0.369692393403
Heinz_Kerry,-1.3271507048,0.963448388531
Williams,-0.69482167045,0.673321509328
Worbis,-0.259839899845,-1.81251992394
Files,0.088560600121,-1.16959519865
Garr,1.1024015089,-1.57916109667
ORourke,1.31439959026,-1.76621283358
Roed-Larsen,0.450465885978,-0.930331896233
Roed-Larsen,1.07282246575,-1.26454709798
Suggs,-1.33310962713,1.50273588378
Suggs,-2.64506958023,1.11226119407
Kiel,-1.96897795894,1.99439429805
Trammell,-1.39293437382,0.998795466495
Clark,1.2879282237,-0.934107603745
Bradshaw,1.32870253568,-2.02191908017
Gilliam,1.17461732753,-2.51884940107
Hoeppner,0.837165265209,-1.66184900648
Lynn_Barton,-1.45437157457,1.23311151721
McAuliffe,0.950530076121,-1.07255738376
McAuliffe,1.63734481838,-2.16992605733
McAuliffe,1.6329407618,-1.15968817985
Semel,0.758582405344,-1.30633948628
Stotts,0.528017955071,-3.28362956103
Stotts,0.093668282568,-1.79607775403
Masumoto,-1.41523514417,-2.3305314456
Maeda,-0.983310387907,-2.65650297482
Jowell,0.116667186109,-2.63007760586
Ritter,1.21799923648,-1.40937981956
Mbeki,-0.501868405278,0.157341585662
Mbeki,-1.55213973562,0.819126225759
Mbeki,-1.29839818809,0.958829356756
Mbeki,-1.11787012924,0.748098879685
Mbeki,-1.21857843862,1.73224205571
Matta,1.3650033706,-1.81213765809
Shinawatra,-0.40623648133,-1.8573064636
Shinawatra,-0.879357617843,-0.805918935321
Shinawatra,-1.00408759857,-0.926457673895
Shinawatra,-1.70128451542,-3.16140178164
Shinawatra,-1.46352431547,-2.17092934186
Shinawatra,-0.81569469068,-1.86077501048
Shinawatra,-1.84929395922,-0.976680386627
Tuvinan,-0.824570021995,-1.23416079261
Angelopoulos,0.980948811447,-1.51483000122
Tweed_Roosevelt,-0.508099272912,0.125407487481
Tweed_Roosevelt,-0.514575326824,-0.544348426857
Tweed_Roosevelt,-0.565707239771,0.0946146730302
Epstein,0.302668745256,-2.01539159401
Epstein,0.626510453857,-1.7689163078
Gattung,0.315974162056,-2.02305238775
May,1.27119441428,-2.89364181613
May,0.577865181311,-2.25760114639
May,1.46265730085,-1.58396287433
Falise,1.05806815756,-2.25307356617
Falise,1.16445832462,-2.09153751645
Falise,1.1088123467,-0.738752132396
Mariani,1.51384430147,-2.37566388282
Birmingham,1.41584998806,-0.789269638226
Bjorn,0.814923310495,-1.64042615272
Bjorn,0.743666414262,-0.712186954125
Cloyd,2.25686734386,-0.608353487445
Daily,1.26740041842,-2.12683711454
Day,0.705148821969,-2.13541313901
Enqvist,0.0619151203765,-1.47574466069
Fargo,2.00645685211,-2.24422811704
Fargo,2.55932935886,-2.30916894276
Fargo,2.32185346655,-3.18944106013
Fargo,1.48233383061,-2.57606982892
Ferguson,1.27443840952,-1.75899249877
Franklin,1.70836829164,-1.22491316369
Gottschalk,0.221319913447,-1.93829986268
Haeggstroem,0.475588557511,-1.26017765295
Kelly,-0.248270000094,-1.85958090467
Klestil,0.81816987721,-1.112970485
Malchow,0.976509260057,-2.16161477403
Malchow,1.02225834434,-2.20008782485
Manger,-0.00934044894527,-0.752422862434
Mesereau_Jr,-0.789321414926,0.718383768929
OBrien,1.8542115865,-2.42482868201
OBrien,2.51448868696,-1.98767861702
OBrien,1.63532825959,-1.63988192508
OBrien,0.950536437449,-1.66051368867
OBrien,1.59356124748,-2.02609139152
OBrien,0.96984534909,-2.65022387244
OBrien,1.37581920233,-1.98600429748
OBrien,1.16079703019,-1.50798003133
OBrien,1.66809278798,-1.60488653387
Rupprath,1.41106540708,-2.15792540558
Rupprath,0.171765809594,-1.88264997898
Rupprath,0.539701079039,-1.33055669485
Scavone,2.08419914941,-3.52435785218
Stewart,0.172161170232,-1.88355928787
Ulrich,1.8935409131,-1.47848145914
Watjen,0.765393958101,-1.37737542312
Weston,1.08985262862,-1.81523336845
Wilkens,2.62529580206,-2.13304643916
Wyman,0.643228977394,-1.66148117872
Wyman,0.327197508399,-0.431434801416
Splitter,0.416144416088,-1.50637171376
Mowry,-0.760336933703,0.0267445676744
Liang,-0.916152489865,-2.09705458501
Zhuang_Zhuang,1.91449208868,-2.35197530879
Limos,-0.888902756106,-0.632917008137
Woods,-1.13662448123,0.494935591469
Woods,-2.64548698556,-0.0861509214798
Woods,-1.99755158857,-2.07725537588
Woods,-0.705514773648,-1.37586392889
Woods,-0.393431168404,-0.90952122448
Woods,-1.97841239428,0.227234972936
Woods,-1.39028545753,-0.177448335692
Woods,-1.5267724029,0.206941668096
Woods,-1.83687239939,-0.23761327842
Woods,-1.04246552157,-0.267840893875
Woods,-1.79498701048,-2.55651034243
Woods,0.365775938856,-0.482425346944
Woods,-1.07650711648,-0.0198862931461
Woods,-0.520882426892,0.500862945043
Woods,-1.09566347788,0.485268436507
Woods,-1.14391833573,-0.498880094238
Woods,-1.11922948742,-0.435904440128
Woods,-1.43765801599,-0.903302279751
Woods,-1.15906450873,-0.60822277976
Woods,-2.41847056285,0.922637340698
Woods,-1.36696513718,-0.94836332994
Woods,-0.0350154884731,-0.466370379901
Woods,-0.745930327097,-0.160346833847
Allen,0.539081054898,-1.4738558044
Allen,0.135098806952,-1.27576887513
Allen,0.153188871067,-1.01642397085
Allen,0.835935722147,-2.29098093957
Blake_Nelson,-1.01787556259,0.888244390674
Silaen,-1.24942482566,-2.04522912837
Chapman,0.678017305983,-1.95322060683
Chapman,-0.0301280663555,-1.00156031057
Conway,1.49532561558,-0.960415312138
Conway,1.69264694897,-2.09509983895
Conway,0.250510854007,-1.35272690653
Curley,0.577702956073,-2.06151238187
Curry,0.808038775639,-1.24555401872
Curry,-0.164201648477,-1.54267092554
Duncan,-0.89769583397,-0.437802537843
Duncan,-0.275066264749,-1.05096080754
Duncan,-0.980651714677,-0.375015560956
Duncan,-0.431912020109,-0.635890716101
Floyd,1.94593145883,-1.4031151755
Floyd,1.51998253226,-1.44664410823
Henman,1.12899679701,-2.66590527544
Henman,1.5174467154,-2.95249669008
Henman,1.85847832619,-1.7368475647
Henman,1.87042767432,-2.45643407797
Henman,1.17265242265,-2.00133732583
Henman,0.818634653993,-2.45996878959
Henman,0.689743304327,-1.6278848557
Henman,0.530654753822,-1.93749768401
Henman,0.0961559071705,-1.45512546656
Henman,1.10928602459,-1.77219902081
Henman,-0.00220869923114,-1.46905727195
Henman,-0.601964764956,-1.03730586105
Henman,0.669166806376,-2.33796893626
Henman,0.912465901319,-1.60366116051
Henman,0.254223630496,-1.5459398591
Henman,0.989525231159,-2.0514037525
Henman,0.567533950424,-2.01454962472
Henman,0.727712860135,-2.07067466916
Henman,0.93695136719,-1.14862075567
Howard,0.457791898138,-1.369609067
Jones,1.04005875918,-0.885310221351
Lobinger,-0.172456518377,-2.11557072892
Lopes,-0.812041666978,-0.604545528805
Matheson,1.5771750922,-2.57635698258
Coughlin,0.920100160711,-2.58188888936
Goebel,1.2177594346,-3.04612657195
McVeigh,1.28328475956,-2.60587566331
Rigas,0.383177353578,-0.444466782044
Wirth,0.75425315865,-1.51498111413
Pawlenty,1.48563291799,-2.41578092767
Robbins,1.12709622081,-2.53833608717
Robbins,0.232716406399,-2.87620372174
Robbins,0.681254572673,-1.73294529806
Robbins,0.6427959242,-2.17611584843
Robbins,0.818581535012,-1.54793669886
Salmon,0.433949684346,-0.741240431596
Welsh,1.46073491874,-2.32604567075
Andrews,-0.107979418335,0.182771653378
Brown,1.2772601018,-3.29708574948
Conner,1.48394855567,-2.2537685717
Fey,0.0504909249448,-1.30722873913
Pisnik,1.35773042182,-1.59818451325
Sinatra,0.149231594136,-2.93913898994
Martinez,0.926414473525,-1.62363451883
Hedren,1.02532788239,-1.61431873834
Hedren,1.31003619835,-2.73165819835
Dibaba,-2.33739547536,1.40798824231
Ford,-2.39281572762,0.844857539452
Keith,1.27739973334,-1.52412842875
Pudwill,0.233582209929,-0.572032432317
Haynes,1.1501498967,-1.03464412949
Haynes,1.21883552508,-1.27489832197
Haynes,0.892561647623,-2.28238122551
Haynes,0.444705221635,-1.89083172191
MacCulloch,0.790722413707,-1.2911127368
Parrott,0.557865643198,-1.75392677728
Petit,1.32745140221,-2.3673681141
Reid,-0.0951367846357,-1.73857388251
Robbins,1.59073829924,-2.66611601832
Wike,1.76691024397,-2.59641481242
Amstutz,0.74768245104,-2.08278344147
Enge,0.820517452691,-3.1867825115
Malik,0.239735781338,-1.60782419536
Brady,1.16351475256,-2.48485725454
Brady,0.627579716664,-1.60695131401
Brennan,0.731663466916,-2.9603988339
Christerson,-0.706964590043,-0.800144299753
Coughlin,0.141208074135,-1.32684866491
Coverdale,0.338887790684,-1.26979199373
Coverdale,1.47671664787,-1.8527101001
Craddick,0.341326768435,-1.78002221885
Craddick,0.227418249767,-0.392498370377
Craddick,1.49906973864,-1.49832567277
Craddick,1.60789204999,-2.15056605474
Crean,0.599814374814,-2.34699235416
Crean,1.26033895216,-1.26331048619
Crean,1.15865061644,-2.78027564707
Crean,2.00703560325,-2.0574655178
Crean,1.66993654431,-2.58370317042
Cruise,0.792890701674,-1.75755714495
Cruise,-0.0804690306432,-1.43869551012
Cruise,0.500106424388,-1.81347832456
Cruise,-0.496333945295,-1.36615292401
Cruise,1.09091411446,-1.60362088452
Cruise,0.896889816909,-1.70450883198
Cruise,2.04022473656,-2.3647596285
Cruise,-0.190512676888,-0.633030693803
Cruise,0.373796911145,-0.293055887338
Cruise,1.63432480659,-1.59361484786
Curley,0.290595460587,-1.76347337774
Daschle,0.664400001095,-0.528911097291
Daschle,1.58956895925,-1.9395373058
Daschle,1.96906946723,-1.97268213999
Daschle,1.30622317121,-0.357628974427
Daschle,1.18849479519,-1.30415149452
Daschle,1.37728866676,-0.474549422668
Daschle,1.89819348624,-1.06517170765
Daschle,1.51671444584,-1.14086298311
Daschle,0.549557022864,-1.38065688195
Daschle,0.759336523542,-0.967570282026
Daschle,1.56236426858,-0.868726612313
Daschle,0.980853279554,-1.36513618002
Daschle,1.47497324165,-1.40900189536
Daschle,1.40422096094,-1.79179380264
Daschle,1.37010715097,-2.09289660934
Daschle,1.61989512256,-2.19657643138
Daschle,1.89449297202,-1.17469111373
Daschle,1.65933265667,-2.62486662579
Daschle,1.80980360253,-1.49770449942
Daschle,1.54741699386,-2.33710926144
Daschle,0.578490393252,0.388501206367
Daschle,1.22874014553,-1.11571581666
Daschle,0.781046887695,-0.0369270745263
Daschle,0.390068719349,-0.711574310975
DeLay,0.961626748985,-2.33341185255
Foy,1.17380985835,-1.76360867555
Gamboa,0.557988356497,-0.858659098092
Glavine,-0.29194618219,-2.5205400318
Glavine,-0.50777068355,-0.503742838483
Hanks,1.18833598672,-2.93146872732
Hanks,1.05634937616,-2.61398595486
Hanks,1.99210654291,-2.37434047719
Hanks,1.11659026466,-2.03562817436
Hanks,1.21609735539,-2.67322720359
Hanks,0.911014522081,-2.39298440304
Hanks,1.16607415917,-2.57866682465
Hanks,0.592146523884,-2.32125369048
Hanks,1.12375678902,-3.03870499384
Hanks,0.4807536161,-2.13959897662
Hanusik,2.21431890723,-2.39445345073
Harkin,0.284806338268,-0.905082327193
Harkin,1.00708088721,-0.89671333313
Harkin,0.600027037799,-1.4220073893
Harkin,0.510486357832,-2.82779390322
Harkin,1.61190926491,-1.83504316207
Izzo,0.758053093782,-1.71436666271
Jones,0.296804734582,-0.635421130048
Jones,0.213491790522,-1.8505758994
Kelly,1.03975559043,-1.60076021594
Koenigs,0.73751066013,-2.19508309822
Lantos,0.852764654741,-0.948566542405
McClintock,1.37667118478,-0.718647657018
Miller,1.89426252765,-2.13027476318
Moss,0.555302262022,-1.24152875965
Amaker,-0.359325141138,-0.654087666644
Franks,0.469466807747,-2.75379869013
Franks,-1.09806998363,0.271605928479
Franks,0.714835007165,-2.24618682452
Franks,0.222566701142,-2.81984677286
Franks,0.141962976485,-2.08056252909
Franks,0.943897714658,-2.03062274986
Franks,1.4869311541,-1.80425743095
Franks,1.2465634006,-2.75054004245
Franks,0.445588095773,-1.58771006321
Franks,1.49124401883,-1.30531696585
Franks,1.46502175651,-1.72502786437
Franks,1.21789401432,-1.69345338972
Franks,1.29213848479,-2.04582736671
Franks,0.636779342251,-0.715508907765
Franks,1.2535478627,-1.95012862297
Franks,1.59865778557,-2.49416940123
Haas,1.06470894165,-2.78556624537
Haas,1.47551922552,-1.91487374713
Haas,-0.0439313966481,-1.05300472656
Haas,0.798526961669,-2.38633611015
Haas,0.89117289922,-0.972049402363
Haas,0.191140572129,-1.8561473213
Lasorda,1.03767387797,-1.39433409874
Lewis,-0.832715269682,-0.521789519165
Maddox,0.421148908207,-0.519007783693
Robredo,-0.45098792366,-2.07565156135
Robredo,1.3411252161,-1.77974695023
Robredo,1.42478991076,-2.56460524615
Shane_Steiner,-0.0964558113131,0.312471157481
Thompson,0.449044630883,-1.87990937351
Thompson,1.4263562132,-2.23166358865
Thompson,1.62200592845,-2.95526045349
Thompson,1.45020692876,-2.2825112458
Thompson,0.635122320876,-2.20793754352
Thompson,1.3494273384,-2.25201224893
Thompson,1.18442379001,-2.39265551329
Thompson,1.84014615177,-2.2464143647
Thompson,1.47376839,-2.59658583533
Thompson,0.915348563665,-1.13788380336
Tubberville,0.218088365833,-2.5381819003
OBrien,1.71484070179,-2.03314222556
Hagiwara,-1.2745456715,-3.2847301265
Hagiwara,-0.962091267731,-3.57759416879
Morita,-1.832023395,-1.67268725611
Osborne,0.767739575366,-2.28221389132
Poston,0.788352725667,-2.00749103335
Reilly,1.4394017518,-1.45992317867
Reilly,1.14041539291,-1.38227110896
Reilly,1.09388247618,-1.17442721446
Ridge,0.895029728223,-1.79350765253
Ridge,0.731775621935,-3.05631453781
Ridge,0.641367830801,-0.509491234191
Ridge,0.806590006858,-1.37418922066
Ridge,1.64849112604,-2.05020734127
Ridge,0.681917052743,-0.764409185636
Ridge,0.936373718612,-1.23565189192
Ridge,1.78459724053,-1.92712244443
Ridge,1.00806350525,-2.67730675095
Ridge,0.562606828253,-2.26322554453
Ridge,1.21222690845,-1.10545585124
Ridge,0.494193846585,-1.9332772257
Ridge,1.62457378643,-2.17578792005
Ridge,1.92151775298,-2.15414400731
Ridge,1.76732816701,-1.96900279838
Ridge,1.67183153581,-2.17809173582
Ridge,1.16107592336,-2.38663627632
Ridge,0.61572629297,-2.09744318994
Ridge,0.614502791659,-0.829893727012
Ridge,1.4390490315,-1.64594599267
Ridge,0.418663471333,-2.47261453784
Ridge,0.684463151604,-0.970526016964
Ridge,1.02500548934,-2.50664100786
Ridge,0.435848721721,-1.48340350322
Ridge,0.500245406874,-2.11741969369
Ridge,0.374088968581,-2.2631230039
Ridge,0.742396668577,-1.72494184922
Ridge,1.10509349265,-2.14413584028
Ridge,-0.337891721437,-2.51078107439
Ridge,0.986195224355,-2.15644724467
Ridge,0.212593194287,-0.961885872686
Ridge,-0.0677505042786,-2.10974058495
Ridge,0.236566831376,-3.223382955
Rouen,1.36183209856,-1.20070620698
Schnackenberg,0.168031969604,-1.34038412163
Scully,0.9767757379,-1.28950932344
Sizemore,0.498578340545,-1.36008604018
Smothers,0.297244973197,-1.90249277125
Tunney,1.29590560841,-1.95440680701
Vilsack,0.864369428091,-0.869692688086
Watson,-0.592911415951,-0.861053540225
Watson,-0.142999418846,-1.76661632179
Watson,0.359666017557,-1.34320128072
Welch,1.06709458361,-1.92598009792
Welch,-1.01306023297,-1.8269261185
Braxton,-0.267045573854,-0.340562060744
Braxton,-1.15713791228,0.771221618937
Braxton,-0.444874161448,-0.725944288517
Jennings,1.52003779013,-2.41606335538
Guerra,1.34296328677,-1.89675281059
Suratman,-0.629371435708,-0.748766591848
Payne,0.433665860185,-1.41708421921
Bennett,0.236962604359,-1.43034974237
Bennett,0.84861108607,-1.36147180872
Bennett,0.50459475448,-1.41071426869
Bennett,0.489328726042,-0.992948642693
Blair,0.630274293191,0.00675919941012
Blair,0.191100654209,-1.16799730682
Blair,0.390031641093,-2.15052110312
Blair,1.73512714023,-2.94935476297
Blair,-0.0213260306314,-1.59616844056
Blair,1.71090651942,-2.05681310953
Blair,2.42943175626,-2.05363666371
Blair,0.212858046341,-1.56079938842
Blair,1.41161705075,-1.60294233329
Blair,1.20499031364,-2.0113271953
Blair,1.48044579978,-0.664195965769
Blair,1.79534029556,-2.36658433447
Blair,0.689088113982,-2.02436041747
Blair,2.08321010366,-0.793443821483
Blair,1.31127046353,-1.60982676304
Blair,1.59127611052,-1.33175768981
Blair,1.12229460917,-1.88962225912
Blair,0.328962805614,-2.08617083299
Blair,1.32981337096,-1.8436655356
Blair,1.21385433421,-1.48215959254
Blair,1.15536370511,-1.63951378197
Blair,1.65367173939,-2.53107197875
Blair,1.85420475342,-3.06396370241
Blair,1.66212427896,-2.2265524638
Blair,0.600377206385,-2.26217897592
Blair,1.88633692437,-1.8611947027
Blair,1.64432046741,-1.26312524797
Blair,1.2284188414,-1.44161856724
Blair,1.49117639187,-3.09375503446
Blair,0.840067979545,-1.48974998053
Blair,1.70129449426,-1.33927314264
Blair,1.10078785655,-0.86310168886
Blair,1.54407788383,-2.31350766169
Blair,1.0563737025,-1.3375527443
Blair,1.04425870426,-2.45420742277
Blair,1.09230161544,-1.10469845246
Blair,2.11258570813,-1.33179245303
Blair,0.189998867172,-2.16598964572
Blair,1.86513140353,-1.86192985168
Blair,0.980199835215,-2.5572061046
Blair,1.15432413582,-1.429945657
Blair,1.88529336656,-1.33159941893
Blair,1.63170042805,-3.00036102917
Blair,1.06609048788,-2.31263533368
Blair,-0.0551065139175,-1.63189660128
Blair,0.415539842024,-1.96355248124
Blair,1.56964494422,-2.34155872665
Blair,1.79338229748,-1.66851991543
Blair,2.09596526596,-1.84268190664
Blair,1.82768736568,-1.65707568047
Blair,1.43513970144,-2.23128491993
Blair,0.469813861683,-1.99617555368
Blair,1.45751695418,-1.31795409383
Blair,1.38938298153,-1.75203156816
Blair,1.40499346329,-1.87483278454
Blair,1.80911700591,-2.2846935662
Blair,1.08017251046,-1.78733692247
Blair,0.732176438778,-1.54132691546
Blair,0.928144836555,-1.49975316498
Blair,0.935021298093,-1.35526207181
Blair,2.13637634284,-1.58490716515
Blair,1.67379817099,-1.51602478807
Blair,0.989242383566,-1.59624546894
Blair,0.766972486536,-1.21970209743
Blair,1.26954959769,-1.12646427175
Blair,1.77716608579,-1.66850796521
Blair,1.34591531679,-2.0371541613
Blair,1.669386247,-2.08062127625
Blair,1.70726666582,-0.725469551227
Blair,0.878135117207,-1.59406346713
Blair,0.656450224682,-1.49283595848
Blair,0.852428761745,-0.720702189914
Blair,1.4352749378,-1.83578622238
Blair,1.23012947694,-1.8165443043
Blair,0.52587442795,-0.90493914563
Blair,2.37928268558,-2.33121460457
Blair,0.684082783541,-2.27592847629
Blair,0.490536982201,-1.14234629467
Blair,1.15604914051,-2.36382237917
Blair,1.05580983396,-0.885648877355
Blair,1.24186298566,-1.08966377951
Blair,1.41325129298,-1.90164810788
Blair,1.01124511999,-2.18735783113
Blair,1.70513307916,-2.60129122549
Blair,1.20690633666,-1.72304688549
Blair,1.85551160579,-3.24834301624
Blair,0.836287178519,-2.22931202062
Blair,0.829709090207,-2.76491979824
Blair,2.15345130669,-2.89690112931
Blair,-0.114487853121,-1.9896093357
Blair,0.18267561535,-1.29560488973
Blair,1.78904463372,-1.39129437182
Blair,0.243098805888,-1.29834639932
Blair,1.29220744608,-1.4348437525
Blair,1.04376299501,-1.52284404264
Blair,1.18730732433,-1.84396869013
Blair,1.64802762111,-3.10822648365
Blair,0.136389310205,-0.966112746589
Blair,1.37666096823,-1.27373839633
Blair,0.705178092038,-1.08901046441
Blair,1.37806841995,-1.59131599449
Blair,1.89628149216,-0.932839453323
Blair,1.08572289221,-0.54842009754
Blair,1.25765047579,-3.13380274035
Blair,1.2232967251,-2.12604504333
Blair,2.55130568769,-2.17732770487
Blair,1.03719900861,-1.26014006429
Blair,0.243452107544,-2.2434294804
Blair,1.45479127041,-0.672509793201
Blair,0.481415583928,-2.38118455687
Blair,0.904098774724,-1.95684861637
Blair,1.51505037819,-2.33794618492
Blair,1.65553300819,-1.82399930089
Blair,1.45162670292,-2.67170865278
Blair,0.977315720456,-1.11252615335
Blair,1.66688476012,-2.03120006137
Blair,1.06936141953,-2.01257495742
Blair,1.5748106544,-2.01411749171
Blair,0.537762169044,-2.82411624026
Blair,0.905790308092,-1.40524416071
Blair,1.31529861206,-0.687920383716
Blair,0.682512589872,-1.37659374245
Blair,1.14461613316,-0.190476318061
Blair,1.51555309089,-2.24023267745
Blair,0.849943505043,-0.463335304714
Blair,0.637562762397,0.126233907025
Blair,1.1256729061,-2.10694117076
Blair,1.07620793177,-3.08316997248
Blair,0.391912214589,-1.02322225332
Blair,1.33446745817,-1.40246461337
Blair,0.922285405875,-1.7215257452
Blair,0.82452635751,-1.35039606677
Blair,0.96050791489,-1.42986865833
Blair,-0.204963796124,-0.388985002464
Blair,0.908069800773,-0.612499350972
Blair,2.02372788071,-1.92574530776
Blair,0.965018409068,-1.57846445548
Blair,0.733720102496,-1.79249869488
Blair,1.99298823641,-2.4176186678
Blair,1.27800976058,-2.50073536528
Blair,1.51911448574,-1.88720680259
Blair,-0.0756726700121,-1.3698798626
Blair,1.2331655528,-1.9903723707
Blair,1.2291763239,-1.71584065796
Clement,-1.36955177817,-2.83894979526
Cummo,1.05744454076,-1.47708712862
Curtis,0.622657309683,-1.67021444615
Curtis,1.00348661285,-3.20018953287
Elias,1.54864375374,-2.26613865819
Fernandes,-1.19935264554,-1.14296064225
LaRussa,0.420705774806,-1.48802837127
Parker,-0.56619800755,-0.42435411727
Parker,-0.394458351573,-1.24273034044
Shalhoub,1.01297602192,-1.94669850494
Shalhoub,0.594564829256,-1.52626432502
Shalhoub,0.186668974425,-1.77652966698
Shalhoub,1.11346134942,-1.37241842639
Stewart,0.649202962021,-1.91085629537
Stewart,1.16240397565,-2.26142580089
Stewart,-0.418839810797,-1.87422011595
Stewart,0.476142607243,-0.640210136516
Stewart,0.631763660598,-2.17889399909
Stewart,1.1511817262,-2.30713250322
Takagi,-0.520630451923,-1.80449795533
Amos,1.65804907945,-2.55176278302
Edwards,-1.91261828756,1.64291206916
Edwards,-1.46113177416,1.10235503318
Fukui,-0.968288611541,-1.63827355596
Fukui,-1.0810341826,-1.26541222168
Fukui,-0.891657340322,-0.688803938382
Izawa,-0.677426287667,-0.473932644582
Motegi,-1.44264329943,-1.94822815951
Kefu,-1.35695917832,-1.30125154139
Ellis_Ross,-1.55088472405,-0.861447432775
Ellis_Ross,-1.40901274675,-1.27202570207
Treadwell,2.60592428289,-3.08374748811
McGrady,-1.65518093738,1.59182537091
McGrady,0.383250271313,-1.44200611654
Wyle,1.04182559671,-1.37930921282
Rudolph,0.0839588326566,-1.71026740983
Lott,1.40429686475,-0.930218102034
Lott,0.67981943855,-0.26351608519
Lott,1.07635735402,-0.52422539443
Lott,0.72942161176,-0.524202817644
Lott,0.903819311997,-0.430845005218
Lott,0.691546878683,-1.56254161434
Lott,1.32241486218,-2.1699144394
Lott,2.11811031204,-1.0626907463
Lott,0.935503166559,-1.41925797074
Lott,1.33981520178,-1.37878136775
Lott,0.740118483544,-1.15245918464
Lott,0.215149587022,-0.724624613552
Lott,0.499605255701,-1.94130825182
Lott,1.40578689806,-1.1193900819
Lott,1.09040810243,-2.66113326533
Lott,-0.067836297777,-0.981381274424
McDonald,-1.53365148923,0.444699862694
Watson,-0.182392224378,-0.550205414739
Meili,1.1653782708,-1.49861039323
Gretzky,1.27201508663,-1.40135408947
Rehn,1.3873174349,-1.21309728189
Aikman,-0.266315797513,-1.10250977846
Garity,0.143235726509,-2.46553904616
Hudson,-0.897688946189,0.230202305325
Jenkins,0.0906136228787,-1.34637114635
Polamalu,-0.277749351245,-0.00448896392452
Lacey,-1.06964199177,-2.33969881609
Takebe,-0.451332610798,-2.2352908362
Takebe,-0.50031399962,-1.26810931697
Smith,-0.230309153073,-0.561145156924
Smith,-0.795094295799,-0.777401072928
Smith,-0.90969044727,-0.958209333507
Sanli,0.130006235583,0.0817993998953
Chee-hwa,-0.459924528157,-2.1074432887
Chee-hwa,0.144249001013,-0.737867502078
Chee-hwa,0.301202468574,-1.43011453744
Chee-hwa,-0.320995974942,-1.96246868524
Chee-hwa,0.231503754853,-1.50421741508
Chee-hwa,-0.43663567293,-1.1311508551
Chee-hwa,-0.455173392167,-1.17479770177
Chee-hwa,-0.734306090207,-1.35112811338
Gill,-1.39428800142,0.717706149873
Stevenson,0.354963478695,-3.01949648993
Grillo,0.271703184773,-1.61632842392
Hamilton,0.360286478888,-0.923327790511
Hamilton,-0.666466726475,-0.108629506331
Banks,-0.600605171541,0.118366594533
Banks,-0.109305864511,0.578524503226
Medley,0.421832216582,-2.2235066529
Garner,-0.92389256922,-0.986146064904
Garner,-1.614372596,-0.246883969225
Votaw,0.533492585773,-2.16733416061
Obziler,0.635513034857,-2.60505193254
Hussein,-0.356241688129,-0.837362397891
Kueperkoch,0.974010600094,-1.93738268702
Thurman,0.951091251069,-2.04593842988
Thurman,2.1517373409,-2.85793964776
Thurman,1.82464763324,-2.21162874695
Lopolianski,0.582602266107,-1.09361989732
Matondkar,-0.279247780101,-2.19775268564
Pimchaichon,-0.124160719413,-1.10372666974
Even,0.871536080271,-1.08532103698
Landau,1.07002259593,-2.64626550193
Havel,0.561652887474,-1.23723354546
Havel,0.470935838125,-1.90500378307
Havel,0.936550163868,-2.49127424693
Havel,1.36886299989,-1.86636423188
Havel,0.82342553334,-0.856124456367
Havel,1.07271719518,-1.19028589081
Havel,1.59957361083,-2.63180695104
Havel,1.26034146068,-2.79997029079
Havel,1.56648130267,-1.18263081992
Klaus,1.35678710355,-1.28396996285
Klaus,2.13843270052,-1.77537762882
Devyatovskiy,1.53852569523,-3.01929440595
Strogalev,0.77009128427,-2.36888362138
Alekperov,0.564527567691,-2.46466117556
Ackerman,1.02530594646,-2.24634363186
Adamkus,1.18713003734,-0.584078521619
Adamkus,0.906528496319,-2.16284032168
Cervi,1.67657336396,-2.64151118594
Tereshkova,2.97000175318,-3.2470024133
Rossi,0.0547107155235,-1.83621313175
Rossi,-0.852095035,-1.54636845445
Rossi,-0.742027795234,-0.825843237549
Rossi,0.0584657309679,-1.66659091152
Rossi,-0.24923361466,-0.721549950742
Rossi,-0.226039905473,-1.99612230168
Bure,0.806017652969,-2.14815189371
Harper,0.51276672952,-1.18216823405
Harper,0.360340404268,-1.36518290079
Thwaites,1.43817338271,-1.73160957107
Giscard_dEstaing,-1.01112669611,0.630672697855
Giscard_dEstaing,-1.60871584526,0.472974825715
Giscard_dEstaing,-0.150969283331,-0.0491342899334
Giscard_dEstaing,-0.567475570839,0.374357028617
Giscard_dEstaing,-0.440055422984,-0.0575930003736
Giscard_dEstaing,-0.504328420459,-0.191999525001
Brabazon,0.0842530375652,-1.29740948558
Incontrada,1.89220412178,-0.147493109291
Incontrada,0.546106874247,0.519116841492
Incontrada,1.81921960953,-0.910834785194
Incontrada,0.616127164721,-1.94542074621
Laine,0.330561899068,-3.04418920392
Redgrave,1.06060648383,-2.73444160399
Redgrave,1.46259731564,-1.48887667739
Redgrave,1.08323266313,-1.83069970842
Redgrave,1.73906811086,-1.97421130102
Redgrave,1.49080957731,-2.4935401306
Williams,0.227899256107,-0.978256141617
Williams,0.405246707103,-1.20043874465
Williams,1.05134535074,-2.25695217287
Hilley,0.866286430248,-1.05362676836
Xiros,0.364526478252,-2.22968406736
Williams,-1.6277229961,0.766201185158
Williams,-2.52186706784,1.0871464089
Williams,-0.738481956002,0.658807388807
Williams,-1.39537600402,0.466431496359
Williams,-1.93147720567,1.12485042808
Williams,-1.60502035023,0.918694392514
Williams,-1.81536790403,0.0611722160895
Williams,-1.69954222842,0.98057730094
Williams,-1.90421124074,0.533118950301
Williams,-0.592996097614,-0.418936130296
Williams,-0.503273433425,0.210884310377
Williams,-1.37914020774,0.676567633999
Williams,-1.98001834334,0.959747896967
Williams,-1.3361182669,1.06665318963
Williams,-1.63071560013,0.309048156357
Williams,-1.38853450942,0.861114209354
Williams,-0.741628269104,1.65177464353
Forrest,-0.749106762143,0.939649091996
Lake,1.38339137882,-1.77587286719
Vike-Freiberga,1.50407729196,-2.46791629555
Fernandez,-0.008270367829,-0.739151452289
Fernandez,0.374763659565,-1.5341719516
Fernandez,-0.298331126073,-1.22067285427
Fernandez,0.363437631113,-1.62629873429
Fernandez,0.717512391083,-1.14664412172
Fox_de_la,1.0,1.29503482258
Fox,0.461885453797,-1.51579702728
Fox,0.694979242763,-2.46825401538
Fox,1.33079163392,-1.99771612836
Fox,1.45315830167,-1.73141408085
Fox,0.435214214599,-2.07558632341
Fox,0.728863028147,-1.26314478757
Fox,0.684765682313,-2.41504330606
Fox,1.17046342486,-1.85789834235
Fox,0.5319899992,-2.67337005919
Fox,0.63569667707,-1.63607306961
Fox,0.218942529573,-3.43908936396
Fox,0.632205300695,-2.93145962514
Fox,1.33066432025,-1.1234608668
Fox,0.432635030535,-2.1896261206
Fox,0.496297753859,-1.83136157047
Fox,0.921304336415,-1.7334596042
Fox,0.28260548308,-1.20653180855
Fox,0.342776164214,-1.52569413556
Fox,0.486182192121,-2.55880279768
Fox,0.662194857531,-2.10501046992
Fox,0.0966020363669,-0.602511360685
Fox,0.178468096066,-1.1237774765
Fox,0.852941438273,-2.46406414197
Fox,0.734334226649,-2.06970735539
Fox,0.971358768843,-2.13306373238
Fox,0.98866976653,-2.38976656221
Fox,0.780919958516,-1.4837279065
Fox,0.540480038994,-1.33241554524
Fox,0.946057879114,-1.929481128
Fox,0.37461484124,-1.13902925408
Fox,-0.0124043362909,-1.68051641373
Zhao_Wei,1.19993399412,-1.20483879585
Zhao_Wei,0.28787868134,-1.68806309279
Garber,1.16176926373,-2.45613277862
Hanescu,-0.642216222551,-1.42739368881
Beckham,0.821477920755,-0.495973486963
Beckham,2.03219915673,-2.89765467291
Beckham,0.721350377775,-3.62455951736
Clarke,0.139752414693,-0.578027597547
Clarke,1.26957716646,-1.99044112303
Clarke,0.933874135444,-1.99957049774
Clarke,1.53840459333,-2.39960591291
Clarke,0.878803921703,-1.80144694402
Kraatz,-0.0268770487357,-1.86928730924
Helgesen,1.77191310264,-2.5451759303
Helgesen,1.59461917664,-2.4227025374
Nambiar,-0.209277325993,-1.51391765649
Yushchenko,1.31420253675,-3.02298512173
Carter,-1.67775920964,0.186494418634
Carter,-0.943163888904,0.106850719143
Carter,-1.06208037418,-0.0862185158523
Carter,-0.729818497286,-0.179548010117
Dooley,1.56814441413,-1.81018416372
Gill,1.686227349,-1.98151185156
Gill,0.866264467424,-1.57362836063
Brooks,-0.406882714118,-0.278836442388
Brooks,-1.20282796315,-0.529058031798
Brooks,-0.220618587136,-0.835524453316
Brooks,-0.00802681829809,-0.264918076963
Brooks,-0.185612241848,-1.16812960032
Brooks,-0.243413970876,-0.334396686789
Brooks,-1.23727715915,0.858033187696
Cianci_Jr,-1.34923375383,0.343758955067
Gallo,0.503767628502,-2.02816834472
Gallo,0.338071586148,-1.65559839675
Gallo,0.556839864011,-2.56972827566
Sombrotto,1.43585340422,-1.45011674218
Spadea,1.20929485399,-1.75821897825
Vaughan,1.03950964207,-1.69131349109
Diesel,0.468827171319,-1.65171758038
Diesel,0.942672917287,-0.952744286388
Jones,0.859495276059,-1.54866630738
Davis,-2.14384333489,1.37144070504
Ruano_Pascal,-1.39882424476,1.27906676254
Klitschko,2.64564128326,-2.63848256541
Klitschko,1.22820106488,-1.53201480059
Klitschko,1.31911997372,-1.31046980619
Klitschko,1.80223187383,-2.41088228716
Fox,-1.03061087407,0.857642204236
Fox,-1.29164096787,0.517880283818
Golovlyov,1.84015924152,-2.53932146519
Meciar,1.21633895705,-2.1504720471
Montesinos,-0.786810055346,-1.74087737252
Montesinos,1.20193517568,-1.12366845052
Montesinos,0.96766639412,-1.83699769372
Putin,0.848852766298,-1.86892811946
Putin,0.920899176838,-0.884854497609
Putin,0.850553278871,-1.46007496314
Putin,1.28866889109,-0.715538777699
Putin,1.57712192237,-2.24628088038
Putin,0.959939470382,-1.70267735147
Putin,0.616210982274,-2.29154171834
Putin,0.385228702258,-1.53612054223
Putin,1.67014297579,-2.05122956741
Putin,-0.0352711501652,-2.00354962999
Putin,0.648039871606,-1.21047121297
Putin,0.858441167259,-3.29015610575
Putin,1.07417759145,-2.53777131897
Putin,0.660895727715,-1.92281672148
Putin,0.453226961972,-1.25941181425
Putin,0.885591321706,-1.46856850072
Putin,1.15588921839,-0.675828662148
Putin,0.750418809034,-0.00998412608421
Putin,0.939194213588,-1.08127387092
Putin,0.645148625476,-1.70016207371
Putin,0.285344275467,-1.29085118592
Putin,0.774456166473,-1.00084816371
Putin,0.735579568717,-1.42824067845
Putin,0.423219419536,-1.31592593177
Putin,0.464050038151,-0.661917056262
Putin,-0.727892385488,0.354245767071
Putin,0.0715653593062,-2.06230701195
Putin,0.967339918204,-2.28455197491
Putin,1.54508677422,-1.59072954432
Putin,0.53188355137,-1.1139472249
Putin,-0.527255161971,-1.90655635686
Putin,0.575012929213,-2.75670229692
Putin,0.870927087918,-0.721219436482
Putin,1.13614462047,-1.84072663829
Putin,1.32805028121,-2.68904686446
Putin,1.10147642488,-1.80740310503
Putin,0.470933232219,-0.626228500261
Putin,0.776066910244,-1.8435241501
Putin,0.863734459426,-1.64056522797
Putin,0.693853778842,-0.728223026996
Putin,2.00613798622,-1.57748626009
Putin,0.556695652702,-1.23233181614
Putin,0.463477567957,-1.39558565057
Putin,-0.0733749389539,-0.946002296485
Putin,1.34557353391,-1.94069095806
Putin,0.534706008434,-1.94203673458
Putin,2.13634715962,-1.53059053151
Putin,2.01868388675,-2.13919808898
Spidla,0.988978574387,-1.37623544209
Spidla,1.228818973,-1.81125250305
Spidla,0.875289562737,-1.2796076657
Ustinov,1.67655628589,-1.8826362608
Voltchkov,0.928672868903,-2.57012572057
Voltchkov,0.280813008662,-1.08475539033
Kostunica,0.0231951292455,-1.8169648368
Kostunica,1.74187749411,-1.08661393144
Kostunica,1.36072471515,-2.40193157921
Kostunica,-0.083136544632,0.113745769991
Kostunica,0.8073944049,-1.19117441212
Kostunica,0.534129128343,-1.44977300087
Kostunica,-0.0140093199468,-0.18339908572
Seselj,1.44961710755,-2.17244051175
Fetisov,0.976793736805,-1.54445378268
Danelius,0.888910817051,-1.83916431335
Al-Awadi,0.947650353697,-2.3677672424
Capel,-0.197830578616,-2.2237980794
Szczerbiak,-0.279552888889,-1.5203252581
Annenberg,1.02228824382,-1.15767649281
Mondale,1.87936153943,-2.05283061143
Mondale,0.0761474160372,-1.02283582794
Mondale,0.732975257711,-2.43436323635
Mondale,0.0219880535777,-2.30914279321
Mondale,0.326048849402,-2.39493222618
Mondale,0.517571930406,-1.18343811676
Mondale,0.930652367101,-1.93424700842
Mondale,1.77725289499,-2.07537966129
Mondale,1.42385642904,-2.6489687726
Mondale,0.276485255475,-2.24029046592
Woods,1.38299168407,-2.26596676204
Harris,1.28751247551,-2.09336757434
de_la_Jesus,-1.39793238918,-0.885968041525
Ilene_Barzee,-1.36539992705,0.690310727313
Fei,-1.14590665323,-2.0673559526
Hailan,-1.17170021019,-1.20683966601
Nan,-1.71543617076,-1.98772910219
Yingfan,-0.823399682365,-0.890427596668
Yingfan,-0.754371044096,-2.71673004526
Yingfan,-0.520605431848,-1.32445819076
Yi,-1.00361457456,-2.25058866248
Yi,-1.43735908798,-2.16567280864
Yanhai,-0.640637527515,-2.67351231786
Cuff,1.32602531941,-1.36490840324
Beatty,1.05609469247,-1.8844935037
Beatty,2.08965342014,-1.81738393367
Buffett,1.17948397443,-1.64458926534
Buffett,0.866795805964,-0.448767276848
Buffett,0.947929653865,-0.449766641443
Granados,0.109289307479,-0.618637720379
Truss,1.00067122227,-2.14282927378
Allard,1.11530456141,-0.757422111612
Brady,-1.31434642293,-1.23982454379
Ferreira,-0.0732975092386,-0.647901088991
Ferreira,0.118968413498,-1.75056087123
Ferreira,0.163466411918,-0.872528126018
Ferreira,0.263352280652,-1.93400933763
Ferreira,0.298809896911,-1.37394645506
Gretzky,1.94740505498,-2.55233711582
Gretzky,1.46839711353,-1.31910927251
Gretzky,1.4253660074,-2.69652364455
Gretzky,0.411967838192,-1.60110914316
Newton,0.380648000865,-2.73655129414
Wu,-1.11133728444,-1.92773582323
Bryant,-1.77609457555,1.14507362269
Kennedy,-0.419731579124,-1.22492028725
Selig,1.10031830043,-2.56736309574
Ho_Lee,-0.574499828453,-0.237121594798
Jiabao,0.0657450506048,-3.00969341352
Jiabao,-0.355751575335,-3.00536579931
Jiabao,-0.650985817279,-1.97579332877
Jiabao,-0.227309520923,-2.09534391473
Jiabao,-0.17021502313,-2.29632593118
Jiabao,-0.794793260713,-0.584604312699
Jiabao,-0.588209799759,-2.20505129919
Jiabao,-0.406958022498,-1.72350308383
Jiabao,0.0378389075693,-2.46629395483
Jiabao,-1.45446349753,-2.77102669019
Jiabao,-0.580020367644,-1.77001670204
Jiabao,-0.500565533427,-2.68141527379
Jiabao,-1.07250559375,-2.25995947042
Schlager,0.896059480287,-1.81786734053
Craven,1.32465393352,-1.31759775475
Clark,0.774549909902,-2.04820983435
Clark,0.66768967452,-2.31277054604
Elki_Meza_Majino,0.162189022698,-1.2502355908
Foy,-0.0475593232267,-3.31778131133
Moreno,-0.313511193619,-1.10241293035
Ferrell,1.24640891732,-0.688206871924
Bratton,1.13731020633,-2.36032859958
Bratton,2.05742303503,-2.49827934507
Bratton,0.565920198058,-1.63055847302
Bulger,1.48483618958,-1.98902120638
Bulger,1.14625722137,-2.52472477391
Bulger,0.971895193501,-1.864479535
Bulger,0.642352407603,-1.63575642006
Burns,-0.243393510497,-1.27832601082
Burns,0.799455764686,-1.43675148179
Cocksedge,1.10719917184,-1.70306841044
Delahunt,2.35318881085,-2.31146590045
Donaldson,0.174838838939,-0.90998322784
Donaldson,1.03517555897,-1.65563919336
Donaldson,0.619001213432,-0.599720108414
Donaldson,-0.119651607359,-1.45575829861
Donaldson,0.889332833716,-0.551677613953
Donaldson,0.695057321087,-1.27310481061
Donaldson,1.12766986891,-2.01413680582
Ford_Jr,-1.27907996734,1.30153721933
Ford_Jr,-0.694516896215,0.304395207883
Ford_Jr,-0.957064770472,0.651541682988
Ford_Jr,-1.86089591359,1.6098852294
Ford_Jr,-1.61274360198,1.09506052653
Ford_Jr,-1.21015478566,0.2434391759
Ford_Jr,-2.27005261136,1.51252136749
Genego,0.65717408057,-0.769998076273
Harrison,-0.98759810955,0.0135291319011
Hochul,1.25317433924,-2.74869279927
Hochul,0.684825233609,-1.76240952669
Hurt,1.23599167359,-1.8491526021
Hyde,0.490882915304,-2.88431513854
Jackson,0.989764681882,-0.581269411887
Joppy,-1.09397299227,-1.52105598343
Macy,1.98220185615,-2.04937574343
Macy,-0.188234668627,-2.72899916109
Macy,1.10030328418,-2.64181365322
Macy,1.64951451792,-1.52456047166
Macy,0.890895955206,-1.30102008795
Martin,1.16125325578,-2.17121126101
Martin,0.816408128846,-1.17443523749
McDonough,1.5969182067,-2.09466435822
Morrow,2.05660191526,-2.46679811861
Murabito,0.257762977065,-2.30343750834
Nessen,0.0677246385297,-0.82773336815
Overlin,0.99386707137,-2.69223389735
Perry,0.785830414825,-2.76079337916
Pryor_Jr,-0.904510360011,0.151891426149
Ragland,-0.9812523912,-0.118633580435
Rehnquist,0.805303061339,-3.00392316111
Rehnquist,0.225305774027,-1.7183968084
Rosenberg,1.68912692973,-3.09238235174
Shatner,0.863674106636,-2.35866830109
Swor,0.970758284012,-0.720827798328
Umbach,1.49327993856,-2.64384423534
Webster,0.727121861532,-1.96060335508
Nelson,1.91693174781,-1.76974496445
Wilson,-1.66461430155,0.666522247617
Roberts,-0.766615339536,-0.336103589911
Ofenheusle,0.508968024315,-1.80020018378
Self,0.785409884789,-2.08268489221
Smith,-0.666451662526,-0.491017399052
Young,-0.279189731471,-1.18169441842
McNabb,-1.06105530041,0.525417650367
Alvarez,-0.775620782347,-0.347668661478
Gregory,-1.40002861071,-0.419746955051
Duisenberg,2.49521983677,-1.08519370416
Aung,-1.60743784593,-1.98103898224
Aung,0.0121303646153,-1.00963960461
Aung,0.360035819165,-1.27929933207
Aung,0.0150746759358,-1.54087708921
Ryder,-0.114977730704,-1.8012939352
Ryder,1.0359108282,-2.98227067488
Ryder,0.819686133614,-1.33639213143
Ryder,-0.0616566674816,-2.83439312095
Ryder,1.3568740934,-2.09122230935
Ryder,0.529283762517,-2.3782435855
Ryder,1.63224970024,-2.5671442119
Ryder,1.13542439548,-2.69782217142
Ryder,1.31093421307,-2.90610287093
Ryder,0.35538365794,-2.03398585685
Ryder,1.67013434335,-3.12309742721
Ryder,0.890337455531,-2.60014051843
Ryder,1.58465471701,-2.33960501667
Ryder,1.28376196241,-2.5209604171
Ryder,1.24569214272,-2.01633962096
Ryder,1.11312151518,-1.80924374861
Ryder,0.825231694056,-1.67024262549
Ryder,1.88641653209,-2.44910689315
Ryder,1.45324590099,-1.95801353387
Ryder,0.879039918782,-2.11138058295
Ryder,0.685228468466,-2.05895806601
Ryder,1.08014180754,-1.23205359192
Ryder,1.50458756952,-1.20106982313
Ryder,1.78032209157,-2.22880041874
Churchill,0.63792377983,-2.06658107973
Becker,0.844734293496,-1.92729337585
Clement,1.1440635562,-1.70803819817
Schneiderhan,0.697386835998,-2.36779563156
Schuessel,0.802347847256,-2.40718753505
Schuessel,1.11601147303,-1.99095473264
Schuessel,0.482370290581,-1.83472122452
Schuessel,1.07083777478,-0.773628349788
Schwarz,0.589698351784,-1.31759555904
Stanley,-1.94975625626,0.487394256181
Allen,0.227380351748,-0.935502772931
Allen,0.291486350087,-0.563695143377
Allen,0.377464259549,-1.32806524984
Allen,-0.16849744131,-0.991680420407
Allen,0.394370372649,-0.345714260795
Peng,-0.54787179233,-1.33184572161
Yi,-0.248104347185,-2.25370167651
Yi,-0.10588607891,-1.08836028387
Yi,0.342036941384,-2.16908197895
Grousbeck,1.15658998938,-1.61835663101
Gusmao,-0.483435106697,-1.35803263188
Gusmao,-0.295760358122,-1.379293476
Gusmao,-0.829426300386,-0.822981795328
Gusmao,-0.683601461652,-1.9356264409
Gusmao,1.12011196305,-1.55160838524
Malisse,1.30536423332,-2.08170429156
Malisse,1.37987268769,-1.53600177462
Malisse,-0.167495092299,-0.541561118486
Malisse,0.957388491424,-1.28873579105
Malisse,1.53838419547,-1.63907344627
Huaicheng,-1.32392365103,-2.58086122646
Liu,-1.94726130358,-2.71269349809
Xu,-1.48340430115,-2.17499000097
Bohorquez,-0.442649351278,-2.72008020067
Kamisar,-0.55250534553,-0.785018364759
Klochkova,0.702298683694,-2.34296736332
Hee_Kim,1.35365012762,-1.64492353169
Jianli,-1.29831101416,-2.40396444386
Pao-yu,-0.90468922016,-2.73139642422
Martel,0.906436354496,-2.08249769654
Martel,0.663748106144,-0.649524049993
Papantoniou,0.676900606482,-1.10238490521
Ming,-0.690765281467,-1.39568332155
Ming,-1.31895038137,-1.47799509469
Ming,-0.571323926832,-2.99615202011
Ming,-0.341234951918,-2.06252763528
Ming,-1.16062632285,-3.38325046072
Ming,-0.795338724536,-2.41098564146
Ming,-1.45637117928,-2.45515623772
Ming,-0.821683530185,-2.597143677
Yakis,0.796052355538,-1.49414359769
Yakis,0.634140980382,-0.437505559477
Yakis,1.14469288519,-0.891416761665
Yakis,1.31443843763,-1.2075825843
Taher,-1.2763920738,-1.96982382957
Sinha,0.148424397088,-0.259446936045
Sinha,0.251090523947,-0.743068633262
Sinha,-0.623370288901,-1.96338892989
Sinha,-0.265641151615,-0.220112210671
Sinha,-0.745817201578,-1.74895726371
Sinha,-0.200118408784,-0.635760663716
Sinha,-0.38333471353,-1.56061980922
Arafat,0.570406096042,-2.51368854013
Arafat,0.750964560504,-2.12102077101
Arafat,0.662817630541,-2.22399953348
Arafat,-0.383603625077,-1.23944251179
Arafat,-0.255084602585,-1.06977385416
Arafat,-0.862716224571,-0.774654977453
Arafat,-0.104799453717,-1.6556640868
Arafat,0.0419373598533,-1.52629422696
Akashi,0.236942263401,-2.34938028439
Guseva,1.23497496923,-1.50719745014
Kafelnikov,0.941990374454,-1.68817812403
Kafelnikov,0.415021349275,-1.76160654164
Kafelnikov,0.710804477745,-1.8361857918
Kafelnikov,1.5459449995,-2.14228391518
Wang,-1.55471861685,0.0118004207697
Zhang,-1.48492094361,-1.05105652527
Quesada,-1.31488021368,0.377383742085
Berra,0.27573790515,-1.79892662547
Ono,-0.779153824696,-1.85428133194
Ono,-0.569960378689,-1.71815263656
Ono,0.140296274301,-2.08393588282
Ono,-0.496363170625,-2.15377465857
Ono,0.0149454281027,-2.06631917216
Ono,-0.611732657784,-1.96789343817
King,-1.39790852863,-1.04652011395
Jay-Kun,-0.701879929771,-2.60938040046
Jeong_Cho,0.633713880986,-0.66545201435
Jin-Sik,-0.336549918153,-2.10323903985
Won-Sik,-0.848612163777,-2.25478204441
Young-kwan,-1.07956795697,-3.04435463154
Kawaguchi,-0.65243080043,-2.92020786463
Kawaguchi,-1.01343922483,-2.51581278534
Kawaguchi,-0.985353204697,-3.19307075444
Kawaguchi,-0.549312881998,-2.95273463884
Kawaguchi,-0.841532521468,-2.36284131134
Kawaguchi,-0.952781802623,-1.83718708827
Kawaguchi,-1.05594268318,-1.19662719818
Kawaguchi,-0.333139917045,-1.50208973088
Kawaguchi,-0.554417897152,-2.67245643221
Kawaguchi,-1.18033962209,-2.25390539407
Kawaguchi,-0.622644593296,-2.52670039513
Kawaguchi,-1.21214055514,-3.32306375346
Kawaguchi,-0.974081495888,-1.96563517258
Kawaguchi,-0.660184552826,-1.45196987133
Boy_Campas,-1.80119472968,-0.0849821086444
Kamei,-0.367143729244,-2.33863500227
Beilin,-0.0529488924045,-1.34426917985
Beilin,0.382112536523,-2.21421615633
Kim,-0.432951911962,-1.02631608587
Okudo,-1.40335474667,-2.04790850122
Okudo,-0.945274306917,-1.81238411431
Hatoyama,-2.14154594945,-1.99535524329
Fedotov,1.2451415869,-2.52514026095
Fedotov,0.86258184159,-1.64778264669
Luzhkov,0.729090280108,-1.39860231116
Malenchenko,1.81230408067,-1.87632982391
Malenchenko,1.30674614147,-2.18934412076
Miyazato,-1.86527027544,-1.43477782799
Shyi-kun,-0.726876407056,-2.62114118715
Shyi-kun,-0.728738631566,-2.71934913755
Shyi-kun,-1.04662819972,-1.75458469637
Shyi-kun,-0.046382204163,-2.22255481997
Misbac,-0.782099058666,-0.567969469396
Brodeur,0.146554349489,-2.4730008675
Parise,1.74149601617,-1.44806183678
Pillar,0.54577068474,-1.65638558256
Safrin,0.293283960155,-1.26767112141
Khan_Jamali,-1.18075330522,-0.420983337536
Khan_Jamali,-1.13602880874,0.40414858033
Shah,0.0206347338822,-1.14626092472
Abdullah,-1.18247018287,-3.13487895708
Hakki,-0.281153156048,-1.89361051264
Khalilzad,0.0372796785495,-2.57991091465
Akhmadova,-1.06478503154,-0.538255985887
Toledo,-0.0165809777306,-0.758667779415
Toledo,-1.75984135179,-1.36946726105
Zarif,0.456135218819,-0.653977987837
Mucic,0.92824827378,-2.77996967003
Rebraca,1.72430858774,-2.53554956795
Novelo,0.645976252554,-2.17622497529
Qinghong,-0.795634436974,-1.78459626247
Wenkang,-1.32437957071,-1.98706766432
Wenkang,-0.40969867972,-2.02022137975
Yimou,-0.921390425197,-1.82167024568
Ziyi,-1.34140636146,-1.67246888297
Ziyi,-1.08718894014,-3.86979348684
Ziyi,-0.920175480977,-2.9129872725
Ziyi,-0.937066378265,-3.9532729688
Nanshan,-0.582852881196,-2.02742641915
Rongji,-0.7562418796,-0.791149268884
Rongji,-1.36598864292,-1.41792545265
Rongji,-1.25999860733,-2.23096198985
Rongji,-1.58951356445,-1.95311963747
Rongji,-1.733073078,-1.43322400781
Rongji,-1.83359967652,-1.12803641119
Rongji,-1.03970512751,-1.24623979316
Rongji,-1.34988916449,-0.844257116718
Rongji,-1.70819430147,-2.37091905756
Rongji,-2.61393063159,-1.75594832334
Rongji,-2.48944794693,-2.05156918021
Rongji,-2.8795188283,-1.3902236366
Zidane,2.21274319028,-2.70410075562
Zidane,0.174460351388,-1.43017258041
Zidane,1.39759542596,-1.49254290792
Zidane,1.38066371005,-1.81172249111
Zidane,0.439746798607,-1.36491523094
Zidane,0.268202495801,-0.631991116043
Xu,-0.391340368131,-1.5664848795
Ball,0.966265984391,-1.05676904087
Djindjic,0.769379186104,-1.93466756963
Djindjic,1.14262444709,-2.02864172853
Djindjic,1.5659052571,-2.15713834459
Djindjic,1.54955246448,-3.38201675841
Radovic,-1.23273524755,-1.40912547223
Ahmed,-1.307994302,-0.671635859568
Juma,0.228494327488,0.187503489496
Tsereteli,1.27046964068,-1.98120890515
Ilgauskas,2.12234465193,-1.89286182101
