person,imagenum,Male,White,Black
Eckhart,1,1.56834639173,1.73720324618,-0.929728671614
Guiel,1,0.169850615079,0.422709344724,-1.28218444066
Patterson,1,0.997748978625,-0.157376927297,-0.756447251994
Peirsol,1,1.12271853446,1.91614437179,-2.51421429402
Peirsol,2,1.07821423781,1.67621103655,-2.2780559446
Peirsol,3,0.850491041965,1.90851688105,-1.87364533911
Peirsol,4,0.944548239019,1.2990556552,-1.40533613558
Pena,1,1.5946711165,0.441401436703,-1.77174635029
Sorkin,1,0.286489110466,0.697239427141,-1.85985361868
Sorkin,2,0.663497024684,0.461610352546,-2.49852970215
Tippin,1,1.91097047587,0.62038775501,-1.16190072851
Eban,1,0.891375914557,-0.0914527694447,-1.73890344946
Kiarostami,1,0.871569840529,0.64171574055,-2.13419240367
Aziz,Al-Hakim,1,-1.32908595043,-0.188061736155
Madi,Shabneh,1,-2.06641841866,0.307685638589
Nasser,Assidi,1,-1.63882894202,-0.800496820968
Nasser,Assidi,2,-1.68056718426,-1.28012472373
Wade,1,1.0250397355,-1.93078231164,1.99412788185
Wade,2,1.3984448685,-0.603755571734,1.43732959229
Wade,3,0.0128328050531,0.561337482385,-1.65627126958
Wade,4,1.2138554721,-1.13271119139,0.963419633179
Kamilov,1,0.752832992637,0.0272483487316,-2.23698157569
1,0.459443754966,-1.5559993302,-1.82766575102,-1.77643278365
2,0.230795840116,-1.16833909285,-2.7723496587,-0.940148560345
3,1.63894340572,-1.93241537506,-2.87332437685,-3.11701360433
4,0.71352387438,-1.17660849658,-2.16519407701,-0.724083219521
Ahmad,Badawi,1,1.08339273081,-1.22851478906
al-Attiyah,1,0.141658843197,-0.0401787717277,-0.609713591711
al-Attiyah,2,1.16143975279,0.0164785378461,-0.269649887394
al-Attiyah,3,1.01419851685,-0.208413763851,-1.15219668993
Gul,1,2.30617499215,0.872450390967,-1.40302681993
Gul,2,2.69692128583,-0.576371647599,-1.0392950924
Gul,3,0.837911149498,-0.257445228978,-1.27761630036
Gul,4,2.49134635423,-0.686600576001,-0.921242335706
Gul,5,1.70530281039,0.457262107939,-2.09713063173
Gul,6,2.00996449588,1.67142101576,-0.766259714475
Gul,7,2.21697663658,1.34252865946,-1.60501162233
Gul,8,1.90425375919,-0.697873924905,-0.789971674202
Gul,9,1.15910224702,-0.299752595712,-0.895784475598
Gul,10,1.33541269203,-0.46106650346,-0.753317806799
Gul,11,1.80787409629,0.0775659577032,-0.590710755885
Gul,12,1.81939103041,0.366600632382,-1.10535742026
Gul,13,2.5334647359,1.02109577724,-1.08744485425
Gul,14,2.37126958211,-0.300184040656,-1.68736231351
Gul,15,1.9325047951,-0.497396225813,-1.40026945469
Gul,17,1.83848900831,0.553933751273,-1.26209957
Gul,18,2.2342961374,1.70867412796,-0.53565273794
Gul,19,2.27646252392,-0.712493892012,-1.30085083503
Nasseef,1,1.11689721003,0.807358958487,-2.68864219286
Sener,1,1.29373950042,-0.850693113658,-0.904234025978
Sener,2,1.43145820624,0.490822686608,-1.7218975438
Majeed,Shobokshi,1,-0.404930049465,-0.223845865675
Rahman,1,1.563117032,-0.745511881634,-0.95323997354
Aguilar,1,0.796818997491,1.08564850533,-2.00071970966
Pacheco,1,0.495492377474,1.35471394927,-2.17608689302
Pacheco,2,1.19177308107,0.151581787767,-1.17670305911
Pacheco,3,2.16665388108,1.26077668965,-3.05948395083
Pacheco,4,0.718392036393,-0.035145522452,-0.00867292067571
Hamid,Mahmud,Al-Tikriti,2.43112834005,-1.97863822347
Hamid,Mahmud,Al-Tikriti,1.57560634019,-1.68414761676
Martinez,1,0.233686495936,-0.147420248921,0.00885749337238
Foxman,1,0.389942560606,0.498856997742,-1.77876226837
Har-Even,1,0.934482082544,0.956929545979,-1.61529807294
Ant,1,0.607375137237,1.82902562321,-2.2106781036
Freier,1,1.79758479191,0.804975517398,-1.66319939764
Herbert,1,1.56089558869,-0.144132323866,-0.248946610276
Kennedy,1,1.76804163588,1.73014143982,-1.79057118847
Mair,1,0.958557866766,0.765918581068,-2.40773184325
Rich,1,1.63779837056,1.1646987329,-2.55203239176
Sandler,1,0.56135356307,1.60467465635,-2.87815111295
Sandler,2,0.960743494907,-0.005179649439,-0.859115516733
Sandler,3,0.711123833241,0.377536004415,-2.95136029474
Sandler,4,1.2583816716,0.233962179067,-2.3962058449
Scott,1,0.939057075965,-0.314256288616,-2.01751884113
Scott,2,1.09740741666,0.649947323041,-1.6597928916
Al-Jubeir,1,0.613337916487,0.809947199178,-2.2447180136
Al-Jubeir,2,1.00089968021,1.09990619979,-1.84717605029
Al-Jubeir,3,0.653894099974,1.09656012479,-1.68069631593
Avila,1,-0.713894802016,-0.267268493136,-2.15529686518
Bodharamik,1,1.21820359835,-0.140994234034,-1.61001025847
Aguilar,Zinser,1,-1.85134571962,0.727487567278
Aguilar,Zinser,2,-0.8256062528,0.653224391355
Aguilar,Zinser,3,-0.578915400512,-0.713648516049
Rodriguez,Saa,1,-1.11841394292,-0.491993429734
Rodriguez,Saa,2,-0.667034423369,-0.44191808305
Gopalakarishnan,1,1.47377829639,0.446850354793,-1.99858130535
Lima,1,-0.265648304887,0.876993030067,-0.456681897303
Annus,1,0.0368418657404,0.995360636705,-1.87538727453
Perez,Navarro,1,-0.746867233694,0.658827712452
Fernandez,1,0.687753304575,-0.105257723109,-1.8031767922
McPherson,1,0.67037718588,-0.999747193607,-1.30100638115
McPherson,2,1.14806068373,-1.2822357325,1.566471974
Murrell,1,1.71883854507,-1.51434004346,0.945843669215
Nastase,1,1.91624958109,0.599386995671,-2.33742951861
Nastase,2,0.442674472281,1.42946322285,-2.50002358308
Zuzic,1,0.207868589308,0.302871692265,-0.659607045982
Brody,1,0.709997593274,-0.424214767833,-1.34166923685
Brody,2,-1.04877091565,0.0688322306377,-2.10388169853
Brody,3,-0.595108373924,-0.0849791178122,-2.55877476228
Brody,4,0.685281142391,0.875329131707,-1.87478364741
Brody,5,0.257523514993,0.599907946506,-1.00813620932
Brody,6,-0.782231324136,0.43272639892,-2.16013814812
Brody,7,0.516734090945,0.346132885159,-1.54033098949
Brody,8,0.843448327847,-0.462846011517,-1.39093393737
Brody,9,0.791547745722,-0.419891128923,-2.14381094711
Brody,10,0.812578637918,-0.0116112133009,-2.13100822475
Brody,11,-0.254733873828,-0.284188279417,-2.33204042435
Brody,12,-0.311962275301,-0.425367317059,-2.62156669954
Smith,1,-1.15553085706,0.135350335741,-1.98184950874
Darego,1,-0.878623038352,-1.62041778049,1.33043951968
Queiroz,1,1.56862853539,0.00283763390034,-0.475613241588
Bruckner,1,-0.293842100173,0.95558538972,-1.93384084565
Jbarah,1,1.50753124176,-0.26195012795,-1.4190281414
Masood,1,0.765365238465,0.164842549975,-1.26194877435
Masood,2,0.664696384385,0.131494765772,-2.61395140722
Ahmed,1,1.5278143001,-1.42139094558,-2.19486390579
Chalabi,1,1.1648841802,0.158598458451,-1.45730448511
Chalabi,2,1.18361198905,0.640420120509,-1.75492051488
Chalabi,3,1.33417210481,1.42133302033,-0.694377885067
Chalabi,4,1.35632640815,1.20050793237,-1.59549670255
Chalabi,5,1.26500496869,0.977971089305,-2.07021316996
Ghazi,1,2.47918033813,-0.261279100319,-0.503238909876
Ibrahim,Bilal,1,-1.07520800716,-1.08311220667
Lopez,1,2.00060604769,0.910793147094,-1.36827202882
Qureia,1,1.00898100102,1.52345381081,-2.11669238002
Demir,1,2.09388713592,0.775742957709,-1.84835490716
Necdet,Sezer,1,-1.41860571926,0.467993239534
Necdet,Sezer,2,-1.60096838901,0.4577482607
El,Ouafi,1,-1.75906190513,-0.4342810095
El,Ouafi,2,-1.78861365816,-0.109749011055
El,Ouafi,3,-1.81987297672,-0.280116311885
Quinn,1,1.030548029,1.42834074115,-1.62811018328
Riggin,Soule,1,-0.113376891012,0.710705115113
Seppik,1,0.264242129768,0.978215022972,-1.7777508772
Dyer,1,0.810449706497,-1.80986364564,-0.516616993093
Rai,1,-2.28965198703,-0.569674013733,-1.67720339563
Sugiyama,1,-1.03048547436,-0.517012479242,-1.24435041456
Sugiyama,2,-1.05946397204,-1.25551086398,-2.19168169979
Sugiyama,3,-0.910251634345,-0.7189216518,-1.18625681154
Sugiyama,4,0.0751380236873,-0.171081428796,-1.79401063815
Sugiyama,5,-0.765781985164,-0.732663723549,-2.11519950868
Gonzalez,1,-0.219199525755,0.355273666275,-1.8583712959
Gonzalez,2,1.12546754793,-0.127282534894,-2.290352486
Smith,1,-0.903708981334,-0.477104420595,-0.422836894733
Cook,1,-2.10431357117,1.59159997371,-1.04568493968
Agarkar,1,0.203555066014,-0.909881350856,-1.79466629218
Lamas,1,0.0613136924102,0.190530027481,-1.44969253971
Al,Baker,1,-1.62245459576,0.831499795749
Hashemi,Rafsanjani,1,-0.620578817011,0.46300456158
Hashemi,Rafsanjani,2,-1.06981651342,0.542500819494
Hashemi,Rafsanjani,3,-1.41511487518,1.01962899891
Zakayev,1,2.78165116762,0.447965683571,-2.86975354084
Zakayev,2,2.4145997051,0.181157078188,-1.82697623363
Zakayev,3,1.96131798368,0.835088207237,-2.56751506898
Morigami,1,-0.659745602574,-0.545964166321,-1.05342124734
Taher,1,1.46748645299,-1.10245892079,-1.36864114545
Cervantes,1,1.39471035556,-0.0739489497013,-0.242813600419
Ducasse,1,0.975133838811,1.01239790311,-2.32822386946
Ball,1,1.31680745526,0.385890297499,-1.50358670805
Ball,2,1.23289315826,0.454259968091,-2.36832032877
Dershowitz,1,1.88127029588,1.50906292478,-1.73702182224
Dreher,1,0.829218222248,0.912742381268,-0.801332006481
Greenspan,1,0.453376689316,-0.0468872083648,-0.927096969563
Greenspan,2,0.508637309578,-0.509358463512,-0.696993528727
Greenspan,3,1.55847738179,-0.219290327482,-0.814767740125
Greenspan,4,1.16991480925,0.0708981184265,-1.46117309702
Greenspan,5,1.11671796653,-0.0100964962135,-1.66798984667
Greer,1,1.58817486481,0.805100473162,-1.8585270245
Morissette,1,-1.27398591536,0.550590411797,-0.768159655007
Jackson,1,0.939824307618,0.349422749554,-1.22674518048
Mulally,1,0.973121497992,0.813268463676,-1.74578404196
Mulally,2,0.154037478179,0.944176434776,-1.19848806432
Ubach,1,-2.27576778766,0.389512737241,-1.1914146204
Stonecipher,1,1.96206799325,1.52211953829,-1.76298902049
Tang,Kwong-wing,1,0.042369544537,-0.477725322939
Trammell,1,0.354607732516,0.440986879275,-2.9388161742
Zemaitis,1,1.57185054521,-1.34641623679,-1.01333140182
Campbell,1,0.782455787134,1.90882501388,-2.80949355806
Campbell,2,0.925627304613,0.581209665196,-0.214467487061
Campbell,3,0.801799937508,1.15076111726,-2.72166328402
Campbell,4,1.68856296878,2.15493168226,-2.26266951336
Campbell,5,2.20409041398,0.88967068961,-2.20256174571
Johnston,1,0.700528689035,0.928807769924,-1.603376236
Recoba,1,0.99830019965,0.341253886826,-1.49587808406
Lee,1,-0.293016920621,-0.133978233244,-2.07276790026
Brooks,1,-0.18525500514,1.31445093053,-1.75280199476
Costa,1,0.579606278114,-0.353508602899,-0.78063750685
Costa,2,1.89058408872,-0.324630807854,-2.42261150162
Costa,3,1.50813325764,-0.181693443689,-2.59617577428
Costa,4,0.67162781546,-0.275051490572,-1.37990622619
Costa,5,0.820462400205,0.00430929922424,-1.62316988725
Costa,6,0.854292444706,-0.225117160903,-1.83093354351
Montanes,1,0.884424280608,0.613089704889,-1.78371454709
Acosta,1,0.199430822343,0.408302465363,-2.4823285211
Fujimori,1,0.97047411881,-0.833600650087,-1.86990244939
Fujimori,2,1.40956699057,-0.751403586148,-0.585828873907
Gonzales,1,0.859549462704,-0.792983096264,-2.29939609497
Ruiz,Gallardon,1,-0.475344089374,0.57195920239
Ruiz,Gallardon,2,-0.228606826406,-0.95206333048
Sordi,1,0.878356532619,0.27440345065,-1.71107764019
Pujols,1,-0.727953101722,0.207277964278,-0.615863726156
Mentz,1,1.56029841923,0.65739261455,-2.32025145876
Mentz,2,1.34120555447,1.07121205201,-1.37524946626
Cardenas,1,1.22664557025,0.862906231214,-0.716344247137
Davis,1,0.728104890233,0.33071275299,-1.63480779954
Davis,2,1.59570653926,0.874397505774,-1.08643960254
Paredes,1,1.22055229197,0.594171662083,-1.20926470814
Paredes,2,-0.120124538173,-0.6251284527,-0.489972468878
Baldwin,1,2.91080382041,1.57735010133,-2.22928218175
Baldwin,2,1.13294187717,0.422470110256,-2.16109812033
Baldwin,3,-0.191090966977,0.924528353784,-2.98968340795
Baldwin,4,1.97615813141,2.62277699768,-2.4218973137
Markides,1,0.91446975319,1.5910054817,-2.13455264405
Atchugarry,1,1.12607380027,1.03088017801,-1.80334769833
Atchugarry,2,1.13381684834,1.09972851795,-1.54847545309
Avila,1,1.77550614576,0.0022737525853,-0.849140549857
Avila,2,2.15035929896,-0.348917944031,-1.08269318086
Avila,3,2.17555236039,-0.252387138279,-1.04367787341
Fernandez,1,2.5232160967,-0.656105712647,-2.03469354512
Gonzalez,Inarritu,1,-1.16278511512,0.0579890010507
Lembo,1,1.2107277954,-0.934071505028,-1.18912734252
Lerner,1,2.14031468282,0.0296383266803,-0.662065124607
Lopez,1,0.871317157946,0.617038911481,-1.18357923825
Toledo,1,1.72275257994,-0.049061812473,-1.90712194336
Toledo,2,1.20850628105,-0.356875367084,-2.6191539029
Toledo,3,1.77758925417,0.987695913413,-0.510456429593
Toledo,4,0.207385051845,-0.778391216378,-1.04668261041
Toledo,5,0.535480081194,-0.0593983506121,-2.13396046535
Toledo,6,1.3396323731,0.37544269768,-1.53387411581
Toledo,7,0.995532023368,-0.510054304403,-2.27180938621
Toledo,8,1.97565776994,-0.517151123375,-1.04993000496
Toledo,9,1.92493021392,0.116271423805,-0.977557891638
Toledo,10,1.18814450175,-0.438082386109,-1.30826477839
Toledo,11,0.946678914643,0.18193465304,-1.42858913691
Toledo,12,0.550323860228,-0.167974450149,-1.30127508266
Toledo,13,0.972391708308,-0.241428703368,-1.8433906007
Toledo,14,0.743226095744,0.480127124226,-2.18003562975
Toledo,15,0.542905338816,-0.426750624601,-0.968930151741
Toledo,16,1.19748150601,-0.912682369325,-2.27133346703
Toledo,17,1.69529200379,-0.277589562965,-1.21003312988
Toledo,19,0.60397532705,-0.408541853501,-2.24935500689
Toledo,20,1.59479442462,-0.0901991942156,-2.52397454429
Toledo,21,0.913843949218,-0.767984526503,-3.10277692367
Toledo,22,0.775687859048,1.15321432175,-2.65083444939
Toledo,23,0.152226240001,0.11125285327,-1.40028682292
Toledo,24,1.06623473549,0.338857008988,-1.98770745393
Toledo,25,1.05655680315,0.588362277025,-1.23585995098
Toledo,26,0.525248773048,-0.689801086255,-2.61007189899
Toledo,27,1.07612328065,-0.910283837849,-1.0877726468
Toledo,28,0.456228550836,-0.991577097452,-1.28327384793
Toledo,29,2.28059903572,0.105108920626,-1.25840449915
Toledo,30,0.808719737118,-1.05930266784,-1.57653215054
Toledo,31,-0.119300342428,-0.408422832055,-0.565191041258
Toledo,32,0.720818645612,-0.720105575361,-0.915803775175
Toledo,33,1.52861892314,-0.104246595701,-1.50942785989
Toledo,34,1.31712277284,-0.333264330523,-2.45711348914
Toledo,35,0.621475743307,0.680302036658,-2.50838632684
Toledo,36,0.882853724463,0.141049048801,-2.35846826107
Toledo,37,1.47517043557,-0.332547411128,-1.41653181274
Toledo,38,1.25905464534,0.233316206815,-1.63796215466
Toledo,39,0.788520973037,0.115084854236,-1.6985470385
Kwasniewski,1,0.999628101923,0.850950303614,-0.930447956083
Kwasniewski,2,1.26320871486,1.17013751952,-1.56262600838
Kwasniewski,3,-0.0724181161403,0.759466148388,-1.40575723359
Kwasniewski,4,0.303512273903,1.3685845981,-2.5879343153
Voloshin,1,1.58771199949,2.35057898052,-2.69659281044
Wek,1,0.276555435301,-0.774980488024,-0.232232745811
Cerna,1,0.0446550339535,-0.649353031353,-1.50399907898
Nesta,1,2.13008089323,0.141309939442,-1.93401354325
Loren,1,-1.42463719147,0.392975184996,-1.51223684632
Downer,1,0.116797037423,1.75838234074,-2.59583315487
Downer,2,1.16909089045,1.39907474372,-2.26559639342
Downer,3,1.68849666743,1.05819276659,-2.16304057618
Downer,4,1.26351981368,2.28952160967,-2.69196429826
Losyukov,1,1.96667469071,0.573410875342,-2.40479681239
Losyukov,2,0.99796633241,0.565987754589,-1.97185560745
Losyukov,3,1.29498785793,0.726425481322,-1.3279997471
Losyukov,4,0.646026003168,0.721244021253,-1.86687152094
Lukashenko,1,2.17984034432,0.924980923191,-1.84015742954
Payne,1,0.739882786457,0.497683889849,-2.056898178
Rumyantsev,1,2.16110606612,1.36617005625,-3.77902706918
Rumyantsev,2,2.22367927994,1.40371032692,-1.94339916918
Jackson,1,-0.133424258658,0.601875894927,-1.83526596753
Pelosi,1,-0.650978259274,0.943253599593,-1.20796579684
Rozovskaya,1,-2.04119584316,0.412558061604,-1.99297637737
Spann,1,-0.215437993485,0.761031990079,-1.29753599942
Stevenson,1,-0.806377617766,-1.1542422055,-1.68788609721
Stevenson,2,-0.344873250363,-0.490642313635,-2.49192139698
Stevenson,3,-0.92674597258,-0.470889536505,-2.12654088773
Vodjanikova,1,-1.23871521389,1.63511153691,-1.41804832586
Vodjanikova,2,-1.21598505631,0.986719254397,-2.3773142282
Daigle,1,1.63807345616,1.22025131593,-3.09720586699
Despatie,1,2.02968649893,0.714589524425,-1.85157326047
Herchcovitch,1,0.0941942881432,0.636619063051,-2.25575022768
Vinokourov,1,0.441757650401,0.718043047774,-0.775126253364
Vega,1,-1.64896667092,0.515963237608,-2.45972165763
Barros,1,0.719434202425,0.434809561273,-2.12567363743
Barros,2,0.31218045793,0.0541341335221,-1.77403635371
Cabrera,1,1.46236362743,0.32800641118,-1.71972798447
Cejka,1,1.77110238621,1.34173561246,-2.16405791041
Corretja,1,0.274589815459,0.241746734409,-1.9031513622
Ferguson,1,1.2471153687,1.53704400557,-0.390493633349
Gonzalez,1,0.863524436572,-0.525729948301,-1.49167157061
Holmes,1,0.50556623239,0.767332821444,-2.50528413159
Bledel,1,-1.91113948375,1.31227545992,-2.04094967527
Dennisoff,1,0.616255908155,1.02786164856,-1.84273402862
King,1,0.680649960732,0.661397805518,-2.06286197914
Penelas,1,0.74097466312,0.760250014472,-2.26616911463
Penelas,2,1.0644192486,1.03518476526,-2.57265117851
Popov,1,0.0114839213504,0.81103861774,-2.38678523793
Sink,1,-0.88799601053,-0.356321602346,-2.30475495655
Sink,2,-0.907693939116,-0.824575190947,-2.12295192184
Sink,3,-0.0982242697614,-0.120102627538,-2.31307833734
Wallau,1,0.286540651595,2.57271770651,-2.88673563678
Zanardi,1,1.66109261048,0.921951623538,-2.40150005027
Cuaron,1,1.92637316297,0.254533077375,-3.25429961591
Portillo,1,0.948236030048,0.884245080376,-3.37226543931
Soriano,1,0.888855362122,-1.72020958955,0.364506821404
Ford,1,-0.122073938304,0.162702808274,-1.53366599457
di,Stefano,1,-1.33162137129,-0.11020038731
Moreno,1,1.3963655194,-1.88450569399,-1.13715305147
Pena,1,0.646999890657,0.385968840592,-1.04887026153
Sant,1,0.95090158678,0.212806259312,-1.26867820508
Gore,1,0.48317783496,1.22455429682,-2.39223963747
Gore,2,1.21336791321,1.73434030038,-2.05609093484
Gore,3,0.463742967761,0.43930124054,-1.02550793918
Gore,4,1.27793895768,0.406004894694,-2.26564744138
Gore,5,0.028431517447,0.629665208669,-0.702818854675
Gore,6,0.931494229575,0.601793688681,-0.980220878495
Gore,7,0.279013085146,0.121222315807,-0.722116831861
Gore,8,0.888614156139,1.43560963448,-2.35440300507
Abbas,1,-1.0014474954,1.00369519959,-3.04164314657
Abbas,2,-0.847571890865,0.64374178367,-2.15211825828
Abdullah,Saleh,1,-0.250232519331,-1.83086380877
Adbul,Karim,Madani,1.27200418952,-2.96573138523
Ahmeti,1,1.15695983589,1.11392149833,-1.57434722761
Bin,Hussein,1,-1.94913517395,0.0897894680902
Fisher,1,-0.159238750734,1.11002930879,-1.92005147583
Fisher,2,-0.504876744067,0.312025801514,-1.2910111887
Hollowell,1,0.930777934068,0.513081554033,-2.10132266479
Keys,1,-1.08975978595,-0.637362959445,-1.29649400129
Molik,1,0.875725736703,1.04866676561,-1.41897392174
Silverstone,1,-1.30852390656,1.25173441752,-1.52861083209
Silverstone,2,-1.1481070628,1.25813280591,-1.93100654531
Witt,1,-1.82714157396,1.29939695183,-1.51024691446
Fallahian,1,1.87830838565,-0.299594287625,-1.33502007372
Hammoud,1,1.53452657122,-0.344950669356,-2.29967377732
Khamenei,1,0.902567851004,-0.334161557782,-1.87343916965
Khamenei,2,0.547573664585,-0.654778180952,-0.712555738292
Khamenei,3,0.91756611379,-1.09131526539,-2.5190171818
Mohammed,Maher,1,-2.32832392839,-0.0407001806049
Tokhtakhounov,1,0.775657093395,-0.894968265813,-3.26112277665
Tokhtakhounov,2,0.55009691015,-1.70669886896,-2.01529580814
Naimi,1,1.37908319369,0.989429918716,-0.623939024286
Naimi,2,1.21919247359,0.856465375733,-0.925821499629
Naimi,3,1.7984345557,0.627850493391,-0.310597052361
Naimi,4,1.76828899618,0.0333049744505,-0.465609969279
Naimi,5,1.26183927132,0.00668648737569,-1.77929139329
Naimi,6,2.05737345485,0.300718963249,-1.96637128226
Naimi,7,1.85269213381,0.217979506201,-2.022435306
Naimi,8,1.0845223005,0.508135300784,-1.50528836554
Kabaeva,1,0.0851601897818,0.885882040822,-1.41301098765
Chretien,1,-0.822070293722,0.625465890089,-3.90407763388
Richman,1,-0.918513563012,0.470136706928,-1.41034143573
Krauss,1,-1.19305777027,0.154717646022,-1.49187493178
Lohman,1,-1.59053082754,0.320582837702,-1.29344235977
Lohman,2,0.115434077685,0.111129033454,-2.13638695228
MacDonald,1,0.322453972252,0.890300906218,-2.43633655085
Houston,1,0.692727496789,-0.275500770268,0.261555885775
Kemakeza,1,2.07588012602,-1.76343601926,-0.0314942443256
Wagner,1,0.957046122375,0.668392557974,-2.47158782048
Leiter,1,1.47493630838,1.64166050725,-2.03635494925
Iverson,1,-0.223824058215,-0.68507073576,-0.583087984841
Iverson,2,0.396967389304,-1.00572394492,0.558427478373
Rock,1,1.80366914727,1.23579119922,-2.53425950469
Janney,1,-0.224952128749,0.227744534381,-1.492281989
Janney,2,-2.15686558162,-0.191595027614,-1.44735333117
Searing,1,0.271993811665,0.518934739503,-1.02001297494
Sheedy,1,-0.71828797171,1.70453134472,-2.73879508122
Felix,1,-0.714865599515,-1.00552743177,0.460433109721
Felix,2,0.217070988384,-0.488055404463,-0.561230991031
Felix,3,0.017069752873,-0.834000576701,0.119082437041
Felix,4,0.571547441002,-1.56662695748,0.534084461235
Felix,5,-0.0106353624297,-1.84225475152,0.460128955627
Powell,1,-0.864807638329,0.272927050165,-1.22508839634
Baptista,1,1.0241726099,0.792567981716,-1.56098845597
Mourning,1,0.77257677826,-1.39567212158,0.729248514319
Pacino,1,1.13358610812,1.39262968404,-1.93457658123
Pacino,2,0.262100831041,2.06672995267,-1.6195735645
Pacino,3,0.932768445733,0.505999527284,-1.77544711707
Sharpton,1,0.743050212471,-0.045113790322,0.427319499735
Sharpton,2,1.15648164379,-1.90347217574,1.28370812788
Sharpton,3,0.625298789603,-0.647101978012,-0.297225412902
Sharpton,4,0.846623565846,-0.783447549821,-0.631473816331
Sharpton,5,1.10989830708,-1.62131477351,-0.0882155691636
Sharpton,6,0.841877560088,-2.11943590508,0.101840010571
Sharpton,7,0.423368403365,-0.171247830155,-0.395054565794
Noboa,1,0.932658514852,0.574787448915,-1.75420727444
Noboa,2,0.201197630006,0.872748314437,-2.17237440551
Noboa,3,0.336810655573,1.09822498719,-0.863360618169
Silva,Calderon,1,-0.152675022044,0.0871823394421
Silva,Calderon,2,-0.872585822022,0.77947065246
Silva,Calderon,3,0.22175458255,0.0670262074557
Silva,Calderon,4,-0.96306998131,0.694510071796
Uribe,1,1.30902828957,0.536230085792,-1.26609745442
Uribe,2,1.02324894571,1.42795945544,-2.32199191231
Uribe,3,1.35163170051,1.66979150385,-1.89720307616
Uribe,4,1.51989191285,0.816893800551,-2.01059112365
Uribe,5,0.747466096345,1.06524497057,-2.09006213023
Uribe,6,1.10449737413,1.56505448377,-2.7138714007
Uribe,7,2.3088179876,1.70703493079,-2.32269474098
Uribe,8,0.443602258066,1.35849982658,-1.83838791975
Uribe,9,1.42480253042,1.3581023066,-1.96268855381
Uribe,10,1.54483436145,1.29868136102,-1.71746104708
Uribe,11,1.80394012152,1.34420490954,-1.84808834679
Uribe,12,0.914847220729,1.55464752388,-2.51181240158
Uribe,13,1.86075768998,2.01194898297,-3.46686081184
Uribe,14,1.40377175538,-0.0638932615741,-2.34846028679
Uribe,15,0.591389784507,0.405014112199,-2.42845347579
Uribe,16,1.77102839257,1.16957931281,-2.19678447529
Uribe,17,1.89466095457,1.73263275132,-2.12556268193
Uribe,18,0.258241682689,0.431199432392,-1.02737528516
Uribe,19,1.60999681753,1.30070147647,-1.42713951043
Uribe,20,0.562019227001,0.101700159044,-1.85738173247
Uribe,21,1.77816750717,1.5501383113,-2.52580355979
Uribe,22,1.23827401247,2.10668186104,-2.21513699114
Uribe,23,2.16332954504,1.12459297255,-2.64823033019
Uribe,24,0.43486462267,1.14088850575,-2.17324844423
Uribe,25,1.10878163905,1.15613126587,-1.63110735596
Uribe,26,1.02687763896,0.755387536522,-2.39920973728
Uribe,27,0.825758620891,0.993821287384,-2.69597839394
Uribe,28,0.943169164532,1.15155726529,-2.28504942929
Uribe,29,0.394401469628,0.446425691948,-1.25516730312
Uribe,30,0.809773020615,0.642088237353,-1.72775539843
Uribe,31,1.64685389669,1.68625684977,-2.52590508954
Uribe,32,1.44417560196,1.58598906777,-2.40216836205
Uribe,33,1.82532026215,0.602302630135,-1.63788110056
Uribe,34,0.995428288321,1.40530308523,-2.79945429613
Uribe,35,0.0942372055183,1.4005663094,-2.95309611483
Beaupre,1,-2.25908725906,1.06931812618,-3.00228838478
Hannigan,1,-2.08123568201,0.693307746473,-0.851563552622
Wagner,1,-0.477431696073,0.703144689683,-1.2909007865
Beard,1,-0.828230269849,0.895018483546,-1.24142100177
Beard,2,-0.466983559285,-0.0186524770306,-0.791986844739
Bynes,1,-1.32659824102,1.72968438655,-2.23695348758
Bynes,2,-1.37865351923,1.08655548321,-2.02227015011
Bynes,3,-0.281625303444,1.45216911218,-0.949284145955
Bynes,4,-2.0673729993,0.948127644597,-1.94651249424
Coetzer,1,-0.505419515039,0.0404394887915,-1.62238985004
Coetzer,2,0.281333965938,0.289849512528,-1.32199912843
Marsh,1,-1.54622346612,0.580428456203,-1.36578212158
Plumer,1,-1.11293078351,0.154711596307,-1.47105117363
Frey,1,-0.905417048663,1.34399627744,-1.68783016051
Tamblyn,1,-1.72195913503,1.53124230028,-2.85177666804
Tamblyn,2,-1.46938505329,0.467697800116,-2.92374575665
Lee,1,0.760902073826,-0.890418348921,-0.501856167601
Vega,1,-1.71634998812,0.154631596407,-1.9889248342
Vega,2,-2.06512329358,-0.423829368641,-1.23140634027
Vega,3,-2.46119928918,0.421221292157,-0.927076833082
Vega,4,-1.95880409718,-0.595773023615,-0.492943620005
Vega,5,-2.16464469276,-0.743158735526,-1.07529960415
Vega,6,-2.25123676777,0.347632707125,-2.55165234712
Vega,7,-2.79200579847,-0.456942137821,-1.21086199563
Mauresmo,1,1.01374870411,-0.546522335872,-1.69012360615
Mauresmo,2,0.107452186602,1.03246695437,-2.08138902724
Mauresmo,3,0.381026783218,0.740959539671,-3.2722086258
Mauresmo,4,1.24198063843,1.05379223968,-2.55966524834
Mauresmo,5,0.757740604277,0.200290278702,-1.53303502252
Mauresmo,6,0.420266191274,0.892809928665,-2.0234164518
Mauresmo,7,0.0172548483829,0.365009918919,-1.90384344928
Mauresmo,8,0.652748438112,-0.483439324512,-2.09663145645
Mauresmo,9,1.20997620286,0.68883919254,-1.63853163735
Mauresmo,10,-0.236824931894,0.778857363938,-2.59055363565
Mauresmo,11,1.14143409544,0.350425105466,-1.05549439169
Mauresmo,12,-0.292628834743,1.45229604154,-1.35917936378
Mauresmo,13,-0.0362791508405,0.148203660173,-1.67799037317
Mauresmo,14,1.22590881138,1.16116090872,-2.10633947134
Mauresmo,15,1.08778909683,-0.338974108718,-1.24911445195
Mauresmo,16,0.900801199122,0.953202127791,-2.40827245239
Mauresmo,17,0.494775170525,0.91102496898,-2.39256876541
Mauresmo,18,0.329278338353,0.622244324105,-1.96092878772
Mauresmo,19,0.403249015223,0.461149195312,-2.15316901426
Mauresmo,20,0.377672818087,0.562983472003,-2.4220969595
Mauresmo,21,-0.0478987994526,0.798401697737,-1.98540395469
al-Saadi,1,1.64752435642,0.579111916444,-1.72913832341
al-Saadi,2,2.24599877628,0.255200372253,-2.88405447044
al-Saadi,3,2.02426291272,-0.457466325778,-2.12254891247
al-Saadi,4,1.57372854507,0.294990668686,-2.20196351609
Falise,1,-0.2772955628,-0.811302217434,-1.27904291404
Mitzna,1,2.17953694386,1.19938901975,0.262792871945
Mitzna,2,1.7727252394,-0.0553347236013,-0.922690647996
Moussa,1,-0.0255224736663,-1.08347072178,-1.27080582211
Brenneman,1,-3.4251439906,0.590839459305,-2.14753375812
Cotton,1,-0.892388556301,0.925313616552,-1.45797777557
Gale,1,-0.660116976197,1.25624725125,-3.32945915524
Pascal,1,-1.10140222474,0.428591142034,-1.61232975627
Redford,1,-1.53844423607,0.733610362219,-1.68109692033
Smart,1,-1.66736733463,1.73134330553,-1.97120600018
Yasbeck,1,-2.55225290945,0.402055189661,-2.16144201515
Claudia,Talancon,1,-0.631395588836,0.363145181827
Guevara,1,-0.499824907539,1.47744919048,-3.24294199807
Guevara,2,0.957742785559,1.27176176488,-2.79406157956
Guevara,3,0.823747080168,0.449363952937,-2.05084434718
Guevara,4,-0.0705305355878,1.1554366634,-3.40574552395
Guevara,5,-0.032674804549,1.17786140246,-1.96749924585
Guevara,6,-0.387908374986,1.39937319356,-2.37659068673
Guevara,7,0.434027091413,0.836978682189,-1.99611691282
Isabel,Sanchez,1,-0.645313465786,-0.150645021257
Palacio,1,-0.388400512482,-0.0400923811075,-3.00637927827
Palacio,2,-0.0768024257769,0.789651877467,-2.15212346367
Palacio,3,-0.462453516654,2.12159769743,-0.778576444558
Palacio,4,0.133471412127,-0.550637256504,-1.65998477918
Palacio,5,-1.37043944615,0.698262514396,-2.36894762064
Palacio,6,-0.716536931318,0.335716150922,-1.8321182923
Palacio,7,-1.54799593119,0.204043430511,-1.38655386045
Palacio,8,-1.35389455049,-0.0214614750189,-2.11173418284
Paula,Gerard,1,-1.14996855116,-0.612795733644
Sebastiao,1,-0.217197847518,-0.939775827352,1.45669487006
Kelesidou,1,-0.839749164609,1.49177749554,-2.59805059098
Myskina,1,-0.956883654093,0.628544227608,-2.78350595185
Myskina,2,-0.472290389581,0.982831182402,-4.31203105345
Myskina,3,0.420364415011,0.681531783597,-2.30238859472
Kinakh,1,1.94366981709,0.586191425758,-2.53902707877
Ebbeson,1,0.821045024722,2.0648103967,-2.51548577889
Ebbeson,2,0.427709658903,0.397211236262,-1.50072548363
Ebbeson,3,0.299162625829,1.62011628756,-1.60779303008
Fogh,Rasmussen,1,-1.35209395986,0.465477677226
Fogh,Rasmussen,2,-1.88271966561,0.424011894423
Fogh,Rasmussen,3,-1.10680823405,0.416930781145
Fogh,Rasmussen,4,-1.95051614839,0.782446545606
Varejao,1,1.24461804901,-0.516536185178,-0.630611143702
Bocelli,1,1.28265334774,0.557920605083,-1.51278095438
De,Cruz,1,0.482177611937,-0.458044180095
Agassi,1,0.864037486245,1.23559482341,-1.65388538613
Agassi,2,0.605530603698,0.187642956465,-0.628719118906
Agassi,4,1.93049385041,0.879817754211,-1.70680285779
Agassi,5,1.02664942392,1.49015587484,-1.70633349587
Agassi,6,2.09624034045,0.323574107007,-1.16385349416
Agassi,7,1.55089694112,0.488221069954,-1.37178239544
Agassi,8,1.01084269386,-0.407251648899,-1.62529617078
Agassi,9,0.314973373748,0.433278010904,-0.684290408118
Agassi,10,2.19911212316,0.763342780196,-0.767065663026
Agassi,11,0.961405390508,0.599500338815,-1.44373564599
Agassi,12,1.24854393622,1.48964750123,0.318325450519
Agassi,13,0.423203081476,0.0864720531412,-1.31079483861
Agassi,14,0.503996172344,1.56666280228,-1.3868902618
Agassi,15,1.27581351969,0.638044099604,-1.61678236449
Agassi,16,1.34286836963,0.0752968796833,-0.724870985187
Agassi,17,2.12058904736,0.799856290339,-0.915033395181
Agassi,18,0.562469736586,1.30103209784,-1.8777423845
Agassi,19,0.573364712898,0.787557894179,-0.902477520153
Agassi,20,0.968853949769,0.0270129501501,-2.93712152368
Agassi,21,0.418868669191,0.772345355598,-1.0305508034
Agassi,22,1.10874573869,0.0738528166622,-1.38562163762
Agassi,23,1.40304041902,1.3269302569,-1.72460866302
Agassi,24,1.33346368097,0.955114011902,-1.16802868203
Agassi,25,1.61899688304,0.338286347017,-1.9878551329
Agassi,26,1.14681590866,0.645357875482,-0.843146603331
Agassi,27,1.91753244386,1.16062935375,-0.668587317109
Agassi,28,2.31123464892,1.09039695497,-2.1362762049
Agassi,29,1.75377984537,0.263169594305,-0.519224237255
Agassi,30,1.69580765035,0.745128582844,-1.07507489734
Agassi,31,0.570856651868,1.11978647024,-3.47073497186
Agassi,32,1.01971121954,-0.570837334507,-0.570762806179
Agassi,33,1.54410591452,0.5376764309,-1.91907116651
Agassi,34,0.775096239613,-0.452833001192,-0.0390272873091
Agassi,35,1.77248684976,0.641357869346,-1.35302667321
Agassi,36,1.15674000941,0.374041953948,-0.95026054367
Kiser,1,-2.24872610633,1.16664554982,-3.12775845318
Vinciguerra,1,0.365759613964,0.665676008576,-1.97405733492
Yates,1,-0.945976648879,-0.0227472609574,-2.23755426897
Bucher,1,0.73677845164,0.786792900343,-3.14045800449
Konchalovsky,1,0.707664157442,-0.0302626660992,-1.10635269116
Mikhnevich,1,1.18029749727,0.653620205113,-1.38288124543
Mikhnevich,2,1.51658008903,0.444848243626,-1.04958287759
Nikolishin,1,0.756899049643,2.20820943547,-3.01106427877
Lange,1,0.846265167712,1.08529428938,-1.30066024418
DAlessandro,1,0.414197969619,0.580830532548,-1.7039900632
Manuel,Lopez,Obrador,1.76253158246,-0.201033418597
Smith,1,0.780014064185,-0.806788031381,-0.0396320670291
Pastrana,1,0.523931069064,1.47085911777,-3.02797623163
Techine,1,1.47334783606,0.941529572461,-1.76759216453
Bernard,1,1.12866889576,1.35791975322,-2.54105821852
Bunner,1,1.40080004119,0.925083121727,-2.02749043922
Bunner,2,1.14066472195,0.497562730004,-1.30026875239
Caldecott,1,0.628641241093,1.89787855111,-3.18418375164
Cuomo,1,0.843877002019,1.46160407373,-1.46345723318
Cuomo,2,0.127481824082,1.24413448578,-1.16775112176
Fastow,1,1.31551922326,1.49083919228,-1.4063173765
Firestone,1,0.183648957992,1.35486843635,-2.53780750371
Gilligan,1,0.784662523835,1.95787274903,-3.03753693616
Jarecki,1,0.881722489089,-0.598186094748,-1.48504038562
Luster,1,1.48264253284,0.585286472701,-3.03718597539
Niccol,1,1.31117578694,0.424982515856,-1.00975767485
Niccol,2,1.16380886156,1.74458469181,-2.06916775066
Sabey,1,1.48526593977,0.510953744556,-1.7252355083
Shutley,1,1.86382671118,0.518877671983,-1.91707430212
Weissmann,1,0.69563889081,0.83401549333,-1.21156566322
Weissmann,2,1.05681965435,0.989660084762,-0.991877659823
Weissmann,3,1.20517867347,1.05005263321,-2.30865534238
Wetzler,1,1.03270672056,0.755852494561,-1.62335907544
Tyszkiewicz,1,0.870517789317,0.392353940137,-1.51328375425
Benes,1,0.886690756591,0.117683227044,-2.34084049981
Bryant,1,0.788073902631,1.03657531129,-2.97758095518
Garcia,1,1.07857386062,1.43363778466,-2.79138188707
Graves,1,1.21796162477,0.521556958812,-1.44750303784
Griffith,1,0.481836984972,1.95508791063,-2.17752700319
Griggs,1,0.345898928132,1.15586639908,-2.76728377987
Hebb,1,1.76713179724,0.740656395521,-2.04643997298
Hebb,2,1.0742979081,0.487320635433,-3.06597198622
Lau,1,0.907147634455,-0.963993016576,-1.54539114713
Madikians,1,1.38385378975,-0.301063031038,-1.98717813528
North,1,0.41645090487,-0.186401421368,-1.4000693723
Perez,1,0.987638303517,1.27169276125,-2.60147359332
Roddick,1,0.490164902407,0.239946365265,-2.06283295639
Roddick,2,1.19784342473,0.505736788558,-0.341830705869
Roddick,3,1.4261361633,0.856863260126,-1.65844245677
Roddick,4,0.617491193536,0.737876287372,-1.07052013084
Roddick,5,0.165603649727,0.564892517778,-0.628664627112
Roddick,6,0.540387241175,0.834036617332,-0.940254160293
Roddick,7,1.84774836871,1.36324313148,-2.55254396027
Roddick,8,1.36580962674,0.752566696763,-0.660710942785
Roddick,9,-0.126625601627,0.64625426107,-1.38572442428
Roddick,10,0.0209620725208,0.850145250761,-1.34676203704
Roddick,11,1.95514729404,1.27398509181,-2.47801555775
Roddick,12,1.00718731214,1.0682679774,-1.94723953015
Roddick,13,1.53878607109,1.24718587782,-1.89433422001
Roddick,14,-0.0356525219579,0.208217776764,-0.469567285686
Roddick,15,-0.0924191588718,-0.233926932704,-2.12133346031
Rooney,1,-0.213120457833,2.4387619279,-2.02706054862
Warhol,1,1.59637652722,0.646974740394,-1.42471957994
Wisecarver,1,-0.0133469584681,0.643935112258,-1.64528683187
Hosoi,1,-0.428732470124,0.368032063932,-1.30025761627
Negron,1,-0.589725106185,-0.258801764989,-2.81581431241
Alvarado,Rosa,1,-0.345465363648,0.0497683637241
Bassett,1,-1.57506799002,-2.51022949146,0.240038761921
Bassett,2,-1.27636600205,-1.53168833929,0.186672907278
Bassett,3,-0.762278311456,-2.03526482721,1.12332543272
Bassett,4,-1.57091279014,-1.62220490434,0.562796966628
Bassett,5,-1.42483067157,-2.76995529517,1.03706544549
Bassett,6,-0.52721686864,-1.13229188996,0.159325361708
Lansbury,1,-1.60934960927,0.980691614245,-1.99930416686
Lansbury,2,-0.937404533796,1.73126164207,-2.12886881636
Mascia-Frye,1,-2.5669517779,-0.372300736929,-2.23631415846
Merkel,1,-1.11710471779,1.1137721709,-3.2762838652
Merkel,2,-0.430685031764,0.768491177633,-2.25808967843
Merkel,3,-0.0976047888732,1.42282056156,-2.61918539716
Merkel,4,-1.59488082071,0.79593790439,-2.8175143039
Merkel,5,-1.00879591313,1.43436750078,-2.63349461568
Romero,1,0.149246096442,-0.366114326923,-1.24989171152
Jolie,1,-1.66156289472,-0.0525620931207,-1.89680774433
Jolie,2,-2.11765882819,0.293323016734,-2.61134144062
Jolie,3,-1.56921491253,0.597542132324,-1.74686332959
Jolie,4,-1.57729074183,0.83267811994,-2.43534835412
Jolie,5,-0.702263712435,-0.152821433782,-1.82248559732
Jolie,6,-2.15634599899,1.11711009416,-2.71430475259
Jolie,7,-2.00078807848,0.453027202386,-2.59189183329
Jolie,8,-1.64944603034,0.032465824179,-2.11694579051
Jolie,9,-2.17714572619,1.26540873608,-2.32585912736
Jolie,10,-0.0516518656977,0.761617333138,-2.011821902
Jolie,11,0.108532223262,0.70045554298,-2.31586940803
Jolie,13,-2.16007550283,0.257997060511,-1.54319018209
Jolie,14,-1.2853762637,0.669368233696,-1.90636806519
Jolie,15,-1.06411519366,0.391979079447,-2.66249229184
Jolie,16,-0.184450060242,0.338542296514,-2.59414642462
Jolie,17,-0.531143352678,-0.125033477525,-2.2916048555
Jolie,18,-0.180104880732,0.0194111997939,-1.34304454915
Jolie,19,0.144990692921,-0.532316326403,-0.388149372636
Jolie,20,-1.87491276536,0.11383025457,-0.985739055266
Lockward,1,1.76598194188,0.816946360557,-2.1320508739
Maza,1,1.2037072917,-0.713809139734,-1.49608395707
Genova,1,0.199575281792,0.300805218303,-2.36914323093
Reyes,1,0.24544847029,0.147229369804,-0.222385491692
Reyes,2,1.03584625505,-0.0668888399596,-2.44657776265
Reyes,3,0.861485032701,-0.11518696471,-1.47391815497
Reyes,4,0.750886814803,-0.475755030081,-2.34825628992
Arzola,1,-0.71979245246,1.17248185907,-2.51449046784
Martinez,1,-1.62765294528,0.655324322492,-1.38556367113
Ibarra,1,2.18445033898,-0.395018662879,-3.14277215811
Ibarra,2,1.08794643408,0.385020371723,-2.66181264263
Ibarra,3,1.00911021176,-0.0353883418046,-1.8521909956
Ramsook,1,1.29270641755,-0.218869568386,-0.537035559189
DeFrantz,1,-0.668458949595,-1.20057202255,-1.64279985642
Paerson,1,-0.610988954913,1.38251539941,-1.75999031622
Hussain,1,2.42854632042,-0.480292972159,-2.13980311786
Chicherova,1,0.0633970940769,1.39579511345,-2.82879053736
Faris,1,-1.42889758106,1.86598337979,-0.712123135194
Jones,1,-0.771595895934,0.201413682853,-1.88502117131
Kournikova,1,-0.296356587883,0.984910342082,-0.884484261443
Kournikova,2,0.132665458834,1.10119564139,-2.63674851087
Kournikova,3,0.575275400196,0.976199119616,-2.767669734
Kournikova,4,0.200995025122,0.556216911387,-0.709918935149
Kournikova,5,1.00237495159,-0.336064574891,-1.81616278777
Kournikova,6,0.85164643588,-0.204067617476,-0.996431574849
Kournikova,7,-0.136671681004,0.629140952506,-2.23210730961
Kournikova,8,-0.013241689363,1.42647431032,-2.13143642833
Kournikova,9,-0.00144145468922,0.70551758776,-0.382585398291
Kournikova,10,0.0557519948664,-0.172726480385,-1.7418446166
Kournikova,11,0.0590171887856,0.583070040597,-1.93409105924
Kournikova,12,-1.29661721571,0.460996483021,-0.131923762521
Nicole,Smith,1,-0.767822541237,1.28271883029
Nicole,Smith,2,-1.56560985978,1.79765536497
Cavers,1,-0.453098481845,1.02131917801,-1.35959463391
Donovan,1,-0.778861717524,1.44115926969,-2.25772048827
Heche,1,-1.16552974653,2.00052617317,-2.15595399204
Krueger,1,-0.2303676971,0.416517135184,-1.8065782206
Krueger,2,-0.0019314890984,0.984189696992,-2.70347132521
Krueger,3,-0.688024078059,0.00774893639181,-2.97034547118
Jaatteenmaki,1,-0.374396773894,0.334596332526,-1.66270878242
Jaatteenmaki,2,-0.505130119387,0.668410687208,-2.1568831899
McLellan,1,-0.425089451091,-0.545571120988,-2.29157903093
McLellan,2,0.02107530063,0.244819888429,-2.35089507624
McLellan,3,-0.0945786908089,-0.69297867137,-2.3152406819
ONeil,1,-1.40519030409,0.792556804132,-2.17668455585
Bening,1,-1.38626003897,1.1864022838,-1.8660201466
Bening,2,-2.08579015613,1.11627468795,-2.76886837443
Lu,1,0.238385240498,-0.163353452829,-1.98047513326
Lu,2,-0.863430328902,-1.02706133951,-3.2407268508
Lu,3,0.368929227116,-0.631304462111,-2.17193788581
Godbehere,1,-0.315105146477,1.71805753068,-1.57206674903
Chaplin,1,-1.06085264994,-0.531903908684,-2.76391812482
Reynaud,1,-1.3924473924,0.824211057551,-1.54509056747
Machon,1,-1.5263381348,0.942361338803,-2.26656757958
Sorenstam,1,1.05655099929,0.666970432656,-2.39381368554
Landers,1,-1.22939302956,0.474776742882,-1.13162848141
Morgan,1,-1.21879711171,1.90601693617,-1.93594654536
Veneman,1,-0.476689542789,0.503207554083,-2.34462719923
Veneman,2,0.0450617596561,0.104258423834,-2.19624650054
Veneman,3,-0.812802294552,0.109302167966,-1.88654926543
Veneman,4,-1.25763237427,0.71354297302,-1.92704971812
Veneman,5,-1.73571524931,1.05654918554,-1.90775869451
Veneman,6,-1.20609348232,0.41890451252,-3.19457145499
Veneman,7,-1.09086656319,0.04871521193,-2.14016731308
Veneman,8,-0.877982913506,1.0543711723,-2.08332859887
Veneman,9,-0.352680703042,0.716252261137,-1.82788713278
Veneman,10,-0.383649531332,0.668806299531,-1.96328030254
Veneman,11,-1.39643761739,0.543851499511,-3.50142207383
Valionis,1,2.15126483976,1.00878895724,-1.32306954348
Carter,1,0.12019717932,-2.06811300949,1.00350125
Corso,1,0.04451646822,0.299582708958,-1.93964206027
Ervin,1,1.34987226482,-0.301893939914,-0.862630588696
Fauci,1,1.86333623258,0.339053318347,-1.59840785707
Fauci,2,1.85247319369,0.122213055659,-1.9684288758
Garotinho,1,0.482166640178,1.16117370404,-2.04167200108
Hazen,1,0.647517709206,0.694645238389,-0.671039851075
Hopkins,1,0.66601862984,1.41834249364,-1.05900363572
Hopkins,2,-0.18902197531,1.80003424666,-1.02624060512
LaPaglia,1,0.711878332252,0.908369500623,-2.33176055664
LaPaglia,2,0.518160207609,1.30984941306,-2.59007266859
Lee,Johnson,1,-0.0945633225079,-0.99341699496
Mazur,1,1.28294405759,0.998611442007,-1.62273545125
Pico,1,0.344529783636,-0.981436927615,-0.26854888078
Pisciotti,1,2.30823725124,-0.0498077243867,-2.50055621449
Principi,1,0.562981838446,0.55934190558,-0.463160976992
Rackauckas,1,1.18481625025,0.830670384409,-1.79105493791
Scott,Miller,1,-1.44419577504,-0.105772549547
Buschschulte,1,-2.2913247985,-0.172954350316,-2.02508515235
Balasingham,1,0.959567451277,-1.87687939097,0.53832532776
Banderas,1,2.71541711807,-0.624004403499,-1.15037979721
Banderas,2,1.77627936463,-0.786717640493,-0.113256405011
Banderas,3,1.54953778762,0.650909605039,-1.56192613112
Banderas,4,1.41786431863,0.717170028747,-2.22353414879
Banderas,5,1.28021320142,0.82912293516,-2.24969636216
Bernardo,1,2.17571616811,-1.02748761055,-2.01463692977
Cassano,1,1.37463845659,1.03053881319,-0.695794044948
Catania,1,1.24863285753,1.57119730005,-2.11446019671
Elias,Saca,1,-1.14649288625,0.214152292107
Palocci,1,1.44244290501,0.592084627565,-1.05388648661
Palocci,2,2.02156407237,0.452485522541,-1.13792914305
Palocci,3,1.86454571085,0.649006459243,-1.70236419336
Palocci,4,1.08977743997,0.133166311996,-0.951016659011
Palocci,5,1.07143178851,0.568285758368,-1.46335473693
Palocci,6,2.01981166098,0.257361583309,-1.41610327447
Palocci,7,1.41843680781,0.581159236222,-1.69735733555
Palocci,8,2.36978898847,-0.458995051482,-2.26642289612
Trillanes,1,0.875348345242,-1.58314824864,-0.753751918856
Trillanes,2,0.537470416415,-1.02970048216,-2.00459830813
Trillanes,3,1.37686612625,-1.43139249555,-1.73176059817
Leung,1,0.702524836895,-0.839884693329,-0.329071616404
Leung,2,1.34083195393,-0.232957732175,-1.58517825391
Leung,3,1.11920184982,0.188274211532,-1.2270001866
Leung,4,1.37614847973,-0.50344761459,-0.877023725539
Echols,1,0.205436235115,-1.20981007701,-0.69347865705
Ibrahim,1,2.17594599022,-1.25039105259,-1.54868650159
Ibrahim,2,1.34020817861,-0.493145894163,-1.40369916434
Kikalishvili,1,0.54774484913,0.466585545528,-1.32113427509
Pillai,1,-1.45990903194,-1.35290314249,-0.565065292975
Adler,1,0.388023273384,1.53554965414,-1.9170797609
Sanchez-Vicario,1,-0.199957912042,0.434301880176,-0.590292911988
Sanchez-Vicario,2,-0.663532247116,0.348778663004,-1.74094078555
Franklin,1,-0.593086291694,-1.49235023981,-1.69180450546
Huffington,1,-1.96901255348,-0.246783270791,-1.91755875696
Huffington,2,-0.799182559582,1.34321121308,-2.3212162218
Huffington,3,-1.81908431392,1.2834386077,-2.36632397023
Huffington,4,-0.791577796008,0.81887277722,-3.02079076202
Bousbib,1,1.13979398143,-0.279853482731,-2.74103830311
Haan,1,1.04935027429,1.31944588907,-1.56516551874
Sharon,1,0.759360812553,0.477727156692,-1.65212692056
Sharon,2,0.897300092961,0.928940077807,-1.60702142396
Sharon,3,0.638374035182,0.867937404963,-1.80719774501
Sharon,4,1.03634753269,0.0421269683035,-1.75614005942
Sharon,5,1.12090205094,0.713471168315,-1.56418013237
Sharon,6,0.140990972662,0.43963918463,-1.56242889389
Sharon,7,0.757809796747,1.90201807868,-1.8884808238
Sharon,8,0.904757274326,0.492960783141,-1.77562352664
Sharon,9,0.466498768162,-0.12162236273,-1.33239611453
Sharon,10,0.367095774529,0.673283359034,-1.59487359345
Sharon,11,-0.140176836148,0.707928035673,-1.55272151791
Sharon,12,0.60945941986,0.204923530212,-1.02582768216
Sharon,13,1.31189085433,0.636803254854,-2.06067426208
Sharon,14,0.646788356945,0.134055491852,-1.65178235957
Sharon,15,0.23442202773,0.262618785594,-0.354605316604
Sharon,16,0.64573011564,0.828213235591,-1.79486767192
Sharon,17,-0.605474771364,0.502570343171,-1.76023680024
Sharon,18,0.667053170825,1.00399066199,-2.00848922715
Sharon,19,0.972560344157,-0.0400225428361,-1.2518416585
Sharon,20,0.0654700048157,0.988963646315,-1.76507761971
Sharon,21,0.362977218326,-0.377060944563,-0.949940081239
Sharon,22,-0.104623064184,0.831987955428,-2.2547427061
Sharon,23,0.506026141377,1.46557839616,-2.08611298483
Sharon,24,0.221799382663,-0.0908354249884,-0.403531509107
Sharon,25,1.25524324764,1.47089976994,-2.26140346734
Sharon,26,-0.235939942732,-0.0593959971279,-1.36906163945
Sharon,27,0.954702182476,0.947699627622,-1.61114475171
Sharon,28,0.793226009218,0.52263817444,-0.578667994272
Sharon,29,0.230825040341,-0.0732107478763,-0.0866365762915
Sharon,30,0.228879826552,0.757456252188,-1.52332080483
Sharon,31,0.452369626205,-0.135081845928,-1.00464346177
Sharon,32,1.40322792669,0.802996534233,-1.86389215481
Sharon,33,0.947296735858,1.36102256111,-1.28836341865
Sharon,34,1.10586130394,1.04114622918,-2.4522060156
Sharon,35,0.34422877664,1.53875614796,-1.87220857034
Sharon,36,0.638422055419,0.367739081205,-1.65135307985
Sharon,37,0.418635132675,0.501216001971,-1.04297486984
Sharon,38,0.985025091571,-0.164195958004,-0.827227257656
Sharon,39,0.798608016649,0.64462639832,-1.69992839217
Sharon,40,0.0960830367847,0.651757703128,-1.6338466814
Sharon,41,0.600032436921,0.34636034416,-1.17456481708
Sharon,42,1.0347370788,0.91146983446,-1.22264884424
Sharon,43,1.14288551897,-0.398480805545,-1.75141715723
Sharon,44,0.803784270179,0.582074134697,-0.835254326708
Sharon,45,0.333333672677,1.04912307816,-1.83053871401
Sharon,46,0.157953396666,0.30794775953,-0.638328686978
Sharon,47,0.937972533609,0.858539490029,-2.90907313544
Sharon,48,0.142880115475,0.411178719309,-1.12944699365
Sharon,49,0.770285618126,0.148248625335,-1.27954099477
Sharon,50,0.687746746139,0.06624708478,-1.4599504474
Sharon,51,0.519270010981,0.912966339981,-1.66644603382
Sharon,52,-0.410434500391,0.263162468314,-0.443419503779
Sharon,53,-0.113113854359,0.393755949671,-1.43775883063
Sharon,54,0.273974783342,0.717953332905,-1.25273946536
Sharon,55,0.132463493355,-0.105939045178,-1.43558263817
Sharon,56,0.83401409517,0.385447075096,-0.950375001559
Sharon,57,0.611422666861,0.263191544103,-2.26891905036
Sharon,58,0.980022742896,0.348851398059,-0.86610868862
Sharon,59,0.767032641623,0.787829225133,-1.18931366363
Sharon,60,-0.0762339344749,0.305995920392,-1.30681159562
Sharon,61,-0.301547356861,0.0605659332258,-1.08686666295
Sharon,62,0.470952090765,0.558855682186,-1.57391684425
Sharon,63,0.511357631321,0.458403430368,-2.11904023152
Sharon,65,0.689435465523,0.824152075038,-2.01514017379
Sharon,66,1.38306528498,0.411651098275,-0.0483998251948
Sharon,67,0.716717449743,-0.0222087702208,-0.0915108842497
Sharon,68,0.500316527967,0.920367007163,-2.48477954164
Sharon,69,0.371495795211,1.09145312727,-1.91722012768
Sharon,70,1.75187108093,0.640118522529,-1.88990715294
Sharon,71,0.814130248756,0.840930851737,-1.7156836927
Sharon,72,0.745077382409,0.0164616003134,-1.05316853617
Sharon,73,0.802489645452,0.341775016676,-1.50547911628
Sharon,74,0.186359609329,0.302657361737,-0.879671311053
Sharon,75,0.770487013618,0.0366661016624,-0.664194735091
Sharon,76,1.24350141111,0.911772638354,-1.06250470566
Sharon,77,0.704762134738,0.92176002266,-1.70058728974
Fleischer,1,1.47475201252,0.325499157842,-1.54696676558
Fleischer,2,0.27767924066,0.253274095471,-2.21999560225
Fleischer,3,1.1230364725,0.512027134122,-2.26403369412
Fleischer,4,0.661895787092,0.805097704559,-1.41028159397
Fleischer,5,1.01058188536,0.760373091289,-1.68182504183
Fleischer,6,0.618217049797,0.272158301978,-1.55980386125
Fleischer,7,0.810780149275,0.890650574257,-2.31780013436
Fleischer,8,0.406155367639,0.169177409615,-1.07006293272
Fleischer,9,0.641871805486,0.474643291304,-1.58736621239
Fleischer,10,0.96101387053,0.483027819333,-1.99408721581
Fleischer,11,0.709369017889,0.486088705175,-1.87345001733
Fleischer,12,0.72097053866,0.305535014714,-0.840295402934
Fleischer,13,0.564485867603,1.3497820527,-1.99367069445
Mardin,1,1.19815414807,0.403171626722,-0.905255702327
Specter,1,1.11250166331,0.910831799911,-2.09501956099
Specter,2,-0.732656418253,1.01458114197,-0.938208422036
Specter,3,0.325155262723,1.61773360542,-2.01094071501
Avila,Panchame,1,-1.26391677611,-0.532765945231
Calderon,Sol,1,-0.479519281907,0.15961503976
Carrillo,1,0.0543052646181,0.302026997418,-0.0132522627173
Sargen,1,0.299974383827,0.515006067561,-1.89555008874
Fraga,1,0.796568431897,1.11616896397,-1.16000178792
Fraga,2,1.1520664191,1.21383928992,-2.63188675987
Fraga,3,0.89214435623,1.92948885824,-1.96255476225
Fraga,4,0.980313430515,1.26979068955,-1.58261662052
Fraga,5,0.675750681215,1.32945310869,-1.1196086353
Fraga,6,1.46378736762,0.691628200189,-1.4791233766
Clement,1,1.63599857242,0.380223795904,-2.45819874431
Clement,2,0.51022078514,0.0775515137116,-2.6385886816
Lagardere,1,2.42264116606,0.499947470087,-1.45580283747
Boehm,1,1.49242180535,1.62463527338,-2.29496180191
Aleman,1,1.16711667336,1.74419631571,-2.90683377128
Aleman,2,1.10311664011,0.477002820641,-1.30461647291
Aleman,3,1.58429598679,0.889432667753,-1.76500802761
Aleman,4,1.37885300782,1.29958621844,-2.00922573283
Aleman,5,0.876969122213,-0.158189914639,-1.67918674798
Palmer,1,0.837432964457,0.827025770134,-1.19159577747
Palmer,2,0.960878796942,-0.0426664137067,-0.861390125962
Palmer,3,0.993812035868,0.935514448384,-2.25718893872
Schwarzenegger,1,0.497372715129,-0.352189024727,-3.13682453246
Schwarzenegger,2,0.673338995065,0.804075612057,-2.45396857844
Schwarzenegger,3,0.931857108526,1.15168836108,-1.01726326085
Schwarzenegger,4,0.886825233372,0.835125569976,0.0109835443297
Schwarzenegger,5,0.693536019774,1.05285854039,-1.18661691093
Schwarzenegger,6,0.626848953483,-0.361331935827,-2.37061570573
Schwarzenegger,7,0.438870469027,0.538904142832,-0.687575602472
Schwarzenegger,8,0.682138378689,0.577397306649,-0.334990295123
Schwarzenegger,9,0.785185420383,0.210769411166,-1.24569262654
Schwarzenegger,10,2.36814860703,0.400709390148,-1.74252336929
Schwarzenegger,11,0.251857691997,0.550610950353,-0.743893707662
Schwarzenegger,12,0.716051345716,1.27055304227,-1.51723119201
Schwarzenegger,13,1.45767551992,-0.395786580108,-2.0141443638
Schwarzenegger,14,1.00679438402,0.622048997604,-2.08761067734
Schwarzenegger,15,1.16354857789,1.27944740779,-2.14138894347
Schwarzenegger,16,0.782878275985,0.209943778757,-2.06968123627
Schwarzenegger,17,0.677644588697,0.125949037153,-2.86192478097
Schwarzenegger,18,-0.0566692898389,-0.942196203116,0.659925928797
Schwarzenegger,19,2.16575337747,0.0580506729108,-2.01312262865
Schwarzenegger,20,-0.439269666925,0.308718044972,-0.946461567733
Schwarzenegger,21,1.2691438988,0.439842463857,-1.05217338142
Schwarzenegger,22,1.03264095683,-0.297980919203,-1.45733054624
Schwarzenegger,23,0.722990954557,0.298951332371,-0.372742816634
Schwarzenegger,24,0.321057823989,0.521134575528,-2.22101059059
Schwarzenegger,25,-0.12543853804,0.575054967238,-2.12107160305
Schwarzenegger,26,1.38561827693,0.390954143241,-1.00732240088
Schwarzenegger,27,0.914856749923,0.37269247037,-2.08930804731
Schwarzenegger,28,0.794743111102,0.646648681429,-1.12978802282
Schwarzenegger,29,0.429225278125,0.121382242249,-1.35041693225
Schwarzenegger,30,2.37968138972,0.539472666819,-2.31500164726
Schwarzenegger,31,0.790875242317,-0.295690286331,-1.47658598742
Schwarzenegger,32,1.60099882409,0.401512433848,-1.50299971963
Schwarzenegger,33,1.91291826708,0.00760607952798,-1.54915999538
Schwarzenegger,34,1.20530752685,1.13724393177,-1.63625578199
Schwarzenegger,35,1.55760324195,-0.151231068428,-1.50184264077
Schwarzenegger,36,1.36807556694,-0.129004482432,-0.884021555666
Schwarzenegger,37,1.80860775457,-0.327636594479,0.102877809974
Schwarzenegger,38,1.20868524709,0.588007735916,-1.66255308785
Schwarzenegger,39,2.50682868174,0.141128077925,-1.76086912366
Schwarzenegger,40,1.10573049867,0.0999753854904,-2.32522262037
Schwarzenegger,41,1.14884138176,-0.436032615729,-0.24670056615
Schwarzenegger,42,2.12593884916,0.42250986898,-2.35655794669
Scott,1,0.864439058368,1.10892111758,-1.85541056742
Ralston,1,0.790139143764,-0.0172019049321,-2.1907885748
Ralston,2,-0.0400064820857,0.765110138087,-2.40868583479
Khanjian,1,-0.375046103856,0.0345372143023,-0.673371390088
Khanjian,2,-0.573399515582,0.808939180527,-3.3220613355
Cooper,1,0.532898501532,0.664879591998,-1.5259451713
Hoffmann,1,2.87924208868,1.00293073153,-2.37518074256
Hoffmann,2,3.28133167936,1.12385496885,-2.0550236212
Howe,1,0.635781857351,-0.169667624846,-0.682033454361
Howe,2,1.30350235042,1.66621694806,-1.86118463378
Howe,3,0.635577867377,0.0943541607801,-1.78541149753
Howe,4,1.03662692491,1.07259588561,-2.34706671818
Johnson,1,0.457401858648,-0.364446438237,0.893536292643
Martinez,1,0.48150867114,0.622125491446,-1.85590060902
Shanks,1,0.690193712505,-1.61035796604,-0.555524798642
Lopez,1,0.149143744423,0.875454617893,-1.68083596873
Gatti,1,1.16617044208,0.268829146676,-1.43972255283
Gatti,2,1.11075662631,-0.0298816221928,-1.39502531595
Gatti,3,1.18785714284,-0.572200079445,-1.30203285298
Mekel,1,1.63323718428,0.960459286598,-2.15300710879
Mekel,2,1.56277958846,0.0657356277477,-0.733998601722
Hutchinson,1,1.45075631462,1.84224952157,-1.43492324382
Hutchinson,2,0.646092705166,0.880560887314,-1.91270845445
Barajas,1,0.324334569887,0.633355212923,-1.91038113655
1,-0.753514316735,-0.943342287447,0.291071154314,-1.08665719027
2,-0.895716692127,-0.309030656073,0.437197736637,-2.42043749902
3,-1.21330771656,-0.641055502426,-0.462511293978,-1.57842029946
4,-1.84115377316,-0.398564687484,0.514199333039,-1.07652561454
5,-1.21333662595,-0.472878226908,-0.508225903102,-1.51619261988
Talbot,1,-2.01489666802,1.29662454407,-2.06693500561
Judd,1,-0.790335121125,-0.215497005585,-2.12399557091
Olsen,1,-1.98792954788,0.619001082625,-0.928168683816
Postell,1,-0.28638681561,-0.531910354664,-1.27019450819
Alasmar,1,0.550944424266,0.0776123995597,-2.96783690695
Ghani,1,0.994702947777,0.828913610554,-0.94455666254
Kutcher,1,0.252208798381,1.35954003593,-2.54814263481
Kutcher,2,0.830589644362,1.70909290843,-2.57552615504
Kutcher,3,0.225738488694,1.6706102233,-3.14935105356
Ali,Zardari,1,-0.755676394435,-1.01856880455
Hanif,1,-0.00980230479507,-0.238812199835,-1.02263098091
Akayev,1,1.9001723693,-1.31289680315,-2.15912141143
Assad,1,-0.742139253317,1.30884059255,-2.90434048045
Ahmadi,1,2.07634707219,0.242616995802,-1.69571341735
Ndiaye-Diatta,1,-0.278336645455,-1.43103591546,0.0507528796436
Betancourt,1,-0.363081784911,0.257115120422,-1.06003337232
Eyzaguirre,1,-1.24999162436,0.457486926669,-2.09631906443
Bihari,Vajpayee,1,-0.924340221314,-1.26454636702
Bihari,Vajpayee,2,-0.919654598797,-0.794518233903
Bihari,Vajpayee,3,-1.09342154326,-1.13616548939
Bihari,Vajpayee,4,-0.244627719112,-0.773694365646
Bihari,Vajpayee,5,-1.0664357237,-1.40990564314
Bihari,Vajpayee,6,-1.8791228888,1.23710876668
Bihari,Vajpayee,7,-1.07091210744,-0.371922360372
Bihari,Vajpayee,8,-1.12946428582,-1.56921811353
Bihari,Vajpayee,9,-1.8141341288,0.5273504186
Bihari,Vajpayee,10,-1.16305471757,0.0190869836899
Bihari,Vajpayee,11,-0.852732859432,-0.472428655359
Bihari,Vajpayee,12,-1.0491621873,-0.925390816183
Bihari,Vajpayee,13,-0.432144881364,-0.796611280816
Bihari,Vajpayee,14,-0.699696824218,-1.28166207548
Bihari,Vajpayee,15,-0.859620033204,-0.889171127226
Bihari,Vajpayee,16,-0.917847804846,-0.0135327398966
Bihari,Vajpayee,17,-2.02171683078,-0.67610685115
Bihari,Vajpayee,18,-0.482700193872,-0.43772389965
Bihari,Vajpayee,19,-0.241004308988,-0.488242795072
Bihari,Vajpayee,20,0.0340697316646,-0.695265183269
Bihari,Vajpayee,21,-0.898939142957,0.125765227618
Bihari,Vajpayee,22,-0.669482372068,-0.790095905404
Bihari,Vajpayee,23,-1.73177209784,0.360188606252
Bihari,Vajpayee,24,-0.615822074039,-1.36180125362
Mohajerani,1,0.83327513119,0.176914510693,-0.315597918028
Ijan,Amabel,1,-1.16027768725,-1.50507018177
Egoyan,1,2.14144772735,0.818273976708,-2.18392154229
Sato,1,0.0902326720759,-1.41832341932,-0.679980687035
Lacroix,1,-0.737094335123,1.51404028702,-2.2443778845
Sauret,1,0.639394237253,1.29273976183,-1.60027112761
Calleri,1,1.39258625689,-0.406804355739,-0.618915806116
Calleri,2,0.451619210632,-0.76688261308,-1.02756053389
Calleri,3,0.941595587192,-0.656518522369,-1.2793264243
Calleri,4,0.648182075556,0.425227159469,-1.38597059912
Pinochet,1,0.438841767523,1.76400771747,-2.99174345525
Pinochet,2,0.0175663674227,1.70237229303,-1.16349342854
Roa,Bastos,1,-1.86307318861,0.768770876554
Roa,Bastos,2,-1.74882284783,1.05319989477
San,Suu,Kyi,0.105188599031,-0.355777401687
San,Suu,Kyi,-0.858559566895,-0.320583007285
Kearns,1,0.681097983616,0.362254575827,-2.67869165564
Lavigne,1,-2.52305861312,1.30741970311,-2.71823272202
Bishara,1,0.460171299919,-0.261470597417,-1.50952456252
Akin,1,-1.92462939812,-0.283149776542,-1.45436517929
Akin,2,-1.16270013275,0.0787860593825,-1.49244104307
Akin,3,-1.94054875378,0.237089221961,-2.56292091412
Akin,4,-1.86993139032,-0.195563056472,-1.81716840532
Ruth,1,1.23595894834,0.824854584432,-1.43647634706
Bhattari,1,0.579051408754,0.502341004262,-3.02949788442
Chang-Ryun,1,0.469956069039,0.678265031464,-1.7048019652
Bach,1,-1.19673628704,-0.121346090851,-2.07044250473
Becker,1,-1.81526365901,-0.563241298758,-1.70645717809
Bodine,1,-0.763411306414,-0.169693231205,-1.64096853746
Boxer,1,-0.317568829873,0.252390165005,-1.2003118917
Brezigar,1,-0.753671567008,-0.311395623118,-1.84336498325
Brezigar,2,-0.776376585354,1.32735701412,-2.57770060517
De,Brun,1,-1.45155216107,1.82323601281
Esbin,1,0.860360733748,0.0430643792949,-0.101155610993
Felt-Miller,1,-1.11520991245,1.43604237584,-2.43757023577
Roberts,1,-0.0289963377824,0.619791943292,-2.56436046458
Walters,1,-1.86394206169,0.841873556181,-2.69995910351
Walters,2,-2.78344800946,1.68802549923,-2.90717118807
Walters,3,-1.67773143828,1.47090044028,-2.25942400186
Walters,4,-1.45305490874,0.984740043676,-2.1196596894
Strycova,1,-0.626263299578,0.382716039491,-2.30311553163
Streisand,1,-0.765781018453,0.57964341323,-1.58203470514
Streisand,2,-0.741646470802,1.66664408442,-1.47163018885
Streisand,3,-1.41527122984,1.75012372528,-2.34775528939
Jackman,1,0.725760461745,1.54161093058,-1.80154343173
Jackman,2,0.851870587626,2.11021352711,-2.59855459246
Alvarez,1,1.67318442283,1.50592954354,-1.36049000351
Alvarez,2,0.70527607672,1.37957106501,-1.25330875747
Bonds,1,0.562877148585,-1.39071544911,0.99441448117
Collier,1,0.883924587949,0.839583372512,-1.85291725788
Diller,1,0.815908515207,1.6073483588,-0.123617450756
Ford,1,0.619452425528,-1.43021659122,0.600251886031
Hinson,1,1.02734884114,-0.214050841956,-1.64609946771
Nakell,1,0.999790744241,1.32886473676,-1.18402110473
Switzer,1,0.890184563977,0.0357995821764,-1.62756614025
Williams,1,1.84899017623,0.643666937055,-1.67715810381
Zito,1,0.411217895071,1.19227633418,-1.15059559383
Zito,2,-0.458409953359,0.0823203820586,0.134185298043
Freundlich,1,0.554929882911,1.23918582177,-1.47679626975
Hendricks,1,1.60721515612,1.34538558484,-1.91561600436
Kizierowski,1,0.468408498137,0.296059590495,-2.59422978434
al-Tikriti,1,2.02393949099,0.694799110596,-2.79624124758
Panday,1,1.16960875899,-0.812355289326,-0.326869997318
Assad,1,0.249468189873,1.3514442042,-1.65929469258
Assad,2,0.51462892529,1.223086485,-2.14300430902
Assad,3,1.67469403771,1.39865192826,-1.87107447708
Assad,4,0.730757470159,0.796703196079,-1.53155435331
Luhrmann,1,0.648529990364,0.325605974624,-2.44637800662
King,1,0.300025662183,-0.161327289529,-0.798992786911
Dalle,1,-0.67442380352,-0.552543397022,-1.60352531428
Merino,1,-0.881165664342,0.34300191032,-2.6455889457
Ray,Kirby,1,-1.3352072357,1.54076275423
Khaleda,Zia,1,-0.572560483692,0.327568453362
Khaleda,Zia,2,-1.23148443849,-0.272955319365
Karolyi,1,2.47265746041,0.579865690695,-1.82744868379
Affleck,1,1.24723608394,0.877133458433,-1.7788091861
Affleck,2,1.10828034838,0.943043759223,-1.80426246436
Affleck,3,0.527281650017,0.100073450978,-1.39297271006
Affleck,4,0.93354242049,0.15052827869,-0.818626915946
Affleck,5,1.19084068646,0.835862122569,-1.14699729595
Affleck,6,1.24788084427,0.682966108613,-1.31329564707
Affleck,7,1.9732671702,1.05547909523,-2.06928468032
Bhutto,1,-1.18000581847,0.864306931761,-2.33273754299
Bhutto,2,-0.705919838224,1.30492140512,-0.66050582642
Bhutto,3,-0.0602479465873,0.891656587889,-1.22591325141
Bhutto,4,-0.800033768074,0.314095891897,-1.89849245426
Bhutto,5,-1.19305328526,0.42808641044,-2.74400724597
Betts,1,1.53680895415,-0.209477129622,1.61443116823
Braun,1,1.3777054621,0.98928873978,-1.51734304352
Broussard,1,1.74459195862,1.0044009173,-1.9927030115
Cahoon,1,1.31037981744,1.87963693315,-2.85655765334
Chandler,1,0.60585450742,0.978972836523,-0.869002474886
Cohen,1,1.27833634452,0.992840646352,-1.60887060555
Curtis,1,1.06006552609,-0.619260456112,-2.08257776321
Curtis,2,0.512185537108,0.0615803808591,-1.96238295962
Curtis,3,0.940058713201,-0.487226884364,-1.39892398011
Davis,1,0.687789950519,0.017899686677,-2.27645824534
da,Silva,1,-2.16519694589,-2.42170688438
Glisan,1,0.996201079114,0.816440316711,-1.64301036049
Glisan,2,2.24274413449,1.51508170449,-2.05844869701
Howland,1,1.19541231709,0.43193444351,-0.942636544819
Howland,2,1.12524498984,0.535616403281,-1.59221710627
Howland,3,1.4023928807,1.17551195003,-2.84057623075
Howland,4,0.933315026018,1.0422359552,-1.13197038998
Del,Toro,1,-1.16223443417,0.262813560061
Santiago,1,1.940929626,-0.138280801531,-1.05089831304
Bratt,1,1.2796929336,-0.801566882125,-1.00706313485
Franklin,1,0.306842573251,0.0708707328133,-1.65462167196
Martinez,1,1.75092627303,-0.265181781957,-0.615440554151
McKenzie,1,0.432717329634,-0.729013816935,-2.39812521982
Netanyahu,1,2.23019345196,1.02479754653,-1.87026977074
Netanyahu,2,1.17691114864,0.814346587232,-1.75418311654
Netanyahu,3,0.817578432251,0.827122665538,-1.59690981726
Netanyahu,4,1.38929943432,1.66429175508,-2.00834464773
Netanyahu,5,1.15807760939,1.22381988733,-1.28639423965
Neulander,1,0.0592447115879,-0.508899226963,-2.87406930273
Kingsley,1,1.43045874084,1.44980437357,-2.6904553613
Lee,1,1.53763272015,1.09628639524,-1.62575568534
Stein,1,2.07152564002,0.163589312294,-0.758431260586
Wallace,1,0.921880181282,-1.73876528967,1.05693828372
Peters,1,-1.4479511423,0.430284999591,-1.86521558557
Ebbers,1,0.550725950268,1.82818850836,-1.79387199783
Giraudeau,1,0.781373955594,0.318802948529,-1.68687717764
Kerik,1,1.59152571369,0.675982921611,-2.30221810286
Landry,1,0.703816114485,1.7422939601,-2.15719049985
Landry,2,0.466039824686,0.848255083594,-1.49560432953
Landry,3,0.620103093272,0.38500445126,-1.02954298838
Landry,4,0.925060946583,0.911896856092,-1.51759180431
Law,1,0.342926950325,0.978773361551,-0.877393058908
Law,2,1.20577638684,1.23577427874,-1.44751125109
Law,3,0.843877510339,2.63246596621,-1.44068676539
Law,4,0.474017653472,1.87682904458,-0.918501040057
Law,5,1.33185000354,2.07897439509,-1.8380103267
Lord,1,0.60762729701,0.605247697546,-2.16749566498
Lord,2,1.21879161195,0.464761329421,-2.93322994544
Segura,1,1.42458296259,-1.31160587737,-0.932416444549
Segura,2,0.336029100501,-1.36640334605,-1.64149109479
Siegel,1,1.40806705182,1.40246774171,-1.69728792819
Wong,1,-1.78836239388,-0.76243205098,-2.1046629007
Ahern,1,1.08185103841,1.9279453258,-1.98647144001
Ahern,2,1.63106653871,1.15158754122,-1.92572632226
Ahern,3,1.5659738636,2.18412895107,-2.36806083729
Ahern,4,-0.103537992822,0.416412961668,-2.2284578754
Ahern,5,1.66168023688,1.00230104454,-2.41519625971
Bonello,1,0.923028002285,-0.268098256237,-2.7913419586
Bonello,2,0.664276642433,1.29610132674,-3.69720960194
Delanoe,1,1.19749031892,0.0413181699386,-1.85034426181
Blough,1,-0.659937487534,0.916832734593,-2.02491535034
Jones,1,0.61124888243,1.02672784886,-1.54957303505
Jones,2,0.388104064436,-0.876294819727,-0.756555546475
Coffin,1,-0.665682308658,-0.336831839899,-2.45784230039
Smith,1,-0.467066927728,0.954688774865,-1.77826894783
Smith,2,-0.863649107832,2.18298206587,-1.79832735839
Rheims,1,-0.177847548906,1.64453330117,-2.53979238615
Garrison,1,-0.249923398693,1.71323819461,-2.69446538625
Williams,1,-1.2071489102,0.950165909913,-1.6089745193
Knowles,1,-1.48159449134,-0.573766418635,-0.53558015905
Jagger,1,-1.25244792774,0.276459746911,-1.99250571544
Darvish,1,1.30899137205,0.478894569516,-1.5372778019
Darvish,2,1.02226872102,0.400761734551,-2.3498041275
Darvish,3,1.56556291278,0.585953170138,-1.67318530538
Namdar,Zangeneh,1,-2.35794565131,1.09360069255
Namdar,Zangeneh,2,-1.7013683852,1.20164176375
Erdogan,1,1.22213696376,0.153561670394,-1.80415764479
Plavsic,1,0.012887984201,0.778441104473,-2.10412110593
Plavsic,2,-0.403030060627,1.47801646288,-2.64661696198
Plavsic,3,0.406318717547,1.44516849077,-2.78929856628
Belichick,1,1.28467345949,1.15726102188,-1.59538422137
Belichick,2,0.969624594692,1.13839421793,-1.91116600938
Bradley,1,1.47493142345,1.56762586062,-1.78787395271
Butler,1,0.844209399326,0.801304427566,-2.41348382826
Byrne,1,1.41580261391,0.827309165325,-2.03253158351
Callahan,1,1.34842835233,1.73496202342,-2.97128568002
Callahan,2,1.59623556175,0.151513422524,-2.16439718014
Callahan,3,1.30821720659,1.25143196274,-1.04090496887
Carmody,1,1.20565825666,0.951674692217,-1.94785498641
Cartwright,1,0.525871578141,-1.15520562077,0.144584282442
Clancy,1,1.44896891973,1.27739195108,-1.55662448673
Clinton,1,0.52731570777,0.76192337577,-2.00458938873
Clinton,2,1.02233433034,1.6905160124,-2.1895209991
Clinton,3,1.64582019338,0.872275833967,-0.827314517434
Clinton,4,1.8293167241,1.8413125447,-2.38444673337
Clinton,5,1.09940688469,1.45667596822,-1.21763590097
Clinton,6,0.528357469196,1.76719187296,-2.66024678036
Clinton,7,0.145381613888,2.10473823931,-2.62919889939
Clinton,8,0.987940387669,0.947622390334,-1.27149662224
Clinton,9,0.848903571654,1.67740363693,-2.35546362198
Clinton,10,0.797963724811,1.04343484421,0.135826535842
Clinton,11,1.24788795059,1.81384508043,-1.83776729206
Clinton,12,0.76354799619,1.37154513643,-1.97291409873
Clinton,13,1.08433474804,1.14525159438,-2.23803787632
Clinton,14,1.46855794477,1.29676162827,-1.5887246726
Clinton,15,0.748231078551,1.93358843763,-3.71902996259
Clinton,16,0.800642819007,0.668800722774,-1.31183229136
Clinton,17,1.27392693432,1.74949864732,-2.42755700782
Clinton,18,-0.377048412042,2.17661220357,-2.01999850634
Clinton,19,0.973899578362,0.884668947305,-1.74466890451
Clinton,20,1.58945506492,1.27088167351,-1.98740534138
Clinton,21,0.968345219818,0.0133313592198,-1.95753183594
Clinton,22,1.82183729989,0.976774167534,-1.48589632919
Clinton,23,0.713173159424,0.519950131827,-1.74471986637
Clinton,24,1.01660162448,2.25402575733,-2.02794272343
Clinton,25,1.28578845705,0.80196673232,-1.21729894666
Clinton,26,1.46432465694,0.435441628305,-3.28518155387
Clinton,27,0.785839014665,0.0360996802567,-1.05681309344
Clinton,28,1.27757803312,0.00349518146661,-1.31050992879
Clinton,29,0.861231773309,0.485786223964,-1.69639889191
Curry,1,1.57859388738,0.459356904733,-1.8195643564
Doba,1,0.77540378539,1.69707058552,-1.63204722816
Duffey,1,-0.0525161346884,2.0529055036,-1.76451962493
Elliott,1,0.954913203738,2.06699866631,-2.49582046965
Fennelly,1,0.35468922081,1.5330493789,-2.1695654044
Frist,1,1.93248680899,0.780170899298,-1.953281842
Frist,2,0.892442036007,0.827985142757,-1.72258346544
Frist,3,1.52365719802,1.79544034165,-2.34897628247
Frist,4,0.225705927944,0.203135502187,-2.60577738374
Frist,5,0.50354662021,0.0165971713827,-0.827992050025
Frist,6,0.64529804516,1.00140563946,-2.38313996106
Frist,7,0.949346251419,1.88868867616,-1.48495358644
Frist,8,0.83268373256,1.70337347864,-2.16570115985
Frist,9,1.39203229704,1.44420251092,-2.41364407998
Gates,1,1.03202559298,-0.491202154007,-2.31626862379
Gates,2,0.696659115279,0.0271152046902,-1.00641982778
Gates,3,1.0999368827,0.188418200528,-2.26324425579
Gates,4,1.4017064773,0.841347209426,-1.49384983845
Gates,5,0.808467026966,1.43270343231,-2.10027322151
Gates,6,1.18449709454,0.69316780686,-1.27333046277
Gates,7,1.57127044259,0.844925364822,-2.01335401975
Gates,8,1.07292353907,0.599356817629,-1.19464969887
Gates,9,0.721177619919,-0.198822690885,-1.25047695711
Gates,10,1.00563164589,0.355893539308,-1.57947024665
Gates,11,0.699150963075,-0.565689452054,-0.453364488305
Gates,12,0.808478773464,-0.400659660469,-0.252564526711
Gates,13,0.912452297011,0.357413231454,-1.33319190673
Gates,14,0.89484516701,0.675396807523,-0.901389229965
Gates,15,1.50449741777,0.175040373085,-2.36525236381
Gates,16,1.59130567805,0.699484486653,-1.42187162183
Gates,17,1.36684130648,0.250802739961,-0.842044138344
Graham,1,0.876540919861,1.21294807369,-1.40136907463
Graham,2,1.55587171685,1.84017805224,-2.39388587823
Graham,3,1.00687250771,0.300841319893,-1.72555007691
Graham,4,0.842356595448,0.411235824731,-0.692573635922
Graham,5,1.565760017,-0.0376454107341,-0.746758370511
Graham,6,1.48761304789,-0.00896544624831,-1.19482883765
Graham,7,0.792876386353,0.0802885826709,-1.44351011121
Graham,8,1.52225898045,0.316514034788,-1.08552561408
Graham,9,0.291123848012,1.16245117273,-1.33776833857
Guerin,1,1.15373189102,0.0994778893573,-1.3074413914
Herrion,1,0.0657040614101,0.469482446454,-2.51121771123
Hughes,1,0.62103710345,2.14423188337,-1.61134120352
King,1,1.20337786661,-0.036053859763,-2.15741183319
Kollar,1,0.720886431755,0.534122304426,-1.49111424568
Kong,1,1.38951529697,-1.02103308063,-2.4572441778
Lerach,1,0.649901741736,1.00384027431,-1.46239612942
Maher,1,1.48524807271,1.74757648495,-2.73303610037
Mauldin,1,0.403863511692,0.012344805568,-0.478474572224
McBride,1,1.03053668122,0.0607738599791,-2.7795025291
McBride,2,0.108648127297,1.07314174135,-2.7849220743
McBride,3,1.23489442882,1.41353248787,-3.27061883734
McBride,4,1.1894301719,0.914188144382,-3.33762250863
McBride,5,1.61035490582,0.620494415141,-2.52621303764
McBride,6,0.665458931378,0.55418422413,-1.94815917731
McBride,7,2.20747746212,0.763405065383,-3.09756927352
McBride,8,0.653354514487,0.371430352108,-1.10167203029
McBride,9,0.706690009469,0.359824851633,-2.48840945016
McBride,10,1.50169263647,1.25039720157,-2.65624751011
Nelson,1,1.18894773219,0.783672851694,-1.99055008705
Nelson,2,1.44135138816,1.97834738261,-0.976674884737
OReilly,1,0.308666021761,0.742858716552,-1.75059830531
Parcells,1,1.54564102563,0.223657367746,-1.51299094266
Parcells,2,1.1803480696,1.62154034572,-1.93988530513
Parsons,1,1.20407406384,0.649201916676,-1.52157937294
Paxton,1,1.0352374423,1.75896167906,-1.84254060318
Paxton,2,0.134829984927,1.09378756339,-2.74411089151
Paxton,3,0.788465425191,2.07598688608,-1.83306013995
Paxton,4,0.25470274647,1.96248944657,-2.2279327898
Pryor,1,0.671954319426,0.714599317792,-1.62697841714
Rainer,1,1.79259952151,1.00909980059,-1.59667360697
Readdy,1,1.73268563272,1.24362023017,-1.9741388963
Richardson,1,1.53302824159,0.197554428554,-1.59236305542
Self,1,0.871986190401,0.399507309438,-1.45278407953
Simon,1,1.7470174027,1.27276999977,-1.37719774281
Simon,2,2.45373363055,0.652674898906,-1.77541150678
Simon,3,0.951281527734,0.831763136981,-1.52788961998
Simon,4,0.455927944188,0.997033727907,-0.852021386503
Simon,5,0.418447818204,0.0774074688437,-1.15417732859
Simon,7,1.0498950525,1.60723762859,-1.77592123663
Simon,8,0.877106893878,2.09092741944,-2.54840470891
Simon,9,2.02656148323,-0.0204491108613,-0.441103145886
Simon,10,1.30344184283,1.21134165504,-1.95599653325
Simon,11,1.53975396075,1.71981287035,-1.67732577463
Simon,12,1.41344063087,0.838901305722,-2.6611986383
Simon,13,0.676637776755,1.1916163018,-1.81592924291
Simon,14,0.351607802632,0.351744912035,-2.44012655907
Simon,15,0.261284898607,1.21736788544,-2.15189162561
Sizemore,1,0.453277442605,0.514875517733,-1.19147703818
Sizemore,2,0.8124641084,0.750348005219,-2.48214574845
Stapleton,1,0.789154837989,0.87580527899,-1.90410454095
Stein,1,0.823062483297,0.625476907276,-1.9058133582
Walton,1,0.231253672963,0.901735471001,-0.880614057316
Andrade,1,1.781678452,-0.889540075236,-1.05848534397
Beane,1,0.757791834024,0.340274076737,-1.35344663065
Bob,Thornton,1,-1.80160400652,0.333699202895
Boyd,1,0.459287957929,1.35863289124,-2.65383840028
Crawford,1,-0.277648128228,-0.549259284349,-2.80161211951
Crystal,1,1.63263807012,0.326815076308,-0.952665544925
Crystal,2,0.641444755053,0.620353333197,-0.944087664675
Crystal,3,1.11969789906,1.75525013169,-1.59478839844
Crystal,4,0.960458297007,0.624053820786,-1.71393610971
Crystal,5,1.85924726152,0.900029838931,-1.13602026169
Crystal,6,1.31304131036,0.442766376978,-0.228162800921
Donovan,1,0.650591473427,1.1834411583,-1.33213870317
Edelin,1,1.80036475112,-1.1400762249,-0.185750613837
Gilman,1,-0.14948704235,1.78203340314,-3.56937346156
Graham,1,0.0384258472426,1.30216868837,-0.824712381109
Graham,2,0.814540197596,1.67102151194,-1.38531546543
Joel,1,1.12151036063,-0.0893892596471,-0.578500602094
Rork,1,1.03500595578,1.3574845025,-2.04493013588
Sollie,1,0.963020386065,0.497685571721,-1.74931941161
Sollie,2,1.33819800366,2.30231470413,-3.53713343004
Tibbets,1,0.969328390348,0.685299049331,-2.08499727209
Crosby,1,1.01956393279,0.158845201299,-0.964309358277
Ben-Eliezer,1,0.804265084076,-1.01990980191,-0.629103567123
Ben-Eliezer,2,0.896041430816,-0.409047632543,-0.588095254431
Ben-Eliezer,3,0.506648414521,-1.12706757721,-2.2701226921
Ben-Eliezer,4,0.536299986202,-0.904251741556,-1.73201644423
Ben-Eliezer,5,1.3202924857,-0.422143127074,-1.64557870973
Ben-Eliezer,6,0.797108483247,-0.862487020533,-1.99370246855
Ben-Eliezer,7,0.564348614897,-0.35846645262,-2.66645461978
Dele,1,1.35850797367,0.184752680175,-1.64027006159
LIzarazu,1,0.908950816893,0.072932655594,-1.41369279209
Habibie,1,1.595278192,-1.55160205378,-1.0574850142
Ople,1,1.99490742034,-1.72653355524,-1.66624342774
Danner,1,-1.18931147539,1.54794220082,-2.02839574006
Danner,2,-1.21943463808,2.19583375524,-2.03284122098
Hartley,1,0.486668953972,1.31055296264,-0.485260364574
Hartley,2,0.216722729463,1.58111339151,-0.956800937675
Alper,1,0.17665057921,2.33080738851,-1.1264799457
Beauprez,1,1.89813987869,1.94025452741,-1.66482973963
Beauprez,2,1.56453054043,1.96792793785,-1.6526575783
Bowlsby,1,1.28464844088,0.915885363568,-2.68844961634
Bowden,1,0.806434141178,1.04378925271,-2.35597431
Goldwater,1,0.352307112834,0.958828487499,-2.3403275274
Goldwater,2,0.144302690326,0.654318674557,-2.25487833373
Jackson,1,0.664659478004,-2.03306094316,2.52837715669
Kielty,1,0.487900649564,0.93774085582,-2.16206182325
Robson,1,0.299931545024,0.144773227151,-0.229666231922
Robson,2,-0.0297060932765,1.05261744607,-1.0229683876
Cantrell,1,1.13647423879,0.199579612374,-0.956747697427
Colvin,1,0.948702708933,0.299053879321,-2.49986040992
Colvin,2,2.40525466334,1.19053126156,-3.26451627561
Crippen,1,1.82433899918,0.463377370236,-1.91983878682
Curtis,1,0.466114223723,0.0191935558912,-1.58447244332
Dole,1,0.597249658609,0.739362756134,-2.10948490243
Dole,2,0.953689788682,-0.286429482582,-0.199644967785
Dole,3,0.300078739303,1.80315583865,-1.43104130276
Eskridge,1,0.736186124682,0.815001167394,-1.71507644984
Ferguson,1,0.7573201377,1.13460904146,-1.19463748302
Geldof,1,0.859506708057,0.144772215345,-1.32969797159
Geldof,2,0.594422639299,0.844010140651,-1.84071098913
Goldman,1,0.767580669136,1.64433523468,-1.88717679404
Graham,1,1.54966198929,1.6548396063,-1.98785559118
Graham,2,1.63624620316,1.49471732627,-1.50686383896
Graham,3,1.36584608175,-0.329938095475,-1.29166182973
Graham,4,1.02008175561,0.283623557262,-1.31439704318
Graham,5,1.26551745341,0.725619150833,-1.40547264102
Graham,6,1.40669343838,0.565556086288,-2.16452530552
Guccione,1,1.26331884382,0.582593390389,-1.14363065201
Hartley,1,1.97913926789,1.39125065346,-2.39804172288
Hayes,1,0.343562094567,-1.58922659801,0.903377541596
Herz,1,1.52718926535,0.641915272904,-1.48084786694
Holden,1,1.0704055299,1.50428069461,-2.84355317318
Hope,1,0.685984493635,0.823383336032,-0.568473010722
Hope,2,1.19938105922,0.213506374726,-0.78511956474
Hope,3,1.77571501819,0.502631016236,-1.53346421695
Hope,4,0.482434019862,-0.307172217474,-0.924297434686
Hope,5,1.40291607083,1.12256731377,-2.98397147841
Hope,6,0.330793543354,-0.198922960698,-1.47482986129
Hope,7,1.15819967473,0.326679088809,-0.856077545272
Hope,8,0.550327036544,0.644817665441,-2.15841613974
Huggins,1,0.380629717634,0.785228996017,-2.43922642775
Huggins,2,1.07055511944,0.530265774977,-2.27558059162
Huggins,4,0.648854644293,0.232254577715,-3.13559793448
Iger,1,1.6619513977,1.26730780865,-2.48810274481
Krueger,1,0.815683477754,1.30327486522,-1.74022831062
Melvin,1,1.15457836835,0.533518157048,-1.10163689866
Menendez,1,0.92821021869,-0.0287130982703,-2.29211888237
Newhart,1,1.39434269621,1.14523018523,-1.67782654574
Balde,1,1.13797752885,-0.985332779864,-0.147962067113
Petrino,1,0.90640806035,1.00977777569,-2.52606381663
Riley,1,1.28549049171,-0.0230722354103,-1.75888970514
Stoops,1,0.747859929643,1.53921511421,-1.43896405698
Stoops,2,-0.183050717665,1.32259000044,-1.19566714603
Stoops,3,0.803149305904,1.47278372699,-2.09547021344
Stoops,4,0.483930549753,1.68473089879,-1.81263449484
Stoops,5,0.112617316462,2.0860044879,-2.38705102032
Stoops,6,0.112351313254,1.13166450634,-2.71554176809
Stoops,7,-0.271973497407,1.71875826758,-2.22181222433
Sulkin,1,0.873153973953,1.20966417343,-2.24072095949
Taft,1,-0.13727840143,0.56244513341,-1.53489717888
Wright,1,0.451658717441,2.16414227023,-2.34047663212
Miller,1,-0.566361164859,0.450425471069,-2.93936920765
Miller,2,0.58790755591,0.600096133765,-3.39265120938
Fuller,1,-1.36981143882,0.865068048905,-2.4848412322
Hunt,1,-0.0216450452429,1.83664021958,-1.46705146883
1,1.11409261626,-0.771959722925,-1.30038254335,-1.15025667579
2,0.0790186992852,-1.3933113712,-2.0198082034,-1.67855298875
3,0.773831849557,-0.990857369075,-2.24411308513,-1.52096732732
Pelini,1,1.37012106006,2.8903400912,-2.37607441695
Pelini,2,2.2381351402,3.01705256465,-2.64838931163
Becker,1,1.90037950912,0.552137784181,-1.95965397402
Becker,2,1.12693044969,0.248841024857,-1.07860673764
Becker,3,1.04323325871,0.149462573996,-0.756060454852
Becker,4,0.794110177186,1.44294151398,-1.57899083933
Becker,5,0.891345178771,0.639389296533,-1.08622916725
Becker,6,0.197296186676,0.549658882294,-2.04712036748
Berezovsky,1,1.98508352306,1.72487051964,-2.30645146127
Berezovsky,2,1.5887569646,1.81254297601,-2.20676163614
Henry,1,0.505492435753,0.713978492884,-1.47468152059
Jordan,1,0.245303506491,0.775162817467,-1.72740083131
Trajkovski,1,0.573385792366,0.84669034922,-1.45820889951
Yeltsin,1,-0.239056197504,-0.0196646136273,-2.06970046946
Yeltsin,2,0.807509632486,1.70934068623,-1.61067132763
Ryan,1,1.57629533412,1.63445728152,-1.48464140403
Ryan,2,1.57319595167,2.00787913434,-0.977081064959
Boutros,Ghali,1,-1.20427658824,-0.753972371364
Alexander,Smith,1,-0.527145764858,-0.616628081442
Banks,1,0.545361225306,-1.88317410113,2.88509825895
Brownell,1,0.0290397233393,0.43519904855,-2.49211738937
Garrett,1,0.914785795868,-0.217704198317,-0.979314662017
Garrett,2,0.584334276268,-0.0799134555258,-0.0674378190936
Garrett,3,1.76761469833,-0.65580190056,-1.41127552185
Garrett,4,1.08412723383,-0.419582231022,-1.37991438763
Gushue,1,1.29550155166,1.4804109801,-3.0290489195
Johnson,1,2.13925916401,1.589384461,-1.70444377441
Johnson,2,1.68583583307,1.87320703374,-1.53846031091
Johnson,3,1.07536865918,1.46069580871,-1.50262419493
Johnson,4,0.657187062651,-0.0175059165337,-1.1466165163
Johnson,5,0.440997198475,0.0756607243198,-0.856627821559
Miller,1,1.44937366484,1.72842312407,-2.36508122396
Pitt,1,0.193563160457,0.269375716323,-2.14673529545
Russ,1,0.643182674008,0.830228733743,-1.21576919953
Smith,1,0.263896291141,0.309203832508,-1.07129423142
Wilk,1,0.129185197135,1.33648180399,-1.07818217374
Rodgers,1,0.411998607894,-0.966383231184,-1.96168595712
Mishra,1,0.900464836235,-0.124500863828,-1.41548532347
Boyd,1,0.424290968306,-1.1949690863,-0.115487139109
Fails,1,1.69606472601,-2.62715437178,-0.408616718077
Hammond,1,1.30089026806,-0.0465756839968,-0.0428690874417
Inge,1,0.616097727853,1.3867560603,-2.16686164974
Jones,1,1.39931076047,-1.59891328841,0.320386643094
Knight,1,0.961473194443,-0.917585465781,0.385968793682
Larson,1,0.215508052686,-0.102040385561,-1.3494627191
Lloyd,1,1.07697781619,-1.44249427142,0.855063036486
Robinson,1,0.476043834081,-1.40711415821,0.817889623664
Spann,1,0.698637772379,-0.813433596173,-0.463916673881
Webb,1,-0.107456138696,-0.00379226360321,-1.00274241485
Crvenkovski,1,3.34122696372,1.0728562295,-0.600181298428
Crvenkovski,2,2.37480549887,0.337570600352,-0.587363815036
Crvenkovski,3,1.33089271433,1.04599056743,-2.42419071669
King,1,0.328873581642,0.868365465211,-1.15159534082
Magana,1,-0.189054401697,1.67128293576,-2.77048696138
Fraser,1,1.44079357164,1.31383543684,-3.29483934994
Gaughan,1,0.204880728265,0.398333067094,-2.51331911294
Hansen,1,0.809133596325,2.0893146545,-1.68145565491
Hansen,2,0.305548643763,0.71340272937,-0.218234377895
Stai,1,1.72176723952,0.946780644079,-2.124271956
van,Dam,1,-0.351710920906,0.736540664408
Wilson,1,-0.801154004966,1.55261950384,-2.22130592122
Leighton,1,0.372945829726,0.979637276507,-3.52185541456
Coles,1,1.25208348884,1.36006642616,-0.999156328786
Boone,1,0.565903705595,-0.166966733324,-1.18145938675
Hawke,1,1.09092505763,1.18990438723,-0.778807266464
Hull,1,0.144580884492,0.805202076206,-1.44987934854
Perry,1,0.710824392728,0.608766622306,-2.08950950269
Billick,1,1.30985477191,1.47814984992,-1.76969685679
Campbell,1,0.909653116507,2.27870240944,-2.95003860413
Cashman,1,1.61928074504,-0.854721218046,-2.58948335948
Clemens,1,0.828745711566,0.250094353447,-2.07498472243
Cook,1,0.100455918819,0.0602635713114,-1.67679215542
Cowen,1,0.653705117531,0.4778938521,-1.56167216003
Cowen,2,0.418030328774,1.24984744303,-2.16023255788
De,Palma,1,-2.14997850086,0.478107196811
Florence,1,0.252840142905,1.48476350096,-2.83644202317
Grazier,1,1.83561949878,0.321433295533,-1.28929708174
Gregory,1,1.16874237841,0.784890737823,-2.31989391662
Griese,1,1.59952169442,0.418400533195,-1.318716132
Griese,2,1.13590945792,0.786000575305,-1.7625111368
Heidik,1,2.02827242666,0.462854867503,-2.41303475985
Heidik,2,0.876091697998,0.740315041251,-1.86582396495
Henson,1,0.796255114603,-0.00844113716582,-0.634278481611
Jordan,1,0.6050277811,-1.14932430142,1.22389208959
Kerr,1,0.529467622607,1.38180899054,-1.44770168548
Lara,1,0.531752599602,-1.49256507279,1.50438651173
McIntyre,1,1.13437067628,0.136709285485,-2.03245861601
Meadors,1,-0.117651768351,1.7047032389,-2.17790288172
Mulroney,1,0.686545060316,1.26249026708,-2.38115149045
Mulroney,2,1.40056135025,0.435905610591,-1.58407573643
Olson,1,1.58150219863,1.21397455663,-1.24490716009
Pavlich,1,0.782770627364,1.22748372037,-2.32263106522
Scalabrine,1,1.26527054374,0.810554209497,-2.30881107293
Schneider,1,0.484718574431,0.541638599534,-0.851285209242
StPierre,1,0.956007212247,-0.0577255900623,-3.05816282639
Van,Dusen,1,-1.80870823233,2.19043621147
Weaver,1,1.29156060644,1.3092269152,-1.78708195044
Wells,1,2.02726402427,1.27293862468,-1.97494930517
Wells,2,1.56796304146,0.0755244503588,-1.07788307222
Williams,1,1.75248083565,0.0981937482531,-2.29056209806
Fonda,1,-1.48518606704,1.30577090491,-1.90545034648
Fonda,2,-1.91382827615,2.11881900136,-1.98084474174
Fonda,3,-2.69717778238,1.37349959568,-2.95643568825
Wilson-Sampras,1,-0.376976351482,1.47384240938,-1.62455021438
Wilson-Sampras,2,-1.03789951649,0.83148527772,-0.679414775611
Wilson-Sampras,3,-0.550466388416,-0.0254188131605,-1.06089336903
Boisselier,1,-2.28149352186,-0.291751157542,-1.4040828778
Boisselier,2,-1.51940120583,0.617673901993,-2.38053422767
Spears,1,-2.496904856,1.97650277452,-0.941224078217
Spears,2,-2.3272234673,1.97735977632,-1.3797911101
Spears,3,-1.45969608657,2.1516110353,-0.875661510191
Spears,4,-1.82307994584,1.43920118857,-1.61323855878
Spears,5,-2.78580506978,2.00775198046,-1.09868068103
Spears,6,-0.837523167563,1.78003482185,-1.80574057619
Spears,7,-2.16757223073,2.03566156198,-0.798284046899
Spears,8,0.190485169206,-0.470302215556,-0.349700461693
Spears,9,-2.17318667708,2.69783689449,-2.4879980922
Spears,10,-1.46027391793,1.94730049266,-0.947707045066
Spears,11,-1.08132163688,1.05020084245,-1.36239536301
Spears,12,-1.19566551138,1.64080264009,-1.30803009083
Spears,13,-0.950107126582,1.47105439951,-2.00506082196
Spears,14,-2.35689569231,1.98050006144,-1.59843950128
Snow,1,-1.15782512779,1.25948427632,-2.34980740318
Berlin,1,1.39514543476,0.539456912896,-2.24775748245
Arroyo,1,0.701513538739,0.112565211591,-2.59184816691
Adams,1,-1.21996541195,-0.0740113461567,-1.99160797034
Gordon,1,-1.89235643637,1.38141206104,-2.44875938995
Shields,1,-0.793112842916,1.6048355711,-3.03349108596
Shields,2,-1.66326725426,1.05644227275,-3.23617901431
Robinson,1,0.697017789068,1.77169169909,-1.97845781949
Arena,1,0.660317887503,1.21316116383,-2.02443469802
Gebhardt,1,0.359933927411,0.537925633238,-1.91632910427
Lunsford,1,0.718417098505,0.546891711663,0.0517682193561
Paltrow,1,1.0939548839,1.1948314116,-0.34237808484
Springsteen,1,1.29227288402,1.09040029756,-0.51448256249
Springsteen,2,1.32943602671,0.896990197723,-0.301119403405
Springsteen,3,0.547564693258,0.945628793284,-1.08765115359
Springsteen,4,0.0156471209923,1.27415583009,-0.875190069891
Van,De,Velde,1.64768238854,-0.724894352863
Van,De,Velde,0.55482795132,-2.54576218908
Weber,1,0.948089234382,2.71262326577,-1.27252831368
Weber,2,1.12663291928,2.60002153694,-1.72274200076
Willis,1,1.27055771594,1.58866283474,-1.0403901975
Colosio,1,-0.219457213677,0.319952462758,-1.50348309285
Junquiera,1,0.0789726445288,-0.508204946974,-0.529536070168
Adams,1,0.202055858399,0.87546791329,-1.52796276372
Chui,1,-0.239593818442,-0.850061203809,-3.20750612785
Cooley,1,1.10567008762,0.244450566925,-1.03348400575
Murray,1,0.313111651281,2.78702926418,-2.04320621911
Thomas,1,0.704370371654,-1.10763127793,-0.28630215892
Young,1,0.200658862534,-1.15119966327,1.02237237897
Carmine,1,1.53725758275,1.51289383245,-0.919894610969
Rodgers,1,1.00534826152,0.840563970294,-1.29191078487
Schulberg,1,0.740327818778,-0.642477022914,-1.08112455337
Ryan,1,0.399689969417,1.3593576153,-1.79552166992
Selig,1,1.01187439006,0.970760434646,-1.76086613159
Selig,2,0.674621503432,-0.0528926566759,-2.12243363922
Selig,3,0.949218307103,0.342714504762,-2.12645591127
Selig,4,0.977738394119,0.627516790939,-1.59360294508
Blount,1,2.03808035253,1.08427725084,-1.53677352115
Ecevit,1,1.54631021003,-0.902584794147,-1.80350250878
Ecevit,2,0.772526985461,0.729328942072,-1.99028358962
Ecevit,3,0.856659640992,-0.439542747135,-2.01286835098
Ecevit,4,0.891453272349,0.340073448357,-1.6247905659
Ecevit,5,1.24625893143,-0.254816270268,-1.04127298648
Ecevit,6,1.03635386561,-0.397035020371,-1.86434026113
A,Zedan,Aljanabi,0.988653885669,-0.842767074918
Davis,1,0.856573075343,1.26453266252,-1.94946905543
Davis,2,0.531190190019,1.46879108045,-2.19397871318
Hargrove,1,2.13110409759,-0.19679864286,-0.634454102869
Scott,1,0.750899923064,-0.992299945897,-0.0888319113323
Scott,2,1.30048802582,-0.33585172468,-0.581747349451
1,-0.104335588887,-0.111860378042,-1.62879690207,-2.11603917402
Blat,1,0.46497747306,0.0541642204781,-2.73490485676
Cheaney,1,1.48236177025,-1.41819727776,1.15618371325
Flockhart,1,-1.90984073889,1.63941191403,-2.37405073755
Flockhart,2,-2.04234783463,0.802028549296,-2.54641232192
Flockhart,3,-1.56288344207,0.787685749454,-1.23555662598
Flockhart,4,-2.24970107818,1.89860160598,-2.68110894915
Flockhart,5,-2.60969267507,2.03316476038,-3.18286970774
Flockhart,6,-2.08278197691,1.92063296707,-2.86336422573
Harrison,1,1.11684844218,-1.22306654947,1.4807092284
Joseph,Coleman,1,-1.10720727408,-1.59364054395
Diaz,1,-1.15765646175,0.625561805394,-1.96558472201
Diaz,2,-0.644765293725,0.675376534334,0.127945410572
Diaz,3,0.504157840154,1.44720303794,-1.34975038515
Diaz,4,-1.03432764409,1.52203196882,-1.17211660594
Diaz,5,-1.67173504757,1.75876705269,-1.29341747039
Diaz,6,-1.65166225192,1.92903126208,-2.62236355178
Parker,Bowles,1,-1.65113562175,0.882460682755
Parker,Bowles,2,-1.24785360181,1.31797680519
Colvin,1,-0.546927740549,1.33662399805,-2.32768962326
Lewis,1,0.0436328123327,-1.62614532506,-0.964267091258
Manheim,1,-0.131895018125,-0.381954639833,-1.21748150711
Sutton,1,0.311715817022,-0.454707213095,-1.36186547267
Beatty,1,-0.365850065978,0.273997692398,-0.574572017315
Bergen,1,-0.802176963555,1.62710064506,-1.45540570224
Bergen,2,-1.55094907729,1.69214178925,-2.17333337277
Bergen,3,-1.44430297115,2.24327919416,-2.42846212639
Kung,1,-1.06932736658,-0.975821421136,-0.888338394184
Kung,2,0.939560462424,-1.80409238049,-2.31310615793
Kung,3,1.23483839407,-1.28801563341,-2.58585731276
Kung,4,1.43249645542,-1.34363907633,-2.53591394469
Lowell,1,-1.05152599973,0.0319903938997,-3.57710488726
Davis,1,-0.625184985397,1.01074530046,-2.75156174899
Lau,Ka-ling,1,-0.677516634867,0.0846229814612
Koch,1,-0.849792723189,0.168757379759,-1.29400595939
Del,Ponte,1,-0.982204891865,1.05768585896
Del,Ponte,2,-0.709239019921,0.966459146037
Del,Ponte,3,-0.868915269637,0.263383126543
Del,Ponte,4,-1.41133993416,1.50660269973
Del,Ponte,5,-1.02174530531,1.88710525187
Gay,Balingit,1,-0.890689128333,-1.20860233916
Gugino,1,-0.2071172659,0.896477407809,-1.82999257444
Moreno,1,-0.674109690924,0.441458684934,-2.47014427809
Myers,1,-1.67628019092,0.804787017872,-3.0649713976
Myers,2,-1.18105252884,1.20404447502,-3.75351871032
Sullivan,1,-0.0973243543152,0.536059708738,-0.707551984019
Tricoli,1,-2.40521938236,0.454497506046,-1.64497871247
Levin,1,0.48552105717,0.726665621287,-1.35105876395
Ancelotti,1,2.63107196531,0.0690256891545,-0.913569520987
Ancelotti,2,1.99036875671,0.676395098457,-1.07446974828
Ancelotti,3,2.82583510377,1.25378730958,-1.63231945965
Azeglio,Ciampi,1,-1.13052824669,1.23915294237
Alberto,1,1.78059832283,-1.46442204222,0.722919864874
Alberto,Parreira,1,-0.829254673269,0.261241121136
Arroyo,1,1.71879786532,1.71012670312,-2.56184897009
Barra,1,1.70250490524,0.266530182757,-1.83229477511
Barragan,1,0.948420329728,-0.211662333577,-1.32137560688
Beltran,1,1.45550595875,0.174165450547,-1.17513871319
Bianchi,1,1.92738958265,0.296473818664,-1.45374185268
Bianchi,2,1.97455985174,1.0935317577,-1.66966871717
De,Abreu,1,-1.35398886925,0.101279302198
Fasciolo,1,1.25739853911,1.7018976856,-1.88321231336
Ghosn,1,2.43491380469,0.252991437093,-2.23529905164
Ghosn,2,2.22239331453,-0.867021742078,-2.78428993774
Iturgaitz,1,2.05055109005,0.802216105248,-1.48385936259
Juarez,1,1.38663007383,-0.222086028872,-1.43690570353
Lordkipanitse,1,1.54263809334,1.1814682082,-1.39183058279
Manuel,Pruneda,1,-1.45940696244,1.32910283543
Manuel,Pruneda,2,-0.532939133689,0.46709918334
Manuel,Pruneda,3,-0.166072562829,0.0250993169829
Menem,1,0.847292372353,1.23833812508,-0.79257570145
Menem,2,1.93098629841,0.9689503731,-2.0996349395
Menem,3,0.36023367282,0.195363126519,-1.45547955338
Menem,4,1.05726403392,1.11302123723,-2.53500919597
Menem,5,0.682430813001,0.925718163518,-1.17961521793
Menem,6,1.14763691406,0.687195087649,-1.3989309784
Menem,7,0.602335688771,1.38439067875,-1.61311640075
Menem,8,0.75426252862,0.668905627375,-0.546824791916
Menem,9,0.598765279728,-0.148808479114,-0.498917118583
Menem,10,1.12218992154,0.298093917322,-2.94746694525
Menem,11,1.43403358762,0.47126671195,-0.833481696343
Menem,12,1.60278401169,0.0421673750917,-0.580328865793
Menem,13,0.751766626017,0.551201164093,-1.89478401643
Menem,14,2.01094372408,0.9141889583,-2.61341854952
Menem,15,0.713455562466,0.0569956070972,-2.18501984807
Menem,16,1.29970820237,1.68109917706,-1.84623791483
Menem,17,1.95986772661,0.911816567519,-1.72397061966
Menem,18,1.00428341972,1.1456001286,-0.600861902128
Menem,19,1.40606974474,2.02252795776,-2.42436515468
Menem,20,1.91113565216,0.346063994402,-1.08661897294
Menem,21,1.60812803549,0.864306263959,-2.12606349941
Mesa,1,2.04720945014,0.595028239532,-1.18096512211
Mesa,2,0.489928504677,-0.196332930405,-1.68189580337
Moya,1,0.902829793679,1.02165611245,-0.568197905191
Moya,2,1.30010699631,0.934663476201,-1.40849924595
Moya,3,1.32686383102,-0.543958604253,-0.974631302926
Moya,4,0.670888957563,1.44831733067,-1.97683756748
Moya,5,0.75160469127,-0.301219120955,-1.35236783967
Moya,6,0.772739908469,0.41443706282,0.218081821245
Moya,7,0.0314556817151,-0.28599302937,-1.0518864943
Moya,8,1.81761025919,0.317747639766,-1.39551907559
Moya,9,1.01187694093,0.224396602556,-1.81969660565
Moya,10,1.31635692046,1.18314864518,-2.13670715592
Moya,11,1.12800664223,1.19120873894,-1.72134469254
Moya,12,1.05979170704,-0.327545327882,-1.45596250795
Moya,13,1.52694671579,0.0605238884188,-0.822064338625
Moya,14,1.36774529157,0.676365620326,-1.23667808005
Moya,15,1.24828365451,0.0837862972803,-1.72255277961
Moya,16,1.01462258268,-0.892050447235,-1.64435011426
Moya,17,0.989676304383,-0.551289635296,-2.7730278425
Moya,18,1.04985723299,-0.659012589807,-2.34064539517
Moya,19,1.45044258864,0.566261120242,-2.15836619154
Ortega,1,2.67840644814,0.305292462665,-1.37234525756
Ortega,2,1.89040824865,-0.11482945688,-0.403687674778
Ortega,3,1.80135516875,-0.269365337932,-0.944835666572
Paternina,1,0.799296016308,-0.891659218211,-0.161460066624
Queiroz,1,0.926076800324,-0.198353340884,-1.49511119049
Quintanilla,Schmidt,1,-1.21361215159,0.696935652782
Quintanilla,Schmidt,2,0.0905130756862,-0.99329480414
Ruckauf,1,0.923212524972,1.17734659042,-2.20407455864
Ruiz,1,0.911924845367,0.278634565572,-2.95413099681
Ruiz,2,0.582177952524,-0.771875699984,-2.04893660363
Ruiz,3,1.3003654365,-1.35811455864,-0.537824971759
Salinas,1,1.54948177248,0.847836867156,-1.63546703628
Savedra,1,2.91594960933,0.959458923238,-1.72420116774
Vives,1,-0.265931778458,0.717712271423,-2.45992373434
Vives,2,-0.639265286398,-0.12512846876,-1.72485695726
Vives,3,0.0959974192828,0.468577518565,-1.80207245418
Vives,4,0.224709112036,1.34842137563,-2.56217041755
Pope,1,0.957213555175,1.14664512446,-2.31755894158
Reiner,1,0.289540995198,0.241456812322,-1.71721640845
Reiner,2,-0.336363622395,0.853540941092,-2.36674706317
Baugh,1,1.16924530107,-0.685231335212,1.56298694554
Dotson,1,1.3978697891,-1.64532432732,-0.197011038659
Fiorina,1,-0.0910201973784,1.73905715899,-2.35303549294
Fiorina,2,-1.24927096558,0.759174022752,-2.10544830382
Fiorina,3,-1.34949646649,1.6369288185,-2.36507665998
Gullickson,1,0.216548929278,1.28761682286,-0.560142789078
Electra,1,-1.80958817451,0.588706330521,-2.56906236169
Electra,2,-1.93052172167,0.087428084817,-1.92302494845
Electra,3,-2.48096285436,-0.709265251807,-0.662279210341
Electra,4,-2.37778466529,0.683955833991,-1.47267685742
Electra,5,-2.01997847313,0.800909942943,-1.18581618024
Electra,6,-2.56731770111,1.35455400266,-1.3425232919
Burnett,1,-2.11065811369,1.35634030645,-1.35744573434
Burnett,2,-1.89164036295,1.02780826195,-2.75795910886
Carmody,1,0.739234837162,1.58854416387,-3.53447604188
Barco,1,-0.826753006652,0.853986041249,-2.27690682018
Kluft,1,-0.252676769731,2.23012376559,-2.15528438774
Kluft,2,-0.538015793213,0.929667790721,-1.26092675472
Kluft,3,1.08967755416,1.22809448554,-2.04207624759
Moraes,1,0.132728396815,0.994880927447,-1.57526322898
Moraes,2,0.223118170651,1.22182529664,-1.3148663053
Dhavernas,1,-0.944629479567,-0.125372483322,-0.800754208649
Kennedy,1,-0.864342076675,0.61419418378,-1.51070263759
Kennedy,2,-2.56765731734,1.58358620742,-2.02999659384
Kennedy,3,-1.22782879587,1.8432029761,-2.54670585784
Link,1,-1.57539192865,0.484768827535,-2.40760636502
Moseley,Braun,1,-0.414647269564,-1.5034376299
Moseley,Braun,2,-0.374106867414,-0.398803230249
Niedermayer,1,0.120414871672,0.496849370386,-2.05265571447
Williams,1,-0.192649204995,0.245333670615,-2.93875228469
Dawn,Johnson,1,-2.45296061942,2.3705810359
Dawn,Johnson,2,-2.2942655194,1.90800527656
Dawn,Johnson,3,-3.00388400165,1.58620205174
Kuhl,1,-0.650387870364,1.25245505105,-1.10730417952
Moss,1,-1.63628741504,0.769169614587,-2.19909091341
Moss,2,-1.33667625438,0.582581792418,-2.77007730962
Moss,3,-1.6727518585,-0.0577875359349,-2.57593431193
Moss,4,-2.4161040299,0.515649455539,-3.73598969918
Moss,5,-1.71987569847,0.326616070992,-2.70474045271
Weimer,1,0.264302070072,0.242388862726,-1.52681256301
Daly,1,2.82081843485,1.15153109545,-3.484697627
Daly,2,0.920372437118,-0.0109773963431,-0.292670164321
Palmer,1,0.879978452476,1.31580633496,-1.37235758688
Palmer,2,1.65137203599,1.40509724043,-2.60847199453
Palmer,3,1.59320652828,1.54559329055,-1.94822259153
Palmer,4,1.50614028529,0.878010392859,-3.34536905939
Crowder,1,-0.778922243666,1.97749775589,-2.28805690497
Mears,1,1.73577415364,2.04763527048,-3.0294416498
Heise,1,0.0376452304743,1.76182485112,-2.18545653957
Ballenger,1,0.720785406665,0.600397668519,-1.88173037033
Preslar,1,-0.948959771716,-0.647624313772,0.250603269182
Blanchett,1,-0.94216743379,1.987646373,-2.47531908437
Blanchett,2,-1.4671122351,1.30134162885,-1.74129851508
Blanchett,3,-1.23693697041,1.05986907862,-2.73119965852
Blanchett,4,-0.945800792636,1.79248358598,-1.70174599964
Bell,1,-1.16024814979,0.464330273253,-1.54738696008
Deneuve,1,-1.98979332167,0.797272219009,-2.69831229598
Deneuve,2,-2.29846448017,1.65863622943,-3.80696902807
Deneuve,3,-2.0890706288,1.27900970885,-2.57481882883
Deneuve,4,-2.21971827887,1.52165487353,-1.76196852136
Deneuve,5,-1.28789201572,0.691409028459,-1.89597996462
Donkers,1,-0.790798031125,1.46979979758,-1.6560544273
Ndereba,1,0.382144920486,-1.20952675085,0.341152881777
Woodard,1,-0.224528061894,1.5648368364,-2.58021905276
Zeta-Jones,1,-3.1130912313,1.13976750614,-2.16690688876
Zeta-Jones,2,-2.17586299357,0.46906383485,-0.370994275448
Zeta-Jones,3,-2.30049945597,1.16665411149,-2.95885023519
Zeta-Jones,4,-0.97954820401,-2.19054851743,-1.11691441074
Zeta-Jones,5,-3.05496925865,0.791820553173,-2.59852867521
Zeta-Jones,6,-2.46824402557,1.593535398,-2.13875588836
Zeta-Jones,7,-1.56617827596,1.11916903011,-1.16733573932
Zeta-Jones,8,-1.79844390739,1.44060792795,-2.41473023565
Zeta-Jones,9,-1.77441516771,1.21613989535,-1.60564411425
Zeta-Jones,10,-1.47818775634,1.96751964935,-2.1570845928
Zeta-Jones,11,-0.496650743282,0.526725037438,-2.36595127749
Crawford,1,0.274368418088,1.45215284541,-2.47373703558
Chisholm,1,-0.672697226174,0.434806904527,-1.59175904417
Cunningham,1,0.700139316643,1.69142766093,-2.56017509623
Freeman,1,-0.389475187586,-1.57667391913,0.11498142174
Freeman,2,1.51568251954,-0.856769006372,0.0534060832881
Le,May,Doan,-0.626933903114,-0.472967288274
de,France,1,-1.11692485126,1.42884396114
Bolocco,1,-1.42586969699,0.175129060898,-0.419767561993
Bolocco,2,-2.28399272815,0.843016198745,-1.64262192414
Bolocco,3,-0.423142419638,0.0906340496162,-0.825077399348
Chang,1,-1.98948322976,-0.619052462646,-2.58026640852
Cheung,1,-0.926259587008,-0.77174867213,-2.63178957137
Benson,1,0.903660689679,-0.25086275829,-2.30409624577
Cruz,1,-0.504521172949,-1.49439329171,0.605773538277
Dion,1,-2.32314660682,0.23105101262,-2.48293990717
Dion,2,-1.72044568672,1.39816216271,-1.82308943368
Dion,3,-1.77177829883,0.506015110643,-2.48416748552
Dion,4,-1.91092298674,2.00046860203,-3.88885643566
Dion,5,-1.81914466103,1.29826153705,-2.45505207626
Dion,6,-1.92824591815,1.03543240376,-1.81714634042
Dion,7,-1.75773578407,1.90669183741,-1.89834556593
Dion,8,-1.27070036547,0.569843005214,-1.4113707327
Amorim,1,0.430090039991,0.779489168839,-2.82885370985
Amorim,2,1.39283689085,-0.213143258813,-0.751215306763
Lafer,1,1.33310237386,1.09397135535,-2.24580972824
Cicek,1,2.08963196176,0.175330765939,-1.86506371668
Gaviria,1,2.18254208779,-0.374271627545,-1.3844054248
Gaviria,2,1.5718121199,0.564457865775,-1.90006876952
Gaviria,3,0.929033424315,0.240433983506,-3.22619615063
Gaviria,4,2.10990815934,-0.280601751566,-2.12576469143
Gaviria,5,1.75103555459,0.110845936026,-2.277460594
Gaviria,6,1.34621286723,-0.0853287374035,-1.96258446795
Gaviria,7,1.77866854376,-0.0368661252776,-2.31031202717
Gaviria,8,1.13744688585,0.943498196324,-1.71258949299
Maia,1,0.411673093142,-0.338058833094,-0.887756578097
Gurinder,1,-1.98231686862,-1.11368863845,-1.61391789785
Khelil,1,1.46040620576,1.21084379674,-1.70522036633
Khelil,2,0.380387463343,0.315908691149,-1.14903006099
Mock,1,0.483586210883,2.6784166234,-2.61392286832
Choi,1,1.37054542794,-1.48723636349,-1.6245025063
Rubin,1,0.506590681408,-1.40172306487,-0.639777397127
Rubin,2,-0.64120605787,-1.64391642065,0.730602219526
Rubin,3,-0.422164650616,-1.16176514795,-0.215423914605
Rubin,4,-0.149229167693,-1.39187742922,0.586615610083
Rubin,5,0.0114513362074,-0.885949802616,0.770278709222
Kumaratunga,1,0.188990083502,0.197285365066,-1.06851079077
Gailey,1,0.636053636126,0.848759806428,-2.34527613379
Gailey,2,0.653259623448,0.432312112867,-1.01249504918
Gailey,3,0.430771980479,1.48471408958,-1.4581142071
Dae-whan,1,1.60987300228,-0.579714101145,-2.39762870235
Dae-whan,2,1.44194619044,-0.782603842784,-2.51176868722
Jae,On,1,-0.0897134422219,0.219116614448
Saio-yue,1,-0.0252979142599,-1.46778725303,-1.99378632793
Sang,1,0.287310339054,-1.24724847063,-2.25736484461
Tso,1,1.46585654423,-0.347359738265,-2.64965261024
Ho,Park,1,-0.233696021588,-0.274477111859
Jawan,Mallard,1,-1.29343644533,0.598460520359
Moye,1,-0.610958625541,-1.17405690694,-3.18788952437
Barshefsky,1,-0.496518149201,2.14132223874,-2.16591417132
Bell,1,1.35125367829,1.31854312371,-1.69524353965
Bronson,1,0.778597603075,1.31799786104,-2.07471725704
Bronson,2,0.293513071018,-0.588094651609,-1.13562745313
Bronson,3,2.14650930683,0.638339466698,-2.35352389509
Chandler,IV,1,-1.17396643149,0.596287544461
Cope,1,1.92835777231,2.02560720397,-2.45253109771
Grassley,1,0.68952884334,0.649481569602,-0.722201899913
Grassley,2,0.938127988219,0.55904118952,-1.11831509575
Holzner,1,0.819726808743,1.08472140635,-1.9689175842
Ingram,1,1.57243672621,1.11591594454,-2.18300367246
Kartman,1,0.0325496983961,-0.364216401316,-0.440663515654
Kartman,2,0.539764158257,0.934204846021,-1.61228555241
Lebois,1,1.18092900995,0.322488096138,-2.30724759211
Mathews,1,1.03622858643,0.880087483874,-3.29880818112
Moose,1,0.676236488105,-0.748394282546,1.09515954281
Moose,2,-0.191958358316,-1.10139598786,0.372156977858
Moose,3,0.392097047923,-1.02938852389,0.802626668777
Moose,4,1.0728577545,-1.35355193864,0.00198511939248
Moose,5,0.607966930427,-0.845345384718,-0.747881396408
Moose,6,0.854320506216,-0.54047064047,-0.319548772969
Moose,7,0.611625169206,-1.26909851978,0.640386972028
Moose,8,0.773455258062,-0.820701728001,-0.362059729221
Moose,9,0.499448937918,-0.504496358235,-0.342637876574
Moose,10,0.0081560381372,-0.925077756737,-0.188678625723
Moose,11,0.908437939187,0.0515716746814,-1.47736582394
Moose,12,-0.361537807375,-1.3684968577,-0.281347248095
Moose,13,0.251292167586,-0.982651329739,0.395671705235
Pickering,1,0.791418197376,1.00577214671,-1.93800911787
Pouty,1,1.4190724249,0.475016276864,-2.2405173245
Richardson,1,0.910270841306,1.0499288264,-0.638000084969
Rogers,1,1.08372442616,-0.460629550506,1.40707808161
Schumer,1,1.12016342183,1.02967059022,-1.60346858438
Schumer,2,1.06790384911,0.0425029385459,-1.22704274932
Tannok,1,1.59867873976,1.18370063541,-2.06914036695
Taylor,1,1.55115321576,-1.28083239063,-0.121834487816
Taylor,2,1.48354206608,-1.96221172206,0.339496978603
Taylor,3,1.59616281502,-1.33358381453,0.53216237417
Taylor,4,-0.136233939379,0.136194250289,-0.84053258872
Taylor,5,-0.448907978024,-0.43214741986,-0.693296638214
Taylor,6,1.40579609023,-1.49739809899,0.09729099752
Taylor,7,1.15040885221,-1.86000596383,0.685468443258
Taylor,8,1.31673910628,-1.59013172893,0.520245603135
Taylor,9,0.520873202974,-0.803679034983,-0.845153312439
Armey,1,1.57107201407,1.62986734474,-2.39384121515
Coles,1,0.739487343099,1.06629307685,-0.913791491713
Deane,1,0.783949474701,0.525054059456,-2.82058793641
Garner,1,1.52567276515,-1.87162477852,1.15978083419
Hunnam,1,0.818389237299,0.51401679482,-0.850257362883
Sheen,1,1.63841745341,0.856848000995,-2.30471184152
Williams,1,1.74738595827,0.043728436278,-0.761509060751
Zaa,1,-0.160788394685,0.236900764978,-2.23693490998
Zaa,2,-0.485776631935,-0.783604984334,-1.14770869778
Theron,1,-0.425604663373,-0.128197403276,-0.612718564436
Casiraghi,1,-0.613114433061,0.483937542306,-1.91370829674
Chambers,1,0.255629532958,-1.90098313781,1.65324034677
Church,1,-1.34989821317,0.398983776594,-2.91362354093
Rampling,1,-0.676503057578,0.478924921438,-0.786350590536
Rampling,2,-1.86154824294,0.613545426878,-2.39443044331
Heston,1,1.13796354299,1.08496378971,-0.951441305635
Heston,2,1.09691319031,1.47701212483,-1.47378419787
Heston,3,0.688537546139,1.0825910623,-1.27088337021
Heston,4,0.905387390726,1.01772118741,-2.01033193488
Heston,5,1.10466946988,1.66221980971,-1.07817626689
Heston,6,1.02093739158,0.571867001757,-2.22181286005
Crooks,1,-0.234710507303,-0.531702075784,-1.16662322337
Armali,1,0.428640924039,1.30513226893,-2.19618485161
Yung-gu,1,1.46363560855,-0.912376668918,-1.35998069012
Sophara,1,1.10131392534,-1.27475808203,-2.71747834329
Clinton,1,-1.39768666154,1.30993598253,-2.91831565274
Kaige,1,1.56675658449,-0.403288073452,-1.98945753776
Liang,Yu,1,0.68354206547,-1.06268293505
Liang,Yu,2,0.881942277971,-1.27044815948
Shui-bian,1,1.65934858347,-0.796996869858,-2.24860773988
Shui-bian,2,0.621344216113,-0.659642362952,-1.84905717937
Shui-bian,3,1.5743161838,-1.46004244911,-1.35196979265
Shui-bian,4,0.828446585896,-0.74487747292,-3.53164872629
Shui-bian,5,1.39104259622,-0.663532066708,-2.26969650254
Tsai-chin,1,0.81430480079,-1.10098685311,-1.62941853375
Blair,1,-0.975233363114,0.0301969177118,-2.91193502171
Blair,2,-1.0732837861,-0.808437371971,-1.77926361819
Blair,3,-0.757870529539,0.609536397696,-2.59348177333
Blair,4,-1.70119149591,-0.089122773821,-2.11482723838
Jones,1,-1.09265534012,-2.145106667,-0.413350689384
Ford,1,-0.211320622903,-1.18755290763,0.267356806534
Hines,1,2.4921882801,0.701080941233,-1.97071248665
James,1,-0.595375173044,1.25856230921,-2.23148279819
Little,1,-0.508527909663,1.66573492901,-1.32319069422
Tiegs,1,-0.4912702238,1.54967941015,-0.891018281446
Rin,1,1.6992152188,-1.76775531125,-2.30234031108
Hearn,1,0.660989947168,-0.314007973862,-1.11533919601
Hearn,2,0.0396482590464,0.480919858452,-1.31826729081
Hearn,3,0.750831309127,-0.989996712344,-0.885730784585
Chen,1,1.12398669613,-1.84057792023,-1.27928477983
Tsao,1,0.470523970775,-0.947642628239,-1.62032654385
Burrus,1,2.40108492517,0.654727419804,-1.24263698932
Ganassi,1,0.700073065894,0.948172696622,-2.71793801039
Knight,1,0.908992159264,0.580526688933,-1.69641514733
Stahl,1,0.760833651255,0.966720938081,-1.88919862266
Rivera,1,-1.97347159396,-0.00973813242224,-2.60328244075
Rivera,2,-1.87828888757,-0.639238793727,-2.55075835739
Sevigny,1,0.0190372313745,1.63056436996,-2.49931574631
Sung-hong,1,1.37760466137,0.23985084823,-1.21285298128
Sung-hong,2,1.40783926512,-0.82378429889,-0.817481455193
Sung-hong,3,1.28171161721,0.554070599692,-2.65467548579
Sung-hong,4,1.56975928808,-0.216954003503,-1.13631707633
Sung-hong,5,1.49405852289,-0.444954118681,-2.03589184238
Yun-yong,1,-1.8193125122,-1.27922727489,-2.57010006844
Tong,Goh,1,-1.28888327257,0.244885296796
Tong,Goh,2,-0.36815957149,0.0333181763791
Myung-kyun,1,1.80054222254,-0.528572635185,-3.32133746743
Andrews,1,1.08230763956,0.16761256391,-0.740642123666
Bell,1,1.96864079667,1.20729412669,-1.75546856376
Bell,2,2.15017792071,0.82919035187,-1.92143220743
Byrd,1,1.81374245319,-0.359049408684,0.302605094741
Byrd,2,0.357203946679,1.28472052782,-1.63010528029
Cirino,1,0.505098201099,1.55982149085,-2.09876824772
Claiborne,1,1.36579028361,-1.90207950483,2.75161818163
Columbus,1,2.34828152943,1.79202892328,-3.25490284279
Cookson,1,1.237707963,0.905657797486,-0.689943000099
Cooper,1,0.959115468901,1.52479964108,-1.72202126963
Cooper,2,0.443222823451,1.7624873551,-2.55721344893
Cornell,1,0.42792434526,1.15364072787,-2.73332846486
Crocker,1,1.56344055905,-0.843116958611,-0.130075495902
Dodd,1,0.710335910126,1.10026507907,-3.23402233929
Forsyth,1,1.7674846335,1.8419262604,-1.75303693188
Gratton,1,0.655265118827,1.26038527828,-1.86229318606
Hernandez,1,1.33738629155,0.901297231674,-1.67493063133
Kolanas,1,1.09319120219,-0.751786658699,-1.59966067305
Matthews,1,0.760017530912,1.24361933625,-1.91726984397
Moore,1,0.412445261139,0.473439615614,-2.12247204023
Neil,1,1.78714846273,0.480048656304,-1.64886822615
Noth,1,1.80333901963,0.0566292340389,-2.0182363864
Penn,1,1.23044063964,0.836393395488,-2.27644470789
Pronger,1,1.43723806654,0.639034064231,-2.06961764328
Reitsma,1,1.0788174028,0.741929816619,-2.16124183468
Rock,1,1.08246958208,-1.50196785671,0.22857093435
Rock,2,1.65393855412,-1.37998359032,-0.183345301956
Simon,1,1.73405597826,0.314009905646,-0.653070327473
Swecker,1,0.632168689946,-0.203815557379,-1.42900862344
Terry,1,2.05966986781,-1.93487349067,1.01769243137
Thomas,1,0.960966539537,0.364743144992,-0.871623142633
Bale,1,1.81870653308,0.909271911859,-2.23042831924
Wulff,1,0.351190508571,2.23764135264,-2.99848623175
Fittipaldi,1,1.68492734594,0.335285665964,-1.36711787589
Fittipaldi,2,0.0562113251676,0.23715263261,-0.745142331972
Gimenez,1,0.871667304566,0.90660245589,-1.59986985717
Lacroix,1,2.53826932726,0.839887018562,-1.51717654319
Lirette,1,-0.452555281063,1.422206023,-1.80539990805
Longo,1,0.608366812887,0.671796419481,-1.63423031465
Longo,2,1.19595559074,0.85846348283,-2.49601060972
Longo,3,0.912804938309,0.515283041262,-1.86248593378
Malcolm,1,-0.157840350435,-0.600723749082,0.500901543685
Olsson,1,0.751644259271,0.509247468924,-1.97625821313
Patino,1,0.817123811681,0.368836840671,-2.39096930058
Von,Wernich,1,-0.445984341069,0.317666529484
Wulff,1,1.15862077721,1.95841416529,-2.14455024476
Wulff,2,1.29286159893,1.70249928557,-2.33326679429
Aguilera,1,-0.672909736817,-1.12826996282,-1.64685576056
Aguilera,2,-0.742161141929,0.0200863877372,-1.40102491497
Aguilera,3,-1.24093003503,0.751617797891,-1.72153780223
Aguilera,4,-0.815796485454,-0.205225051673,-0.0423611865447
Sawaya,1,-3.26302792232,0.044071378327,-1.47302499702
Arron,1,-0.31207903557,0.826020391021,-1.25120876688
Baumgartner,1,-1.69685902542,1.71415109692,-1.83489818229
Baumgartner,2,-0.932210873949,1.04377547081,-1.16087182107
Baumgartner,3,-0.042763582143,0.0858002128674,-0.735923003728
Baumgartner,4,-0.83000604832,0.561577351749,-1.2322892926
Baumgartner,5,-1.58384168689,0.67703396149,-0.516473654642
Ebersole,1,-2.45702134081,1.2892186165,-1.48047863496
Ebersole,2,-1.01029564405,1.03097220589,-2.42377071003
Gregoire,1,-1.16936193806,0.439068086115,-1.49833880865
Gregoire,2,-0.0718887726542,1.50342088435,-1.35826555049
Gregoire,3,-0.619571831461,0.626871235322,-1.92145367762
Gregoire,4,-0.479097216864,-0.210788200129,-1.56867173702
Rau,1,-0.625710702037,-0.282026368939,-1.93640442755
Todd,Whitman,1,-1.45660689807,0.962113675051
Todd,Whitman,2,-1.49496112096,-0.114081573088
Todd,Whitman,3,-0.622036003423,0.764755535625
Todd,Whitman,4,-1.81655315681,2.12320693747
Todd,Whitman,5,-0.329940345341,-0.506886939321
Todd,Whitman,6,-1.91350006259,1.12444905236
Daum,1,0.553687226318,0.472268848168,-0.874691965202
Amolsch,1,0.667104052381,0.744949267671,-2.30321954234
Conyers,1,0.259713540146,0.153568327081,-1.33109755068
Matero,1,2.12336987484,-0.229857147152,-1.18258146178
Patten,1,1.39007432392,1.52607141874,-2.26782300134
Patten,2,0.696107757537,1.45334039487,-1.47747436885
Reeve,1,-0.314849984734,1.28751249004,-2.01509836149
Reeve,2,0.948275985148,0.888321703954,-1.44566356369
Reeve,3,-0.422357800591,1.24435893355,-2.00765314483
Reeve,4,-0.294473947192,1.4912479731,-2.05474282902
Russell,1,0.621351143597,1.46020447237,-1.52433834608
Speer,1,1.12546028038,1.47436394576,-2.61545932908
Walken,1,1.13842046436,2.37618907041,-2.09382391572
Walken,2,1.28627206956,1.00243945453,-2.36927283322
Walken,3,0.0531519530521,1.18814743055,-1.40861306153
Walken,4,0.521398781345,1.57208230332,-2.30217879369
Whittle,1,1.00141511076,1.46020336219,-2.70099608049
Tucker,1,1.34749875324,-1.71802464246,1.42045040235
Tucker,2,1.12355952038,-1.53613501162,0.353925825035
Ferer,1,-0.786341640286,2.17497563863,-2.46476285316
Turlington,1,-2.39277392717,0.868782635008,-1.37922065415
Whitney,1,0.846211694483,-1.69768333661,-0.0976125841755
Li,1,1.13766889294,-0.672933448716,-2.80319751173
Amato,1,1.28783979475,0.843338514299,-1.54704583405
Amato,2,0.661324148383,1.10995037562,-1.52313728991
Bednarik,1,0.513714694743,-2.37971089621,2.27352996991
Eidson,1,0.549034384182,-0.146155814943,-0.766375489811
Hagel,1,1.13992911599,1.51323755304,-2.16922737783
Woolery,1,0.351812058769,0.892777804517,-0.663666907294
Yeager,1,1.40224097493,-0.0978236316919,-1.38087637769
Yeager,2,1.33742840693,1.30802621619,-1.98552955904
Mong-hun,1,0.841742028258,-0.711476075307,-1.93282715693
Mong-hun,2,1.36436512075,-0.651079690223,-1.28654316027
Mong-joon,1,0.412770154174,-0.817397769786,-1.95890394978
Mong-joon,2,1.4864847889,-0.93483887005,-1.08756195565
Dai-chul,1,0.983981267179,-1.09947744301,-4.26426981295
Hinds,1,0.387071595805,0.615142145025,-1.81744729113
Crawford,1,-0.651486935949,0.93325621934,-1.28758431045
Crawford,2,-1.38722750902,0.484708576352,-0.00587684555158
Crawford,3,-1.57321455668,-0.196458552165,-0.625478139409
Klassen,1,-0.818128936275,0.0104298032149,-3.05743666377
Margolis,1,-1.77059757537,1.58795990323,-2.06686196836
Margolis,2,-1.74895397719,1.7590140502,-1.18436556784
Moll,1,-0.452105400465,0.987160369462,-2.06628549311
Taylor,1,-3.4108128331,0.857154663081,-1.86473342814
Zagorski,1,-1.04339565388,0.233407535305,-2.55662534825
Gomes,1,1.26846677867,0.624103946997,-2.03677720668
Gomes,2,0.709786640057,0.401548857276,-2.72928807666
Gomes,3,1.43465520829,-0.286298708739,-1.22244448743
Gomes,4,1.18899185582,1.41333831887,-2.41608899436
Gomes,5,-0.0751499517631,1.90556929252,-2.72472042113
Danes,1,-1.64890458618,0.813278512736,-3.05708815911
Danes,2,-1.14314770729,0.6553798267,-1.36020842657
Danes,3,-0.83576871439,0.751234015135,-0.889509268666
De,Gryse,1,-0.947527455697,0.876628899957
Hentzen,1,0.394847209419,1.32902846004,-0.785161407995
Hentzen,2,0.629943649878,0.849903643191,-1.55809397161
Leger,1,0.135439362664,0.803629435795,-2.55754219111
Leger,2,0.415951284856,-0.267109150735,-1.71826910909
Tomalin,1,-0.419491793443,0.984878368909,-1.87329085308
Harris,1,-0.261550136241,0.0945448678568,-2.42538824556
Harris,2,-0.922448344793,-0.582956371632,-2.63810379651
Harris,3,-0.415226087576,-0.129436006807,-2.28639288015
Harris,4,-1.43409822572,0.964635294378,-1.49617571285
Harris,5,-0.0489148960656,-0.253933665286,-3.16677292643
Latimer,1,-1.07745955751,0.837949940251,-2.98189520096
Short,1,-1.16353070025,-0.477927693295,-2.31512468061
Short,2,-0.767522475764,-0.266918217051,-2.00505318884
Short,3,-1.11464737094,-1.09554778582,-1.53950913171
Short,4,0.555536394652,-0.144335460525,-2.13022160603
Randt,1,-0.200306162156,0.453933790746,-1.42533415154
Jorda,1,1.11985246708,1.455602098,-1.29906840707
Robinson,1,0.114213588463,-0.128056931747,-0.88740324371
Cardinale,1,-1.6004390462,0.763601211693,-2.53185165501
Coslovich,1,0.280614192299,2.33657628694,-2.40177840619
Pechstein,1,-0.315987772022,-0.39653435341,-3.26142174961
Pechstein,2,-1.31081717436,-0.0868134859388,-2.82443782514
Pechstein,3,1.1240441811,-0.444477989309,-2.5602242554
Pechstein,4,-1.34265155756,-0.234718345663,-3.7490549196
Pechstein,5,0.785229352234,0.167360474557,-0.510913193549
Schiffer,1,-0.923339356344,1.58295470016,-1.83214678541
Schiffer,2,-0.314061998841,1.83089308835,-1.50990263846
Schiffer,3,-0.822232797473,2.09948277048,-1.91587819835
Farrell,1,-1.98766044448,1.20343419876,-1.59697019825
Abbado,1,1.54109035089,-0.161891429326,-1.7317680826
Lopez,1,0.840793656959,-0.461363829816,-0.320847494823
Ranieri,1,0.398474523299,0.106728329262,-1.95620665267
Aiken,1,-0.0533078873798,0.188075502699,-0.788634548394
Aiken,2,0.168127911689,0.428824781317,-1.41635218204
Aiken,3,0.325435177212,0.733627034814,-2.54145228417
Aiken,4,-1.06221620448,1.45070747225,-2.08000269143
Aiken,5,0.560799502613,1.36743272538,-3.02850378106
Aiken,6,0.311626862141,1.14494796649,-1.37456386551
Campbell,1,1.92199266922,1.00364643304,-2.00966854468
de,la,Vega,1.44926186436,-1.46395630452
Ellis,1,1.42947129507,0.655164669361,-3.68768070036
Etienne,1,0.746481766131,-0.127619728724,-0.911580885119
Robinson,1,1.16709072858,-1.05840991006,1.60730187581
Eastwood,1,0.754031714182,2.09518480299,-2.29164784356
Eastwood,2,1.05492156908,1.86187233547,-2.01481148443
Eastwood,3,0.544507913088,1.12085474691,-1.23469143782
Eastwood,4,0.801979892643,-0.410598745194,0.69520381283
Eastwood,5,1.0621512978,1.70113679833,-2.03620414883
Eastwood,6,0.636996853609,0.877468327416,-1.09593731251
Howard,1,0.767989932443,0.663108970107,-1.20025722651
Lamebear,1,1.37395320548,0.540446321821,-2.64671575519
Woodward,1,1.76321105652,0.981871013716,-1.907590348
dEste,1,-0.747592930914,-0.11761538208,-0.0172779764554
Chapman,1,-0.595936705491,0.285184333006,-3.42386703099
Rowley,1,0.094280245672,1.23889000829,-1.75394975602
Campbell,1,1.25692118334,1.59288130164,-1.23138559779
Cowie,1,-0.289204290901,1.54127177083,-3.31203910931
Farrell,1,1.71262308676,0.419549056889,-2.2747644525
Farrell,2,2.52156739582,0.621638432671,-1.60659700348
Farrell,3,1.77915924389,0.236058037741,-2.53848437363
Farrell,4,1.68993226616,-0.230714551253,-2.19821561934
Farrell,5,2.21999780785,0.0812204336055,-0.964635312347
Farrell,6,0.631531600316,0.686694325768,-2.01426852819
Farrell,7,1.18474577922,0.909522938842,-1.33269519181
Farrell,8,0.949683465877,1.24542771531,-2.21466956397
Farrell,9,2.00765360869,-0.0312303776929,-1.26273409198
Jackson,1,1.00986293273,-1.68479434135,0.552675484932
Jackson,2,1.24923745924,-1.39900032018,0.158705140302
Montgomerie,1,1.02310625358,0.685364378073,-1.55210625331
Montgomerie,2,2.20558597715,1.99799622712,-1.59746412953
Montgomerie,3,0.527840366841,0.704558596318,-0.635744142925
Montgomerie,4,-0.358287131306,1.39001120101,-1.11449505915
Montgomerie,5,0.617272420984,0.478433371245,-0.92785456234
Phillips,1,0.635962214839,1.3517958251,-1.35906153398
Powell,1,1.09573620585,-0.162551373958,-1.49793233313
Powell,2,0.400551529978,-0.458064338851,-1.74744720303
Powell,3,0.629824331756,0.0419125761471,-1.37929895583
Powell,4,1.29544818679,0.00271761397293,-1.46573662895
Powell,5,1.21636473169,-0.308497819826,-1.64758667246
Powell,6,1.2316086997,0.140058419607,-2.0466373684
Powell,7,1.53921685221,-0.234943543179,-1.39762648098
Powell,8,1.10442718348,-0.0798714805184,-1.34357992568
Powell,9,1.7921386898,0.0518233073159,-2.01919340525
Powell,10,1.02873730561,0.250069251588,-1.05937046348
Powell,11,0.709719077385,0.338955473818,-0.587353625015
Powell,12,1.88069161898,0.683814984146,-2.54605467489
Powell,13,1.52648299447,0.112468940131,-1.95496923595
Powell,14,1.1323855028,1.02028324313,-2.48876035561
Powell,15,0.576475961002,0.741726623631,-1.2433183595
Powell,16,0.911106989065,0.176378402042,-2.21540032976
Powell,17,0.630922571069,0.542475687651,-0.376350982509
Powell,18,1.40712685597,0.221781164213,-1.40033754451
Powell,19,0.999600851782,0.317838469008,-1.28626739978
Powell,20,0.856880693927,-0.276644085749,-0.938407795937
Powell,21,0.964317550915,0.0711013135464,-1.18820126626
Powell,22,0.884988625712,0.495681423589,-1.04706187292
Powell,23,1.09923153519,0.473762711656,-2.16725712681
Powell,24,0.495396542424,-0.467621290156,-0.896571167256
Powell,25,1.24496563312,-0.817973151706,-1.2106138816
Powell,26,1.63667913434,0.48734014592,-1.38998924797
Powell,27,0.814829250004,0.00416437171074,-0.858095912881
Powell,28,0.847381823335,0.209903167144,-1.49671412862
Powell,29,0.987501903129,0.604694848121,-1.31646435483
Powell,30,1.45379790319,-0.147230265139,-1.38155318878
Powell,31,1.23981341042,0.912028094017,-1.80904128133
Powell,32,2.32621145442,0.0203725756376,-0.698250329365
Powell,33,1.33658014524,-0.299624619116,-0.780488889906
Powell,34,0.817722514378,0.174592418543,-1.79807278336
Powell,35,2.07072399699,0.0505120551929,-0.521526138576
Powell,36,1.21283207506,0.21840926686,-1.72621387959
Powell,37,1.7114434957,-0.642544226546,-1.05586382846
Powell,38,1.13715698472,0.831231450445,-1.19233288227
Powell,39,1.68421609014,-0.187373971286,-2.00315502407
Powell,40,1.64443659202,0.305862289102,-0.857347833367
Powell,41,1.41137780039,0.234324570743,-1.14009727292
Powell,42,1.49494009072,0.677183368987,-1.77149019824
Powell,43,0.594828562274,-0.655185852015,-0.0769170634397
Powell,44,1.82160450264,-0.00188104942067,-1.2915738757
Powell,45,1.73614009961,-0.0108833085637,-0.324530316144
Powell,46,1.27728987414,-0.16028826845,-0.421415709066
Powell,47,1.06014385196,0.396336298893,-0.821113382588
Powell,48,0.195189634767,-0.0619450618353,-1.0720269042
Powell,49,1.53709195443,1.22898947091,-1.81238739049
Powell,50,2.10816279263,0.476457485175,-0.646486482043
Powell,51,1.21370969308,0.930859801967,-2.35656387165
Powell,52,0.755846279427,-0.247849448342,-1.34242016823
Powell,53,1.80833607114,-0.479576544577,-2.0250320374
Powell,54,0.684555979957,-0.709032690982,-1.77269598085
Powell,55,1.84800238653,0.48167796624,-1.63989276544
Powell,56,0.388188742807,-0.629684005711,-1.07794759992
Powell,57,0.640892821153,0.101327889316,-1.81680725097
Powell,58,0.92972565971,-0.369742952213,-2.23910295389
Powell,59,0.386555133591,0.234524024331,-1.8759559583
Powell,60,0.814277578619,-0.709400009661,-1.41913002984
Powell,61,0.963318249683,0.479384339049,-1.58503294614
Powell,62,1.50738360446,0.0977591259662,-1.55940553082
Powell,63,1.31525774238,0.267982035422,-1.45955586432
Powell,64,0.832201875794,0.0572770530598,-1.48805735846
Powell,65,1.39259988417,1.09809934806,-2.84545252435
Powell,66,0.284648338104,0.452961157026,-2.1157490567
Powell,67,1.43282494248,-0.00584466687081,-1.39905072034
Powell,68,1.05153851478,0.874855684272,-1.36148248882
Powell,69,0.685778216744,0.322540434178,-0.88868766661
Powell,70,1.19705102115,0.721766182112,-2.22782394345
Powell,71,0.904765570759,-0.323396335912,-1.75909951912
Powell,72,1.81545278587,1.22819933981,-2.82227696559
Powell,73,0.802955997515,-0.398072269319,-0.710199044677
Powell,74,1.20296995221,0.0267953627678,-1.28736928163
Powell,75,1.22775726326,0.362732573391,-1.36613846693
Powell,76,1.34938004284,-0.0598245089111,-1.69670785922
Powell,77,0.804864757222,-0.724362854276,-0.734892316451
Powell,78,1.08767691925,0.2647997072,-1.41117036255
Powell,79,0.565562844185,-0.674901517921,0.104322324061
Powell,80,0.595454254589,0.718819814585,-1.21314818811
Powell,81,1.04452123433,-0.180980960013,-1.14658876411
Powell,82,0.536397988484,-0.0319698927111,-1.8798299756
Powell,83,0.655470520799,0.731750324526,-1.96066260826
Powell,84,0.230108288356,0.287853848066,-2.34314155922
Powell,85,1.09232420262,0.820425892861,-1.51881297518
Powell,86,0.634776785135,-0.201156589429,-1.90738544668
Powell,87,1.35990894604,0.135246604889,-1.55984520191
Powell,88,0.552856275111,0.844763706308,-1.91596008682
Powell,89,0.22273865787,0.884610127438,-1.27131692047
Powell,90,1.05796326395,1.15805796838,-1.90170587942
Powell,91,1.99786539144,1.2534661936,-1.93790553815
Powell,92,0.619527691828,0.0753177304712,-1.98022257146
Powell,93,1.17400370321,0.35662407312,-1.51789209303
Powell,94,0.766776610845,-0.404975278483,-1.5321538322
Powell,95,0.243562446495,0.379765409699,-1.87807735777
Powell,96,0.846466624596,-0.43129329169,-0.795321550523
Powell,97,1.24538660767,-0.210713801144,-1.33801463954
Powell,98,0.759401871105,1.01805479275,-0.936706298441
Powell,99,0.625007216581,0.774669542377,-3.05079514157
Powell,100,1.77389471705,1.5820915091,-2.34507200838
Powell,101,1.574078828,0.599846009693,-1.94797794268
Powell,102,0.796361062371,0.300335012818,-1.90670839738
Powell,103,1.67975530352,0.400863356469,-1.13776680005
Powell,104,1.04039851029,0.302105518087,-1.04216709924
Powell,105,1.20916234154,-0.14105839421,-1.7340528879
Powell,106,0.98166218326,-0.711230337498,-1.03523859865
Powell,107,1.53192422954,0.564933002279,-2.14461834944
Powell,108,1.13107370368,-0.319275083908,-2.04077900583
Powell,109,0.83751501924,0.167398746799,-1.66653217226
Powell,110,1.2711011974,0.142231080297,-0.966577786222
Powell,111,0.0367364850431,-0.0215477092033,-0.763809691488
Powell,112,0.162573020827,0.495352722408,-1.82776585504
Powell,113,0.587253680186,0.0300404138926,-1.0380497523
Powell,114,0.682883112205,0.581705019124,-1.54435827434
Powell,115,0.40432414347,0.503781608754,-1.2189549792
Powell,116,0.995049137673,1.1425113544,-2.70537195133
Powell,117,0.741696206498,0.00857059474447,-1.44626039294
Powell,118,0.790503878231,-0.393782875135,-1.22212065914
Powell,119,0.101746187522,-0.16828010749,-0.762008019978
Powell,120,1.18838311177,0.845644261144,-1.45393530263
Powell,121,1.15071147714,0.233992589589,-1.89026840411
Powell,122,1.28982031693,1.16729028934,-1.02303869133
Powell,123,1.42969157093,0.181560450777,-2.18217755956
Powell,124,0.436851104279,-0.180772024022,-1.11573946247
Powell,125,1.49233777124,0.0645732511258,-1.06808163226
Powell,126,0.96121949582,-0.11045148584,-1.80366685577
Powell,127,1.30255986896,-0.214458528706,-1.56120062662
Powell,128,0.887100430942,0.091208521736,-0.721581344341
Powell,129,0.246189281134,0.220094904178,-1.61905910736
Powell,130,0.863999622563,0.119221879823,-2.41215301704
Powell,131,1.24956079572,-0.55896474565,-1.45409657013
Powell,132,0.541470209893,-0.73793127013,-1.88835492856
Powell,133,0.427017080017,-0.115950774744,-0.628733155876
Powell,134,0.344634063071,-0.331581271869,-1.02989378229
Powell,135,0.810062138854,0.0302078355021,-2.55672520061
Powell,136,0.572704297903,-0.635829906172,-2.38758348213
Powell,137,0.7536474906,-0.262456588752,-1.7249522092
Powell,138,0.713110187461,-0.874720393479,-0.927452596858
Powell,139,1.05056626071,-0.0515711864627,-1.33620830076
Powell,140,1.20465507314,-0.16658882005,-1.276221488
Powell,141,1.76772380009,-0.249379693472,-0.715315586469
Powell,142,1.15835611479,-0.282590709422,-1.58732348704
Powell,143,1.62190346201,0.166835612897,-2.32038597183
Powell,144,1.45039998406,0.270072904352,-1.22476305881
Powell,145,0.822631446555,0.172677215982,-0.469271694063
Powell,146,0.487631899916,0.212241772733,-1.38750938209
Powell,147,1.34325601892,-0.402409798772,-1.27279862442
Powell,148,0.783103106351,0.139897888959,-1.68908124952
Powell,149,0.870328529593,-0.212943359274,-1.11040511573
Powell,150,0.897298299838,1.22600431089,-2.18015487631
Powell,151,1.2466551988,0.0798778091982,-0.987529108401
Powell,152,1.16642841143,-0.4767262329,-2.50993108692
Powell,153,0.889373007507,-0.0780110780021,-1.30301760844
Powell,154,1.17479598659,0.0736538055881,-1.12061088319
Powell,155,0.859602052819,-0.179205976109,-1.40564295024
Powell,156,1.51113934354,-0.416860707387,-1.29715635087
Powell,157,1.31180575491,-0.698885978576,-1.69973912315
Powell,158,0.691349253105,-0.300011646691,-1.46167027035
Powell,159,1.61210953121,0.240680497906,-1.55342326574
Powell,160,1.3030256748,0.511107551809,-2.61157268021
Powell,161,0.681691218592,0.190551830622,-1.21383287546
Powell,162,1.74295649781,0.308748281745,-2.78245113424
Powell,163,1.21297958659,-0.0380711310005,-1.5978671628
Powell,164,0.976590781874,0.792519043489,-1.1386977735
Powell,165,1.26395021679,0.371185279059,-1.10086874633
Powell,166,0.565535054394,0.0930023407908,-0.680680535783
Powell,167,1.14052469536,0.143189284064,-1.52665448432
Powell,168,1.53263326674,0.933265099054,-2.00343693247
Powell,169,1.48897799682,0.66297995114,-2.15118354051
Powell,170,1.7815029329,0.625208970537,-1.9703361954
Powell,171,1.45937599192,0.727531590664,-0.961679326167
Powell,172,1.7507374626,0.344764163926,-1.23691706852
Powell,173,0.947180683312,1.05601811857,-1.58965478094
Powell,174,1.33138310008,0.943030944529,-2.2272107234
Powell,175,0.966685117789,0.71161839064,-1.68162584333
Powell,176,0.592877440055,-0.462779735074,-2.0381267131
Powell,177,0.594754761022,0.0298029678195,-2.18417495976
Powell,178,0.338474188926,-0.902598430082,-2.40151407715
Powell,179,1.85860843276,0.487258858026,-2.95842935988
Powell,180,0.295037444189,-0.797285897177,-2.27856611813
Powell,181,1.4401369291,0.628736292451,-1.65491688091
Powell,182,1.57153193568,0.155502569457,-1.23880394739
Powell,183,1.08223492203,0.309783701297,-2.19100470485
Powell,184,1.404070051,0.0432522089576,-1.11970091105
Powell,185,2.03187041382,0.297706510827,-1.98363323991
Powell,186,1.6433828059,0.00672363690244,-2.31566767923
Powell,187,1.3037349225,0.356212909832,-2.06538964738
Powell,188,0.917721216671,0.305769188559,-2.48413363371
Powell,189,1.37866403005,0.422690946641,-1.04146232106
Powell,190,0.998717306254,0.00932614321108,-1.12404617708
Powell,191,0.265751256392,-0.356364775959,-1.19800040468
Powell,192,0.841689759606,0.85058155994,-1.73249462284
Powell,193,0.681935226826,0.0763912878566,-0.703650365746
Powell,194,0.668831464087,0.429236983715,-2.19480606016
Powell,195,0.549818969461,0.304588115096,-1.81809738814
Powell,196,0.548043247814,-0.363869150929,-1.93204321748
Powell,197,0.566837295164,-0.129694905259,-2.07768119017
Powell,198,0.953147972945,0.752981835676,-1.34275859277
Powell,199,0.363368174079,-0.757096960229,-1.83050213437
Powell,200,0.424810883113,0.0539955346276,-1.64438705734
Powell,201,1.80538417926,0.486141122273,-1.59693898857
Powell,202,1.84322922391,0.100907354717,-1.58664634071
Powell,203,2.00573160468,-0.21649646068,-2.06722917095
Powell,204,0.486192972016,-0.236300812492,-1.53236445919
Powell,205,0.851966286314,-0.0872495764108,-0.399389897385
Powell,206,0.411869914139,0.768884733591,-1.12818746611
Powell,207,1.53198153445,0.42800932739,-1.64983201663
Powell,208,0.754686587413,-0.162145034699,-2.11996499767
Powell,209,0.776367508766,0.254100874911,-0.798667091381
Powell,210,0.990093461282,-0.0172138282699,-1.84675464711
Powell,211,0.365484778715,0.518118717747,-2.04029159105
Powell,212,0.920674591788,0.250983349311,-2.12833004663
Powell,213,0.821792173573,-0.480294764957,-1.34943041498
Powell,214,0.89709603151,0.148553765303,-1.93975646075
Powell,215,1.41003493966,-0.199165389361,-1.05516587728
Powell,216,1.09252797035,0.319035357407,-1.0420315787
Powell,217,1.40550131546,0.01396171747,-2.16127720292
Powell,218,1.04250407693,-0.45619501973,-0.809708431969
Powell,219,1.1741335019,0.000310732156246,-1.61626654026
Powell,220,0.839430992458,0.682269042142,-1.96142234943
Powell,221,1.13528624,-0.0875256391171,-1.23012773923
Powell,222,0.59195133754,0.957610573516,-1.1137779466
Powell,223,1.06090659,0.19109947487,-1.63454803418
Powell,224,0.220028600586,0.326483527065,-1.66658318657
Powell,225,2.06314991991,0.602339416376,-1.80649453337
Powell,226,1.04497218148,0.552025974898,-2.11874042646
Powell,227,0.647302777447,-0.190332639505,-2.16548952839
Powell,228,1.08265039844,0.234800034246,-0.852613847269
Powell,229,1.19135005364,-0.0848789089251,-1.61990248462
Powell,230,0.415373410724,0.508751536261,-1.88373211946
Powell,231,1.96489238264,0.347428827638,-1.70139164559
Powell,232,1.03524505713,-0.264347345447,-1.39205181712
Powell,233,0.435159784922,0.67468420539,-2.0007799423
Powell,234,0.709730189555,-0.177776736565,-1.06193701619
Powell,235,0.940818413672,0.17185567794,-2.2167264638
Powell,236,1.86486231426,0.385749881462,-1.17885790601
Prescot,1,1.77676997276,1.25679661614,-1.86021671532
Atwood,1,-1.25631106503,1.43687053856,-1.8332330926
Donovan,1,-1.64240808805,0.873307903463,-3.56992146592
Jones,1,-0.515385194926,0.112595640154,-2.46845018186
OClair,1,-0.590029423072,1.12316889334,-1.40199437236
Ryan,1,-0.0598261431756,1.86921312917,-1.89889587779
Temple,III,1,-0.35059169908,-1.29745580265
Bush,1,-0.22692323105,0.823827428117,-1.18491832575
Segundo,1,0.103942811412,-0.215919920152,-0.647559463782
OBrien,1,0.458625794242,1.00272368125,-1.24566471526
OBrien,2,-0.121454801249,-0.272556894147,-1.32673135187
OBrien,3,0.222292831378,0.0689294742563,-1.76997382757
OBrien,4,0.0716330649069,0.410630578721,-1.89530363161
Martinez,1,0.727027446706,1.15705951284,-1.9881252876
Martinez,2,1.17340950783,1.02362603605,-2.16468167576
Martinez,3,0.789561338761,0.355391157167,-0.93905756515
Rice,1,-0.599201365125,-0.319320301909,-1.70028298567
Rice,2,-0.966039154347,-1.56106413679,-0.0650053984995
Rice,3,-0.945288086583,-0.318904509901,-1.27736129606
Rice,4,-0.51719072675,-0.887348535976,0.0245596828718
Rice,5,-1.06284740579,-0.712072966525,-0.784823723846
Rice,6,0.196373293147,-0.825262845903,-0.748832284808
Rice,7,-0.597155325313,-0.726398829939,0.42224300302
Rice,8,-0.516373102253,-0.686267878649,-0.286490393576
Rice,9,-0.637968140326,0.289961848439,-0.982101002318
Rice,10,-1.35965763647,-1.1592648594,-0.385734310149
Rice,11,-1.40438336234,-0.800626150217,-1.8197157041
Chung,1,-2.48231717231,-0.331002282321,-1.96573879261
Freydell,1,-0.0685326536604,-0.60217987662,-1.9852641669
Black,1,1.25478592751,1.4305909695,-1.70294516067
Marie,1,-2.41631270384,-0.775223296654,-2.73891127483
Marie,2,-0.902105825559,-0.545159066098,-0.358934212948
Marie,3,-0.317056418553,-0.459102309112,-0.519101833607
Cambell,1,0.111610205637,0.658814978104,-1.09113620869
Scott,King,1,-0.131286369234,-1.27158649326
Scott,King,2,-0.242619697621,-0.295866603035
Scott,King,3,0.399440540748,-0.806639247568
Maggette,1,0.918195248496,-2.46761202996,0.601561201106
Enghusen,1,0.780839478858,1.26065379756,-2.14826349299
Harfouch,1,-0.571525969101,0.996103581881,-2.19325732559
Coman,1,-1.67521858673,-0.339956902887,0.0330235776587
Coman,2,-0.84919090225,-0.55381426896,0.619560449267
Williamson,1,0.37357887161,-0.0619132350726,-1.64561395589
Iacavazzi,1,1.76357248846,0.66641225152,-2.20877907922
Simitis,1,1.67893064339,0.825225266325,-0.766820314552
Simitis,2,0.279466412294,0.591202837234,-1.26241928793
Simitis,3,1.25475948189,1.01366928877,-0.720498961742
Simitis,4,0.988124323912,0.7591546639,-1.60352381102
Simitis,5,1.48554394164,0.641076963144,0.070430604752
Simitis,6,2.31647533456,1.10824155985,-1.55269827919
Cox,1,-2.00119132895,0.666175387797,-2.78281653526
Love,1,-0.661669919388,1.32276364455,-1.60199235351
Love,2,-0.987883784551,1.99893109125,-2.43902416759
Burley,1,1.08411521278,2.13843946308,-2.03856735598
David,1,1.7118931765,-0.977404198234,-2.50479526169
Doblin,1,0.168545736928,-0.128735360281,-2.66695444086
Fitzgibbon,1,-0.135375583039,1.09764958265,-1.99476941304
MacTavish,1,0.697082443567,0.533143426296,-1.46515392298
Morgan,1,-0.234730148975,1.10055574236,-2.53060918828
OClair,1,0.931767507843,1.14774155839,-1.80995948406
Wilson,1,0.617665490184,1.66674695196,-1.89466659592
Bowles,1,-1.30617919366,1.21949058273,-2.91278645705
Glover,1,0.415514426665,1.00984971308,-2.10155089829
Barros,1,1.53066407528,0.571297299211,-2.87027802331
da,Matta,1,-1.15813360732,1.4108583014
Fernandez,1,-0.311122617145,0.154139313256,-1.35774962429
Fernandez,2,-2.18109460626,-0.0412531687145,-1.51251261314
Kirchner,1,-2.40111500327,-0.308406969573,-2.32799139676
Saralegui,1,-1.14594087899,1.68844138316,-2.55979216018
Saralegui,2,-0.581044938939,2.13109210625,-2.6141370816
Torrens,Valero,1,-1.19234798657,0.899347789099
Bustamante,1,0.763101678452,-0.0243799216964,-1.71355468316
Bustamante,2,1.1162497393,0.770157230719,-2.2025262647
Bustamante,3,0.486789411537,0.508776849715,-0.719192349141
Bustamante,4,1.92372897441,0.338624409781,-1.77875425624
Bustamante,5,1.21833990984,0.609527102687,-1.71511142031
Gooding,Jr,1,-1.13431752971,-1.24847215157
Joseph,1,1.98400449571,1.44244355945,-2.83142024487
Rodriguez,1,2.06344241098,-0.560794678533,-1.94416875335
Strange,1,0.530790589077,0.451779222996,-0.981008183167
Weldon,1,1.00299714281,1.79591900987,-1.10369351504
Thompson,1,-2.76023339408,0.82476699393,-2.50058941825
Thompson,2,-1.87938946318,-0.124207370994,-1.20509438925
Nixon,1,-1.75697122132,1.77755958108,-2.41241665718
Rowley,1,-1.19161057512,0.36734385963,-2.20863617606
Dunlevy,1,-1.09006112758,2.03509513881,-2.46783791253
Bachtiar,1,1.73538270471,-0.669315811567,-1.51401618032
Bachtiar,2,2.38420637318,-1.03645065076,-1.41591366624
Chul,Chyung,1,0.815468755303,-0.59617109037
Fuentes,1,-1.48456217956,1.63028235015,-1.76034894085
Fuentes,2,-2.56005880887,2.53086328637,-1.90425335599
Fuentes,3,-1.85381477298,1.80643518443,-2.04705687127
Fuentes,4,-2.99129768096,1.68525448054,-2.0436353894
Bedanova,1,0.247421636601,1.05085246698,-1.79694623266
Lama,1,-0.00715720694014,-0.354054380869,-1.87729088127
Lama,2,1.07434207651,-0.423862737675,-2.02834413613
Bosworth,1,1.77688892299,1.18451425862,-3.32053147116
Earnhardt,1,1.40835006971,0.856537892557,-2.48421306076
Earnhardt,Jr,1,-1.71808565881,1.54387860408
Earnhardt,Jr,2,-2.0557923884,2.10754094904
Earnhardt,Jr,3,-0.67382283622,0.0676935868515
Earnhardt,Jr,4,-1.82167863619,1.30053846383
Rabin-Pelosoff,1,-0.311894165479,0.819342197388,-3.83719567036
Bilbo,1,0.761862353221,-0.747468261802,-0.156027640168
Dash,1,1.29812997971,-1.00685092784,0.160911661302
Stoudamire,1,1.37785196114,-1.05235914136,-1.57437144451
van,Dam,1,-0.763456014186,0.145493882359
van,Dam,2,-0.872150924412,0.512680584934
Ackroyd,1,0.952220633092,1.7267202846,-2.92016523769
Vollmer,1,-0.26447341489,0.352085095082,-1.4996214131
Bartlett,1,0.111410511564,1.62368324286,-3.39121931107
Boyle,1,1.88033607794,0.097062938464,-0.969012101549
Bylsma,1,1.13509778906,0.931909039238,-1.92222493429
Dickau,1,0.638677015448,0.280500577754,-3.08733516225
Duquette,1,2.1678327415,0.853317684759,-2.69220305581
Jimenez,1,1.73881835795,-0.763427212257,-0.208377199059
Guerrero,1,-0.0192519202271,0.670748335538,-2.96873694655
Cicarelli,1,-1.77849999339,0.0248742113296,-0.798190564923
Hantuchova,1,0.56254315446,0.306997482557,-1.65108563469
Hantuchova,2,0.11390121729,-0.416860902818,-0.892954655559
Barenboim,1,0.303942515582,1.37996202162,-1.65418239287
Bruehl,1,1.24113187239,1.9079916384,-2.55160162543
Chin,1,2.28780432321,-1.37616179703,-1.15344294772
Coats,1,0.747827017149,0.9959774957,-0.838831235267
Comisso,Urdaneta,1,-1.44110423627,0.345893849311
Darnell,1,2.32770708368,1.32103740364,-1.86283178071
Day-Lewis,1,0.751114588535,1.96565756363,-2.92179195809
Day-Lewis,2,0.996138945782,1.84006865867,-1.63872774243
Day-Lewis,3,0.621713169996,1.67061740734,-1.16883017822
Bergamin,1,0.995092126055,1.16246651128,-1.99055461655
Hypolito,1,-1.28926248926,-0.736700233915,-3.54033037109
Nardello,1,0.100444614703,-0.0903220301187,-1.44498788795
Kurtzer,1,1.75438592486,0.706669717474,-2.26457263964
Spencer,1,-1.60198704674,1.77635920833,-1.95178794185
Sunjata,1,1.68478026765,-0.68705388614,-0.794961052344
Montenegro,1,0.742691555805,-0.758951455898,-0.781318732567
Montgomery,1,1.35117782084,1.41606876942,-1.94382089097
Ortega,1,1.81271462874,-0.340489724077,-2.00468353038
Osorno,1,1.1336041686,-1.14620622429,-0.997316576175
Patrick,Moynihan,1,-0.35409387337,0.0271311707631
Pearl,1,2.1647582751,0.716280195753,-1.78787505607
Radcliffe,1,0.749354346252,0.484761585283,-2.93699027378
Radcliffe,2,1.33090790497,0.0918165690048,-2.51735495904
Radcliffe,3,0.035250788477,0.228526380014,-2.26000404227
Radcliffe,4,-0.437934045453,0.633490815784,-2.32572142606
Rouse,1,3.75088738973,0.712352436592,-2.65595348143
Scioli,1,0.649469626659,0.335032727068,-1.3648263492
Zelman,1,0.669174999363,1.16107560774,-0.327683194647
Tanovic,1,0.870541050962,1.03727690797,-2.4446327132
Kellner,1,1.36481744864,1.34699116816,-2.61972705043
LaCoutre,1,0.401303666639,0.817289817393,-0.970879942658
Monson,1,1.71600524477,0.391275596681,-2.11397182335
Morales,1,1.54388187455,1.41581814434,-1.82334571045
Morales,2,0.902182640975,0.528356232297,-2.03649174272
Morales,3,1.53291094342,0.516727921563,-2.32277280515
Ainge,1,1.14949170582,0.00927003043822,-3.24498277159
Avalon,1,1.61681673796,-0.204423053765,-2.4619401482
Elfman,1,0.887880630697,0.58707017311,-1.68679186931
Glover,1,1.38267143364,-1.75692443122,1.63065794863
Green,1,0.293764559513,0.910004589506,-0.576903451351
Morgan,1,1.0346365044,2.06563625393,-2.17152964231
Prinster,1,0.931020269207,0.630705831988,-1.89248670171
Quayle,1,1.41446126616,1.1293753587,-1.78047635069
Reeves,1,1.61435087644,-0.187663808751,-0.670718091015
Snyder,1,1.9546620123,0.116926057299,-1.94864516121
Wheldon,1,1.22959388088,1.05727932797,-1.56399880758
Wheldon,2,0.552024635495,0.764588963388,-2.70495552463
Heatley,1,0.926561546122,1.20958851748,-1.86303845792
Regier,1,0.591770952844,1.18895166461,-1.13159712913
Erstad,1,2.29082551251,2.11063716778,-0.596294726801
Camuffo,1,1.43959940421,0.135987997097,-0.540473537033
Franchitti,1,0.181984468999,0.0380373382983,-1.90644394896
Michalczewski,1,0.702358299522,1.37152993093,-2.21122290333
Milicic,1,1.11057755266,1.15032158532,-3.03924559274
Moore,1,-0.911596434296,1.70821171724,-2.03288711232
Garrettson,1,-0.16563429468,-1.16902074475,-1.92259925571
Dickey,1,0.863628194481,1.6806924047,-1.20831891062
Issa,1,1.3873334667,0.0654354820977,-1.06015463595
Issa,2,1.78919784147,0.664823278837,-1.50212151266
Porter,1,1.08493763665,-0.675372557308,-0.376521726554
Porter,2,1.22121641893,-0.0525543241986,-1.84909388907
Royal,1,0.78952853173,1.85167748379,-1.41890242138
Campel,1,0.338708613061,-0.990098121335,0.27023084709
Clarke,1,3.01048709827,0.502308780415,-2.07215961197
Clarke,2,0.766317417326,1.42081697167,-0.665925782081
McDaniels,1,2.27669468108,-1.53118085993,0.159033143781
Stingley,1,0.875409658927,-0.949818389422,-0.911325511108
Patton,1,1.35212708017,-2.1819340474,0.963220535307
Hannah,1,-1.08685671774,1.45832548922,-2.33107301092
Hannah,2,-0.358581155321,2.33209164568,-2.01991137247
Jones,1,0.725173913325,-1.31297223712,-0.126558307505
Parks,1,0.690332265068,-1.77894207123,0.995580911078
Sabara,1,0.762212567249,-0.679540349627,-1.81643780264
Smith,1,1.46977284147,-0.586827696009,0.252178789242
Barr,1,1.03807096043,0.693117354153,-1.08460380539
Campo,1,1.46970980848,0.409287505519,-2.61180432642
Campo,2,1.31301847208,0.59870127035,-2.10599819713
Campo,3,1.21477753619,0.472445737912,-1.99938797252
Johnson,1,2.02338848654,0.58206782107,-2.28598272721
Lewis,1,1.63491705233,1.71736452285,-2.03695841801
Matthews,1,0.588447956362,-0.293431444075,-1.35557019528
McGinnis,1,1.17905451259,0.674420352309,-1.21560424379
McNally,1,1.24567550295,0.0151881857114,-1.8639551941
McNealey,1,0.532895546269,1.07139161545,-0.993044451881
Odom,1,0.577222733877,0.767040692783,-2.26796598753
Potter,1,0.165267627312,1.45449450827,-1.14064167092
Ragone,1,0.659172172316,0.347173742964,-0.160727213565
Robertson,1,1.20729119658,-0.324627941944,-2.82067957159
Tucker,1,1.21633278807,0.72229180487,-2.32025875259
Wannstedt,1,0.787961771251,1.11543245134,-1.76659385887
Williams,1,1.17357551826,2.68367980566,-2.90484932227
Johnson,1,1.00821087347,1.57019565199,-0.701345734582
Alpay,1,0.237799720035,0.481166302946,-1.33836120933
Anderson,1,1.52659224331,0.461938750532,-1.80615123283
Anderson,2,0.71075537562,1.13675237771,-1.52366041595
Anderson,3,0.820606714939,1.30549344324,-2.07625702522
Anderson,4,1.23710954603,1.07480224621,-2.20630295569
Anderson,5,1.44906308179,0.952758019955,-0.555811892625
Arquette,1,1.80098796415,1.47548987024,-1.50570848602
Ballantyne,1,0.689332129877,1.87627078897,-2.82184444091
Beckham,1,2.00624254843,1.97388451014,-1.58620779184
Beckham,2,0.172850408657,1.09094253163,-2.1315491181
Beckham,3,0.763307089962,1.7272144655,-0.75690584952
Beckham,4,1.47873836839,1.23947245815,-0.281326863485
Beckham,5,1.68615939563,0.492808277478,-1.56935085615
Beckham,6,0.914054332274,1.19562759945,-2.547650173
Beckham,7,0.773054070993,1.06707101842,-2.46678089145
Beckham,8,1.32821830263,1.20943976426,-2.37488796947
Beckham,9,1.13225036097,0.260560775136,-1.47877230943
Beckham,10,2.11655508796,0.857599380469,-1.77171856707
Beckham,11,0.867210037902,0.580538438337,-0.22527522909
Beckham,12,0.591507771347,2.30394311846,-3.47217889723
Beckham,13,1.08829300167,0.717153301038,-0.616195465569
Beckham,14,1.25823532667,0.627136865652,-1.37421548507
Beckham,15,1.18596457672,1.71449477927,-1.93162196906
Beckham,16,2.19520373021,1.96752424045,-3.08451934562
Beckham,17,1.64369880497,2.63043705625,-2.77693423412
Beckham,18,1.15868793866,0.839141737248,-1.52976105453
Beckham,19,1.18134419205,1.48394727627,-2.18760125164
Beckham,20,2.11582795614,1.19365099367,-1.32067153543
Beckham,21,0.83347874902,1.98594404976,-2.26072808582
Beckham,22,0.54052919914,1.05115472922,-1.35133809021
Beckham,23,0.926578530829,1.32193927642,-3.11648737108
Beckham,24,0.038866864939,0.988126293281,-1.65848242891
Beckham,25,1.48790143698,1.69764253019,-1.46507441282
Beckham,26,1.5356838309,0.802850547285,-0.741533068947
Beckham,27,1.11715719944,1.27534774327,-2.1385046381
Beckham,28,0.00459688320077,0.855414580013,-1.80088187689
Beckham,29,1.12470121433,1.15324778662,-1.15510356262
Beckham,30,1.15935437782,1.58154902738,-2.66183234467
Beckham,31,0.63329393567,0.714108380781,-1.57521127302
Bell,1,0.884701918034,1.27607977991,-2.55472395193
Bell,2,1.53948868254,1.54237970366,-1.56556949248
Bisbal,1,-0.44882616367,0.545348473622,-2.74714912388
Blaine,1,1.60019033868,-0.0857660300535,-1.39869886532
Bowie,1,-0.24774179856,0.25195842658,-1.77815698113
Braley,1,1.01338247068,1.20501003903,-2.1186982607
Brent,1,1.373715273,1.16251463929,-1.33484550325
Brinkley,1,0.871828986827,0.229347157993,-0.985144853219
Brown,1,1.12463677368,1.67998723685,-1.83627663523
Canary,1,1.08546395555,1.26258858015,-1.41927190351
Caraway,1,0.646111343096,1.76910966221,-2.19622287735
Caraway,2,0.646829471233,1.5721971429,-1.31624240965
Carradine,1,-0.303880554344,0.993318483048,-0.88494403976
Caruso,1,0.549067153778,2.28252804436,-2.9132497949
Caruso,2,1.11579833224,1.71406706782,-1.06478990856
Caruso,3,0.785025346591,1.72485146809,-1.24179172786
Chase,1,1.65947430928,1.07601659302,-1.87081941821
Collenette,1,1.47493547938,1.34226511795,-2.08000903412
Coulthard,1,1.71427542227,1.26985820202,-2.21997313
Coulthard,2,0.651575439533,1.85634062288,-1.34063970065
Dewayne,Williams,1,-1.45507448453,0.325587601524
Dewhurst,1,1.36138945042,1.01973611118,-1.93363576625
Dodge,1,0.902440020414,1.41786188985,-2.44404758238
Dodge,2,-0.103094108984,1.27683798266,-2.11540650693
Donohue,1,1.03784812459,1.82397511872,-1.66319454097
Dorfman,1,-1.2092660834,1.2147344414,-1.97754048757
Duke,1,1.73728727434,2.12083919019,-1.71205178512
Duval,1,0.248982970277,1.54196064634,-2.80528454397
Eldon,1,0.663404781885,1.76754527886,-2.6470900912
Gest,1,-0.826289049362,0.617691690805,-1.83111364409
Glenn,1,1.30163212718,0.603774706576,-1.62511399021
Hannay,1,0.35031875574,1.03761481654,-1.9838924226
Hanson,1,1.21382474896,1.41891376359,-2.44961447401
Hasselhoff,1,1.25821610297,1.19335655583,-2.93198500688
Heyman,1,1.15704643632,0.376273083355,-2.71087623828
Heyman,2,1.68558007871,1.16963409002,-2.49033230253
Heymann,1,0.729784565883,1.10754078219,-2.57873176878
Heymann,2,0.993168283816,0.344783593112,-1.38377965261
Heymann,3,1.12457482567,0.893968499298,-1.80913339706
Heymann,4,0.430677291955,0.315270821367,-2.81888547644
Heymann,5,0.346207474617,0.708607541727,-2.50489243824
Hilt,1,1.28084819471,0.171497759947,-0.860844086048
Ho,1,1.31982252846,-0.654591657001,-0.855507735771
Howard,1,0.0581631092646,0.608675474227,-1.32830706726
Hyde,Pierce,1,-0.720026944976,-0.400693866744
Hyde,Pierce,2,-1.5359122608,0.548668516905
Hyde,Pierce,3,-1.68039617275,0.437370503077
Hyde,Pierce,4,-1.22209740091,1.00742108021
Kelley,1,0.404619000209,0.326212566641,-2.32737576355
Kelley,2,-0.102153040638,0.0461529970966,-0.931222702451
Kelly,1,0.571191720184,0.42955989154,-1.25236557297
Leahy,1,0.87337997622,1.20312796911,-1.17251107153
Leahy,2,1.95846772439,0.786694478767,-2.18149390274
McCallum,1,0.214392133376,1.52755745298,-2.63040275998
McCullough,1,0.502289797168,-0.0354926378571,-0.429799595402
McKiernan,1,1.23984351923,0.596242770882,-1.40661337927
Millar,1,0.70913484962,-0.23000240737,-0.880254367206
Modell,1,0.775293802475,1.30700555642,-1.2736763166
Montoya,1,1.8445854186,0.364866277458,-1.4014686053
Myers,1,1.25863042121,1.64441876437,-1.62729184673
Myers,2,1.43735416243,0.980144101224,-0.597725198615
Nalbandian,1,1.19223261371,-0.0518652775009,-1.18775515744
Nalbandian,2,0.876236967533,0.252915026232,-1.55757157065
Nalbandian,3,1.80085259294,2.09120591591,-3.29111330353
Nalbandian,4,0.835588484808,1.61270804399,-2.10794133505
Nalbandian,5,1.22571306782,0.768254154341,-1.68841801989
Nalbandian,6,0.958000077844,0.590091446145,-0.840708852747
Nalbandian,7,0.451115061864,0.982675135562,-2.02428050516
Nalbandian,8,0.165477637225,1.52219875527,-1.68907232387
Nalbandian,9,1.55898836666,1.7309098237,-1.6121169766
Nalbandian,10,0.955436288589,1.59961987413,-2.21774419494
Nalbandian,11,0.690243067541,1.34627212388,-1.76037583997
Nalbandian,12,1.65980280833,0.933187438249,-2.30720783404
Nalbandian,13,0.957473086716,1.07488919259,-2.0347388763
Nalbandian,14,1.34349424519,0.844245646099,-2.34964167646
Obey,1,0.951036271448,0.681092455445,-1.876854629
Oh,1,0.472271101873,-0.724238113479,-0.625470979961
Provost,1,0.189686405563,1.26524997938,-2.91270313546
Przybyszewski,1,1.43851235853,1.34192680181,-1.40795292826
Rivkin,Jr,1,-1.5480494842,1.50312649777
Scott,Morris,1,-1.86347573253,2.15186437521
Shayler,1,0.285562231211,0.137395817897,-2.44862597361
Sibleyk,1,0.762167818317,0.487101250722,-2.60217493599
Siegel,1,0.204008351605,0.300862402219,-1.90560791721
Sousa,1,1.41270483199,2.50401795186,-2.58689244909
Spade,1,-0.177013090994,0.773035220637,-0.889726368188
Spade,2,1.1197949937,0.735817024245,-2.75618772134
Stern,1,0.107202182793,0.53221604868,-1.21237435774
Stern,2,0.912697327564,0.832956791862,-1.60701733064
Stern,3,1.27339972917,1.22169417288,-2.41693868353
Stern,4,0.924244344459,1.47719201467,-2.62786060488
Suazo,1,1.19886132956,-1.90057407906,0.546043421191
Surrett,1,0.0889506681938,1.49185882571,-1.44145239968
Tornberg,1,0.889123744319,0.698086089236,-2.03701713419
Trimble,1,1.18363341048,1.69158219962,-2.10645197549
Trimble,2,0.293085946642,1.6601196617,-1.28136577277
Trimble,3,-0.171302487712,0.340502907361,-1.64877475312
Trimble,4,0.0496386632188,1.98026126795,-1.83271196874
Trimble,5,0.68171307973,0.87143737333,-2.08424821863
Welch,1,1.04904345853,2.06488901707,-1.58354643874
Wells,1,2.40729290232,-0.0104401739715,-1.19237437652
Wells,2,0.873404933651,1.67510725867,-1.14806609831
Wells,3,1.51067929669,-0.966473513107,-2.20117161417
Wells,4,1.20898729489,-0.0682063212452,-0.838119378304
Wells,5,1.42161890702,-0.240143088105,-2.5211258535
Wells,6,0.246120600203,-0.0581293714071,-1.46969527433
Wells,7,2.00369807283,-0.123298954107,-2.05227846177
Westerfield,1,1.56644225177,-0.260375135527,-1.83676002162
Wolf,1,1.08053490493,1.26315285731,-2.253103187
Wolf,2,0.746283336291,1.15031754093,-2.10388646178
Zeplowitz,1,1.04701283727,1.36611006867,-1.61441503664
Love,III,1,-0.6798703697,-0.076949157267
LoPiccolo,1,-0.990505786763,-0.541135611239,-0.920518162123
Staley,1,0.413775817637,-0.930250335752,-0.762340078444
Barker,1,0.87905992111,1.85822973019,-2.91422829211
Barkley,1,1.29360530516,1.13672178339,-0.969164045308
Barkley,2,0.749051459943,0.635865006946,-2.59857449665
Barkley,3,0.824079418072,0.757313727044,-1.88579855837
Barkley,4,0.767688034397,0.912265528307,-1.53922609624
Jacek,1,1.61552984226,1.1509380221,-1.31849136911
Sheremet,1,0.139620131636,1.87306662412,-2.11873528026
Allen,1,-2.56511349718,-1.29869145702,-0.146205408139
Reynolds,1,-2.11567625425,1.62505024377,-1.58169619369
Reynolds,2,-1.38142969875,1.78950358838,-2.54012031925
Reynolds,3,-1.94631137162,1.31496245256,-2.63342006846
Reynolds,4,-1.67485694215,1.60253642139,-1.99515702523
Brown,1,-0.475717887825,1.64869951949,-1.70506033263
Brown,2,0.370802005618,1.41308671026,-2.79901926647
Messing,1,-1.86017798341,0.747587034882,-1.72756665229
Messing,2,-3.1930297456,0.741691512591,-1.97069857894
Messing,3,-0.0821578949679,0.980799066758,-2.03377539362
Rose,1,-0.292462833164,0.886963120183,-2.13456785554
Shank,1,-0.513371077669,0.919909365378,-1.63095257087
Yang,1,-1.35690180317,-2.04194178894,-2.19458629885
Santos,1,-0.235655304659,2.29387329968,-3.05821228387
Eckstein,1,1.99328796597,1.14230213528,-1.79200266341
Burnett,1,-0.482949255635,0.610709090093,-2.17334896081
Mehta,1,-0.780555485356,0.194339051841,-0.95336958635
Clara,1,-0.813431612714,0.242128462386,-1.10960376942
Chuillot,1,-1.13814376282,-0.339204793972,-2.07580225211
Veal,1,0.857894702592,-2.290429667,0.479431249482
Ferraciu,1,0.950411034111,0.476781111882,-2.99253382634
Ferraciu,2,1.50558242624,0.238685041203,-0.719901621251
Moore,1,-2.72622532137,1.21428858487,-2.34882638926
Moore,2,-1.47707646317,0.907891140624,-0.996605755214
Moore,3,-1.00274214499,0.646386973116,-1.35112713068
Moore,4,-0.799966799119,0.639200910332,-1.80652406816
Coderre,1,2.05786403425,0.246080326678,-2.39733612216
Johnson,1,-0.15984140581,-0.640118445808,-0.818460064772
Johnson,2,-1.00210642079,-1.20963581339,-0.148263323383
Locke,1,-1.36542571834,0.90467305195,-1.97113398408
van,Outen,1,-1.16083277196,1.51959911435
Fassou-Nguesso,1,2.44039146315,-1.13453215738,0.230336031935
Baykal,1,1.22648183633,1.73292215825,-3.66331907663
Archer,1,1.78714811681,-0.798794292247,0.050675643405
Erickson,1,1.04540743872,1.16149358674,-1.97318311481
Erickson,2,0.703483330793,0.939370817336,-1.87299299472
Franchione,1,1.22559675615,0.876791685378,-2.08253615563
Hastert,1,0.69856478161,0.631018192904,-0.496295142106
Hastert,2,1.18428397517,0.727489687387,-1.6220974763
Hastert,3,0.691189013598,0.0507758179564,-1.31700721682
Hastert,4,0.189230319351,1.63934593328,-1.07026620799
Hastert,5,0.946528699728,1.75139210238,-1.60746452627
Hastert,6,1.49381752189,0.744722078052,-1.10446489637
Johnson,1,0.303594125518,-0.0633471786684,-0.532391005715
Kozlowski,1,0.211972590504,1.21517008296,-0.873541170516
Kozlowski,2,0.547227591003,1.90882160634,-0.993833308354
Kucinich,1,1.26627655469,0.950249799737,-1.60652275979
Kucinich,2,0.0787002984295,0.860078554749,-1.36655300833
Kucinich,3,0.470922123349,0.120163406054,-1.85706566464
Kucinich,4,0.784660942689,0.577694820524,-1.91082347844
Kucinich,5,0.0064402288742,0.3205000986,-2.52755637611
Kucinich,6,0.530027105058,0.752862715317,-1.99569139224
Kucinich,7,1.23601768772,0.311759982762,-2.20197154112
Miller,1,1.3194565572,-0.106015443778,-1.28638338208
Oswald,1,1.03740775601,1.45152154741,-1.80244036074
Powell,1,1.32221293476,1.54515786126,-2.15727254782
Powell,2,1.40523839363,1.21165625885,-1.33950328857
Arcand,1,1.25889823047,0.429885212972,-0.447330182061
Washington,1,0.575564037182,-1.08646992596,0.510267981175
Washington,2,0.0526729611512,-0.771590933493,0.042340510196
Washington,3,1.17185240436,-1.38861227497,1.68828724214
Washington,4,0.544597541402,-0.583988316774,-0.97275091552
Washington,5,0.549693520285,-0.767001880762,1.07862701737
Whittenburg,1,0.690685595656,-1.97564468377,0.55100234463
Abney,1,1.24213977975,-0.0951642098425,-2.22082088093
Bond,1,0.168954526534,1.25901156294,-2.25389474005
Jeter,1,0.822045227696,0.604399168049,-2.37190635093
Jeter,2,2.70878484106,-0.202533029415,-0.402319960603
Jeter,3,1.45698075157,-0.383702291796,0.387636366249
Jeter,4,0.716120912674,0.344669894413,-2.28936069746
King,1,1.1700757595,1.02501063122,-1.82458053289
Lowe,1,0.985218076181,-0.502029406858,-1.47513507963
Lowe,2,0.683708437702,-0.110398790106,-1.41547216822
Parra,1,1.38099355512,0.304882005806,-3.05819319304
Hatcher,1,1.47849913184,1.27122018167,-1.86213612516
Battie,1,1.4865394001,-1.59079975804,0.701207840708
Rodgers,1,0.456457679117,-1.00928327778,0.581418013357
Taylor,1,1.25334466293,-0.97230772121,-0.441613717419
Brown,1,1.63061013439,2.75078925191,-2.31669260874
Lemosi,1,-0.420689286394,-0.239488644903,-3.13947449823
Lemosi,2,-2.03635517641,0.277837512548,-2.62078411071
McKenzie,1,0.0557450967673,-0.257060783511,-0.204120216977
Farmer,1,0.666827266524,-0.732725400321,-0.532055874891
Harris,1,0.115702633353,-0.603166917094,-0.619729921568
White,1,1.89095319344,-0.964554082995,0.038410549064
Jackson,1,1.45951326221,-1.48031351952,1.80921769049
Jackson,2,1.49435770302,-1.44182405076,0.208226765669
Krall,1,-2.2054652656,1.72944887073,-1.40110959616
Krall,2,-1.55087543935,2.16832061105,-2.33717930886
Krall,3,-0.422765717441,0.833821285212,-0.192803533758
Krall,4,-0.276773143673,0.730757090596,-1.49796314968
Krall,5,-0.896651258694,1.9685190889,-2.56475556724
Krall,6,-2.14536953926,1.80724663745,-2.52086183264
Munz,1,-0.761879087821,0.874684251698,-2.6742997186
Munz,2,-0.204022922966,-0.0591396899748,-2.63958070852
Munz,3,-0.114413090763,0.891189552724,-2.02832394337
Renee,Valdivieso,Dubon,-1.32141065371,-1.30652341143
Ross,1,-0.607309957622,-1.18187565456,-0.934624733125
Silvius,1,-0.461224904308,1.63489380823,-2.81644949125
Taurasi,1,0.0740976813371,0.958084211616,-2.77281044638
Taurasi,2,-0.112688123258,1.82162414468,-1.58870129412
Taylor,1,-0.498164038591,0.812513541459,-2.4419866171
Green,1,-0.0365582423952,0.949047957245,-1.92988971263
Green,2,0.746151044595,0.695659305012,-1.73783362131
Ladd,1,-0.697561617038,1.20372572434,-2.00865689475
Lane,1,-1.1507432934,0.360646377129,-1.31782078611
Feinstein,1,-0.612204784947,0.304943969479,-2.6931078763
Feinstein,2,-0.776788167028,1.33933975884,-1.90968729206
Feinstein,3,0.233030923571,0.941671725961,-2.73368359224
Reeves,1,-0.936419632818,-1.387436,0.188826722901
Armey,1,1.07021031503,1.1232796103,-3.29055535858
Bennett,1,1.15402078538,-0.0453740586495,-2.001840962
Cheney,1,0.325997833103,2.03400625952,-1.47355172363
Cheney,2,0.833250838882,1.71523722851,-0.838161931807
Cheney,3,0.891436019925,1.24498665945,-2.49713954115
Cheney,4,0.969386968804,1.10851387107,-1.94120474924
Cheney,5,0.858209494353,1.18371102267,-1.48830574373
Cheney,6,1.38129945726,1.70710360017,-1.85538259894
Cheney,7,1.1158160106,0.993099631323,-2.1042293172
Cheney,8,0.560486354888,1.14660997444,-1.96432345272
Cheney,9,0.890494167497,1.11560171796,-0.344742719407
Cheney,10,0.984984911806,0.548824922085,-1.89519827731
Cheney,11,0.699348819852,1.12940820822,-1.54594728527
Cheney,12,0.430037250879,1.68758896595,-0.625090307228
Cheney,13,1.26308780357,1.11406049872,-0.92917120646
Cheney,14,0.109955010082,1.51683737711,-1.10464005987
Clark,1,1.29837672108,-0.252034116377,-0.766721136743
Clark,2,1.278303809,0.0452860808387,-3.00370824956
Clark,3,2.6702939164,0.247682664574,-2.47056756535
Devine,1,0.663394723495,1.92321567952,-3.03946890943
Jauron,1,1.14627400264,0.381327637568,-1.47038845618
Latessa,1,0.883380502588,0.769700588704,-1.50907621385
Latessa,2,0.22643553707,0.763883614656,-2.46761154689
Posthumus,1,1.62973191039,1.96374509474,-2.16996542076
Smothers,1,1.07131764811,0.968608814766,-1.49905060152
Vermeil,1,0.787398126787,1.05588114534,-0.966277272973
Vermeil,2,1.11081405909,1.40067334157,-1.97908569995
Defago,1,-0.689008325362,-1.00470185362,-0.391980026807
Armando,Maradona,1,-0.281982841555,-1.29040094338
Colorado,1,1.27324148773,-0.381473576155,-1.02315900596
Diego,Lerman,1,-2.04332592022,-0.0100532872056
Holzer,1,1.23871947318,0.701159852739,-2.02890701152
Zetsche,1,1.42394948383,1.24139140788,-1.59563942797
Berbatov,1,0.617194746436,0.126325792265,-2.90885148562
Perricos,1,1.64439113559,0.98884240159,-1.84595371026
Turner,1,-0.836344914607,1.81990069516,-3.6495292665
de,Laurentis,1,-1.07300555467,0.261506479678
de,Laurentis,2,-0.350589496817,-0.106856017234
Rosales,1,-1.29812598037,-0.979492155089,-1.5453071212
Risi,1,0.583580165592,0.106647474022,-1.49636058928
Samsudin,1,0.199679998751,-1.20118752623,-1.68955321688
Glover,1,0.518701491257,-0.543780490645,0.649980838018
Tettamanzi,1,0.813667862354,0.828892583644,-1.65893873894
Warwick,1,-0.667503211148,-0.314875881983,0.522796507561
Georgiadis,1,0.779720142698,0.172607499815,-3.30021395581
Kempthorne,1,0.858703911534,1.47354211796,-0.907169780397
Von,Tesse,1,-1.17833415199,1.75164015834
Said-Guerni,1,0.923576052514,0.944651949795,-1.10894726448
Rivers,1,-0.0352014274023,0.171057034212,-0.902910342512
Parton,1,-1.33611290527,1.7439614397,-0.952372493423
Parton,2,-0.791209122947,1.78526369725,-1.80732738237
Tsering,1,-0.718395821446,-0.894768416616,-1.51302683602
Tsering,2,-0.834738792067,-1.10464256014,-1.4436559949
Dunne,1,0.669066196792,1.93731120256,-2.4104029351
Monaghan,1,1.38840532563,2.23093579505,-2.51290861048
Garcia-Lorido,1,-0.186455546058,0.275969792878,-0.762477320595
Garcia-Lorido,2,-2.63450344237,0.77642006837,-2.48701753749
Hrbaty,1,1.30986653723,0.87295114607,-0.806020668361
de,Villepin,1,-1.04586032449,0.760938949192
de,Villepin,2,-1.41463179851,1.34474829608
de,Villepin,3,-1.12251575726,1.55448917602
de,Villepin,4,-1.44931908421,0.420823512527
de,Villepin,5,-1.10599448867,0.33590279561
de,Villepin,6,-1.1880194596,0.339378738037
de,Villepin,7,-1.68568759217,1.88860293718
de,Villepin,8,-1.53706682621,0.840064660442
de,Villepin,9,-0.804557180964,0.179276325141
de,Villepin,10,-0.891798826675,0.681532880346
de,Villepin,11,-0.0950848566857,0.667162952587
de,Villepin,12,-1.28516178623,0.898756975058
de,Villepin,13,-1.01454297541,1.30503344856
de,Villepin,14,-1.5305542952,1.89643646992
de,Villepin,15,-0.96374904856,1.41412274529
Perben,1,1.54638743442,0.978705228187,-2.07427368106
Anderson,1,1.52363884458,1.90410930971,-1.96877338106
Carty,1,1.05617966235,-0.110429705763,-1.6281150346
Evans,1,1.39064267639,2.69732852105,-2.80410168546
Evans,2,1.660171964,1.73876178535,-2.59448770872
Fehr,1,1.17609420989,0.500925961476,-2.40647521103
Fehr,2,0.701322059088,0.888773579084,-2.55663204013
Fehr,3,0.565800673905,1.3912451304,-2.21267537194
Fehr,4,1.86619454592,1.99901039306,-2.50072962834
Hays,1,0.73467208609,0.795056764192,-1.68038805676
Keck,1,0.386007548602,0.70900891011,-0.505776558027
Keyser,1,0.454195914907,1.35441842223,-1.60627039264
Pettit,1,1.22398845622,0.95437436654,-2.56852496954
Pettit,2,1.45723002412,0.593228690102,-2.29279376838
Pettit,3,0.898773092587,1.81917085317,-3.06179550139
Regan,1,0.227287612064,0.0930798766259,-1.01357912193
Rumsfeld,1,1.05554600522,1.26009749375,-1.47490866905
Rumsfeld,2,0.330893447106,1.35048384429,-3.17030812763
Rumsfeld,3,1.92450768558,1.94782319571,-2.88705983003
Rumsfeld,4,2.1961053876,1.39497551967,-2.07998874722
Rumsfeld,5,0.742432558056,1.26596811634,-1.96372289794
Rumsfeld,6,1.85548238329,1.78457524337,-1.6718906954
Rumsfeld,7,0.796874715405,1.90612071797,-3.27849261168
Rumsfeld,8,0.830719285934,2.07289454474,-3.52553862044
Rumsfeld,9,1.12895841297,1.33701742983,-2.94505657462
Rumsfeld,10,1.72435150843,1.55765213287,-2.15861784396
Rumsfeld,11,1.18992760063,1.2378091588,-1.44975978154
Rumsfeld,12,1.5540909428,0.918157202821,-2.09566164404
Rumsfeld,13,1.01347073609,2.13178628454,-2.39177700308
Rumsfeld,14,1.54961910797,1.05325200617,-2.41388492236
Rumsfeld,15,0.840647189844,1.01922585644,-1.70089693577
Rumsfeld,16,0.993870204828,1.61631005532,-2.41285852022
Rumsfeld,17,1.23427066661,1.53457372177,-1.97239389173
Rumsfeld,18,0.631438460138,0.404399628442,-1.35128356949
Rumsfeld,19,0.663761839043,0.679493503796,-1.36286650863
Rumsfeld,20,1.10856571729,0.419231101103,-0.268560880718
Rumsfeld,21,0.886817979526,0.039158832335,-1.34388465867
Rumsfeld,22,0.591933371218,1.08634471743,-1.32865574657
Rumsfeld,23,1.23393230756,1.00839534264,-1.75592185934
Rumsfeld,24,1.70893457058,1.22010673784,-2.2446821758
Rumsfeld,25,1.60060065492,0.553761381001,-1.90707373187
Rumsfeld,26,1.65154354172,1.67413496338,-1.7070409991
Rumsfeld,27,1.90960382486,2.17009669063,-1.68728351338
Rumsfeld,28,0.582169906843,0.666941088892,-2.17892250301
Rumsfeld,30,0.973271782313,1.87595003531,-1.39828710808
Rumsfeld,31,1.78286444531,1.60895842307,-2.271161912
Rumsfeld,32,0.963990460891,1.22023197018,-1.71551568201
Rumsfeld,33,1.35995760867,1.26233960722,-2.16331879605
Rumsfeld,34,1.65580520322,1.5160241811,-2.1048250987
Rumsfeld,35,1.37935786361,2.45726780099,-1.6277488921
Rumsfeld,36,0.137220037284,0.097290905614,-1.66601842086
Rumsfeld,37,0.458215566601,2.08031063685,-2.70442342186
Rumsfeld,38,0.242696925005,0.81007664612,-2.04437400608
Rumsfeld,39,2.11584030938,1.96297116741,-2.42683955757
Rumsfeld,40,2.26909791076,1.07180393133,-1.36418440368
Rumsfeld,41,-0.238426195812,0.969669232809,-1.87454162019
Rumsfeld,42,1.02257363768,1.29881073879,-1.96310626602
Rumsfeld,43,1.12039240237,0.357292529668,-1.53659410024
Rumsfeld,44,0.822524654055,1.41754834456,-2.31054058895
Rumsfeld,45,1.16875356025,1.72142724039,-3.79503334697
Rumsfeld,46,1.98293306185,0.496938434623,-1.36598069756
Rumsfeld,47,1.19843064993,1.79252946742,-2.14278960238
Rumsfeld,48,1.16666506169,1.20738842425,-1.7624498837
Rumsfeld,49,1.1315237851,2.39334824265,-1.48435798385
Rumsfeld,50,1.65849765953,1.30574513,-2.01176242804
Rumsfeld,51,0.65845734177,1.53029364582,-2.13501576991
Rumsfeld,52,1.88746858054,2.05950913794,-1.83085566806
Rumsfeld,53,0.7375955359,0.850341896638,-0.786601294918
Rumsfeld,54,0.421118704554,0.664526360488,-1.51210891697
Rumsfeld,55,1.07921961444,0.606017714375,-2.02590367371
Rumsfeld,56,0.170991349095,1.10686718586,-1.57596493511
Rumsfeld,57,0.234059155621,0.647455156291,-0.98160914761
Rumsfeld,58,0.923752942402,1.36541643402,-0.813783053696
Rumsfeld,59,1.5621139271,0.838651263661,-1.24692908228
Rumsfeld,60,0.847501682328,0.120109042926,-1.6853631874
Rumsfeld,61,1.12738636017,1.77819664964,-3.03600807265
Rumsfeld,62,1.42515437514,0.228419288897,-1.376840905
Rumsfeld,63,1.28177128308,1.47395303689,-1.42955028789
Rumsfeld,64,1.33164881738,1.27323016977,-2.23535958681
Rumsfeld,65,0.719073215491,0.38125150288,-1.46524001116
Rumsfeld,66,0.918283434365,1.487464657,-2.210559367
Rumsfeld,67,1.44641440381,1.00635550703,-0.843934167564
Rumsfeld,68,0.675451227715,0.012384087782,-2.16853924559
Rumsfeld,69,2.07784721738,2.08479824189,-1.0653618645
Rumsfeld,70,1.6990547266,0.370153614907,-1.27440840817
Rumsfeld,71,2.12266260915,1.75020493296,-1.52241795866
Rumsfeld,72,2.06871206562,1.44123944222,-0.999114959981
Rumsfeld,73,0.0953417960822,2.26353811601,-2.25638310318
Rumsfeld,74,0.70312566778,0.966640541489,-1.39677657029
Rumsfeld,75,0.970128539107,0.250916981963,-1.38923408091
Rumsfeld,77,0.396594262191,1.5194614921,-1.01631386541
Rumsfeld,78,1.41393118242,2.08241189722,-2.134744623
Rumsfeld,79,1.82472029227,2.29921370468,-1.74568903744
Rumsfeld,80,0.785195203277,-0.203780607862,-1.75967089591
Rumsfeld,81,1.21557082442,0.60514382467,-1.41637486718
Rumsfeld,82,1.37729783028,2.56221964322,-2.20246572889
Rumsfeld,83,-0.245165845634,0.785271175079,-1.56440347078
Rumsfeld,84,1.09932579189,1.27806150619,-2.30873009322
Rumsfeld,85,1.90375774275,0.215769237987,-0.777496510215
Rumsfeld,86,1.04789767419,1.32970706273,-1.9757955295
Rumsfeld,87,0.494116843957,1.0012707753,-2.11889895415
Rumsfeld,88,1.37286159796,1.11063102805,-1.33234522157
Rumsfeld,89,0.896012586621,1.34121261549,-2.84817223514
Rumsfeld,90,1.81411269685,0.871895947648,-1.05707865255
Rumsfeld,91,2.31173486353,1.00778336724,-1.32911884025
Rumsfeld,92,1.23548904073,1.44814949205,-2.75137736828
Rumsfeld,93,1.56657952197,0.633349743387,-1.7632868371
Rumsfeld,94,1.61160602231,1.60677918824,-2.51206087653
Rumsfeld,95,1.64544913929,1.41234772153,-1.83732473556
Rumsfeld,96,1.63895065185,1.97323290925,-1.89087706648
Rumsfeld,97,1.16989090125,0.844132005171,-1.19118499234
Rumsfeld,98,1.87538486599,1.24199392651,-0.833441729789
Rumsfeld,99,0.452751833775,0.935961235269,-0.886255293708
Rumsfeld,100,1.95373397139,1.854606795,-1.51615306106
Rumsfeld,101,1.2438338652,0.0917391214322,-1.39910463255
Rumsfeld,102,1.69497261327,1.56583502315,-2.64693797119
Rumsfeld,103,1.72369712957,1.16664069975,-1.67033857834
Rumsfeld,104,0.210916717226,2.37818223702,-2.48187217468
Rumsfeld,105,0.984102572625,1.32244660311,-1.58393930474
Rumsfeld,106,1.21763245243,0.48853189591,-1.47036075464
Rumsfeld,107,0.815247111333,1.74971692452,-2.40339545604
Rumsfeld,108,0.613546718363,0.777275864753,-1.28759056955
Rumsfeld,109,1.07138170686,1.83050481549,-1.86795989538
Rumsfeld,110,0.972245400913,1.99647743533,-3.3323435793
Rumsfeld,111,0.830029413352,1.28852840203,-2.70659887032
Rumsfeld,112,1.23061156511,1.70941909609,-2.24039267618
Rumsfeld,113,0.715947926089,1.37196819568,-2.45130689129
Rumsfeld,114,1.27904383692,2.11637619357,-2.10482914702
Rumsfeld,115,1.4278757898,0.19398089349,-1.53889699568
Rumsfeld,116,2.01834638346,1.04542347604,-1.94444114105
Rumsfeld,118,0.638641734104,0.680639867396,-1.4467096878
Rumsfeld,119,0.991060762384,0.442393539042,-2.68603723602
Rumsfeld,120,0.850583450317,-0.384994951616,-0.759375373998
Rumsfeld,121,0.825655769234,2.37302517344,-2.43304248386
Trump,1,1.59258776788,1.18051984454,-1.81184627934
Versace,1,-0.259948778754,-0.0487163468699,0.217799834829
Versace,2,-1.02293635293,0.903836000465,-0.704311686551
Versace,3,-0.448693918201,0.430045568974,-1.03992114397
Boudria,1,0.18461074628,0.62115585184,-1.69569250856
Carcieri,1,1.12443133651,0.821752506993,-1.43059492295
Flanagan,1,0.714094688572,0.918074516612,-2.29493856344
Henley,1,0.887877158679,2.03829788264,-1.55779093179
Hewitt,1,0.276400281091,-0.441670055671,-0.890882641407
King,1,0.283430722876,-1.17409115261,-0.246751596727
Lake,1,0.251523784393,0.590372094988,-1.37046016405
Matthews,1,1.38952434438,-0.170455340745,-2.09829528533
Meredith,1,0.870001703867,0.639943289274,-1.63941336042
Barrera,1,0.72941047193,1.08259012043,-1.32975888052
Brazile,1,-0.14976061796,-2.02959147047,-0.0234052601387
Morrissey,1,-0.00957921809972,0.354950592805,-2.0223477075
Ralston,1,-0.257919766,1.13614139196,-2.49879294977
Shalala,1,0.279778768969,0.176786325821,-1.30649057123
Shalala,2,-0.576689551127,0.467542602815,-1.52378113148
Walker,1,0.0102496025898,0.315260236065,-2.04326785697
Nickles,1,0.264655633075,0.89239386014,-1.09319218545
Nickles,2,1.1906916468,1.40271883271,-1.91959223515
Osmond,1,1.26203563729,2.46925968943,-2.48676282218
Siegelman,1,1.38009253272,0.479694320778,-0.960299020862
Siegelman,2,1.34958662694,1.06882340985,-2.42034900585
Siegelman,3,1.14457557201,0.82478179339,-0.939391016366
Siegelman,4,0.984127934126,1.62698387952,-1.06896858927
Bakoyianni,1,-2.20703764865,0.852249623081,-2.12894741926
Roberts,1,-1.02561393919,0.659785846471,-2.43270691755
Roberts,2,-1.34435215973,1.92973713314,-3.01203974311
Roberts,3,-0.881104125385,1.54293115888,-3.25125885635
Schroeder,1,-1.11268857968,0.791079828476,-1.46602288548
Schroeder,2,-0.631895505598,0.365035831853,-0.916386819521
Schroeder,3,-1.13923277097,0.439411974805,-1.00737080241
Schroeder,4,-1.06185982626,1.25135231415,-1.66505378868
Lamour,1,-0.910619807911,0.364773397116,-2.67267691878
Loudon,1,-1.47173557248,0.267730007223,-2.87252717504
Wilson,1,-0.8420464229,0.53973874803,-1.80950171467
Moxley,1,0.140048282086,0.791433436281,-2.28567231375
Moxley,2,-0.434936688892,0.64484568955,-2.26871882828
Helms,1,-0.265117119113,0.437186870146,-1.09337448837
Christie,1,0.197556926284,-0.70665675758,-0.491103260359
Collins,1,0.0371816754114,1.73376551603,-1.0454858435
Collins,2,1.17598674242,1.07920508327,-1.99477406747
Duncan,1,2.40006562411,1.01856272447,-2.72015143758
Duncan,2,1.79473470953,1.26835250186,-2.29668088933
Faneuil,1,-0.204076111406,0.416272451464,-1.87474022102
Gansler,1,1.27798316688,0.630662850485,-1.50197122265
Meester,1,0.553922324309,1.654340045,-1.65852045895
Paal,1,0.492316804431,1.08115022656,-2.09203996219
Melvin,1,0.576955064423,0.74927944932,-1.50094439913
Melvin,2,1.4495337264,0.696092379404,-2.03590980902
Melvin,3,0.771151849338,0.886331864995,-1.43017336812
Moe,1,0.232245330808,1.3855150236,-1.62029534411
Racine,1,2.27872520602,1.2769945447,-2.03869847441
Wilson,1,1.10869380084,0.583072660602,-1.38950165155
Covic,1,2.0950978975,0.643229201891,-2.17499364483
Barrymore,1,-1.84927958925,1.07820396159,-2.14357717575
Barrymore,2,0.41134635872,0.554693540303,-2.30268305594
Bledsoe,1,1.13322539593,0.576545787762,-1.7194848555
Gooden,1,1.16130044838,-2.29716060995,-2.14688023381
Barber,1,1.4523373528,0.570702164209,-0.801002623224
Lee,Chapman,1,-1.39955930556,0.883185231732
Lee,Chapman,2,-1.59473193486,1.08296752583
Rogers,1,1.1262531505,1.25177938134,-2.44840853523
Hill,1,0.342246809542,-2.18820817983,1.8607056495
Fletcher,1,1.96496195846,1.75416832613,-2.18220951174
Lampton,1,1.10361980352,2.1976895813,-1.61054603531
Qinglin,1,1.29751200378,-0.294938494371,-1.3159740627
Mohr,1,1.51160385745,-1.35345228385,0.93961530833
Brown,1,1.11094224682,1.37003063035,-1.9652906318
Hoffman,1,1.78190925311,0.0738077028543,-0.672807553327
Baker,1,0.673281065737,-0.674768909699,0.578936889102
Kyles,1,0.811793431246,-1.73759405301,-0.673959585623
Johnson,1,-0.368760201092,-0.297457322969,-1.00950851775
Johnson,2,0.843256912086,-1.1974261327,-0.648915843327
Wade,1,0.732370714541,-1.8382716339,1.84333710506
Williams,1,0.250392765431,-2.61927975809,0.958189810354
Abou,Jahjah,1,-0.951921459227,0.586670757133
Calub,1,0.523611021749,-0.114763357587,-1.94909363189
Campbell,1,1.13674311744,-1.63275910286,0.362683019798
Counter,1,1.88237930585,0.605979792328,-2.58105265958
Fritts,1,1.12327641375,0.896158278671,-2.09551981599
Scruggs,1,0.395958340206,0.151314746186,-0.949785442596
Clay,Shaw,1,-0.299755772229,0.639645896476
Book,1,0.683644652435,1.90631461119,-1.19722792138
Case,1,0.988215897033,0.392859969566,-2.26877468797
Compass,1,0.730241517709,0.612263285891,-0.814185332072
Fenech,Adami,1,-0.804962394991,0.335743941153
Jordan,1,1.06551713399,-0.437532896902,-0.500532252092
Lewis,1,0.313978737919,0.389168837926,-1.04072554179
Lucio,1,1.12286041009,0.457087537299,-1.01056435003
Murray,1,1.72681867968,-1.3136777426,1.1512400213
Sutton,1,1.47222238023,1.6018370812,-1.4244002545
Sutton,2,1.739401559,0.862242395888,-0.326158930573
Hartenstein,1,1.51594693717,0.702059830101,-0.726257647758
Merckx,1,2.27524978744,0.417702730671,-2.9617689893
Savisaar,1,1.77350189886,2.06562847928,-2.19207988093
Falco,1,0.300176897932,-0.447747324408,-1.30344676745
Falco,2,-1.53275418718,0.545408065463,-1.07870515926
Batar,1,0.540452939173,-0.127502148927,-2.29790270718
Masai,1,1.00406880417,-0.898815720428,1.70731028516
Mekertichian,1,1.10324305255,-0.904436836396,-0.380543024009
Hillary,1,0.99884260413,1.86140041917,-3.75111478313
Hillary,2,0.430617257391,0.418436373883,-2.04281139475
Hillary,3,-0.806836200787,0.303035144486,-1.42744112374
Stoiber,1,-0.0304172351964,0.193360026226,-0.820468908415
Stoiber,2,0.607816124494,1.84571886643,-2.28743400551
Stoiber,3,0.242085187686,0.910463217371,-0.510363269576
Stoiber,4,0.565495306643,1.58385356378,-1.94769548314
Stoiber,5,0.590640792503,1.50974973225,-2.1007700608
Stoiber,6,0.629263146646,0.706963734153,-1.97606335237
Stoiber,7,0.110806493527,0.558130915179,-1.30827503729
Stoiber,8,0.255147290126,1.2131751341,-1.15241146786
Stoiber,9,0.306522785867,1.8421366448,-0.649002599019
Stoiber,10,0.2626834842,1.23037657527,-0.909766899696
Stoiber,11,1.40549005058,1.46682704131,-1.35718947877
Stoiber,12,1.18036161796,2.24076166175,-2.59732021683
Stoiber,13,0.313675943302,0.601334963222,-2.10115347199
Michelin,1,1.78394653242,0.865413882014,-2.30444747822
Rendell,1,0.601874223923,1.11643274073,-1.88110920769
Rosenthal,1,0.289506535463,1.68977042832,-2.08135583882
Rosenthal,2,0.766963573994,1.22498510158,-1.76461590683
Rosenthal,3,0.792116538146,0.00346095906997,-0.486285193756
Smart,1,0.706372514386,1.57623543096,-2.26548474436
Smart,2,0.753326342025,0.66636932449,-0.273918080819
Smart,3,-0.178013997185,0.486777750995,-2.42732107463
Sullivan,1,1.43909927387,0.959083432554,-0.641590149954
Limonov,1,1.1726327396,0.440857005034,-1.83884314788
Chillida,1,1.76141046293,1.2348262818,-1.77899873307
Duhalde,1,0.582042618213,0.632879158969,-1.60473819251
Duhalde,2,0.625297351997,0.249517130037,-1.26905335276
Duhalde,3,1.15061209365,0.319713771993,-2.5287274745
Duhalde,4,0.959183767356,0.142752326852,-2.06724607985
Duhalde,5,1.51131576277,0.799724891345,-2.30941294357
Duhalde,6,0.28810514752,0.711881142641,-3.32326414944
Duhalde,7,0.70882945927,0.736932562389,-1.36670437019
Duhalde,8,0.688761429259,0.754009790703,-2.79153678241
Duhalde,9,0.818286871726,0.995215683427,-1.90593649447
Duhalde,10,0.724528647848,0.925793793974,-2.64250956573
Duhalde,11,1.28461601478,-0.637466432016,-2.48477289369
Duhalde,12,0.840662869674,1.40066316266,-1.30646887955
Duhalde,13,0.787307715415,0.309863265154,-2.47265072969
Duhalde,14,1.20038936706,0.187556234312,-1.71981705433
Fischer,1,0.839734126781,0.49915201182,-0.781519072061
Romero,1,2.73798353883,-0.224974756713,-1.92740140654
Shevardnadze,1,0.613853549316,0.967538708479,-2.26474243436
Shevardnadze,2,0.89854695104,1.56240188079,-2.2100411759
Shevardnadze,3,0.118908300439,1.82181652408,-1.32891117195
Shevardnadze,4,-0.011552763848,2.08122788779,-1.77332726353
Shevardnadze,5,0.673554363724,1.72688813637,-1.48263308657
Wade,1,0.813206485425,0.521240644004,-0.413960400174
Albee,1,1.07744057562,-0.289657494407,-0.913469503136
Arsenault,1,0.96991345562,1.51336906933,-2.53213190282
Belvin,1,0.00587640982556,-1.73326262848,-0.680663345169
Burns,1,1.68899793264,1.41522933114,-1.54545329017
Egan,1,0.185800026239,-0.302017740958,-2.15903030917
Flynn,1,1.11176776492,0.754719959377,-3.09833411535
Greenspan,1,0.160791347159,1.21154672825,-2.15148475522
James,Olmos,1,-0.830297523599,-0.627453445574
James,Olmos,2,-0.87779842519,-0.559615267604
Johnson,1,1.17272242979,0.313129908804,-1.28234778914
Kennedy,1,0.680851648831,2.00935624425,-1.74566448563
Kennedy,2,0.95763011223,1.26196583031,-0.740906771462
Kennedy,3,0.877895001993,0.784581551536,-0.746597071753
Lohn,1,1.52433199416,1.056685758,-1.57324006534
Lu,1,0.815430211361,-1.24854107687,-1.92104293435
Lu,2,0.698730952365,-0.777792333355,-1.04509936374
Lu,3,1.36937505247,-0.725348034975,-2.85271086301
Lu,4,1.00473181046,-0.293407495928,-3.0448376948
Lu,5,0.79822775949,-1.0794851984,-1.03673405047
Lu,6,0.746960688762,-1.60788171178,-1.98233937398
Norton,1,1.61421294709,0.53790656135,-2.13989218278
Norton,2,1.53737269531,1.76982240136,-2.32667553607
Said,1,1.03411068849,0.345052751303,-0.94088739623
Said,2,0.831083187852,0.201033732674,-0.881205187279
Seaga,1,0.342411070392,1.80145203414,-2.02386050729
Currie,1,-0.396091627825,1.45569882948,-3.97657797527
Currie,2,-0.273578078908,1.29423619327,-3.47901821637
Currie,3,-0.771636031154,1.32071473527,-2.6724097123
Currie,4,-0.212825159849,2.05151801084,-3.71883770089
Edwards,1,1.02980484325,1.1388143322,-1.97704189201
Edwards,2,-0.00362280970707,1.38328812773,-2.55793486424
Edwards,3,0.774660964738,1.65312317767,-1.37295431334
Rios,Montt,1,-0.829813250629,-0.548839054567
Yaima,Cruz,1,-1.2606746538,0.82119553439
Coparropa,1,-0.529946383065,-0.94300053471,-0.59442519912
Coparropa,2,-0.12395745833,-0.875199845238,-0.667347068174
Coparropa,3,0.419483459802,-0.690331719348,-1.06539333673
Spina,1,0.0178837035891,0.343800682216,-1.94720020514
Repse,1,1.18457515951,1.75727142485,-1.41252327603
Dmitriev,1,-1.06647965199,-0.955583352301,-2.71656119077
Hard,Forberg,1,-0.711483053366,1.0144315017
Larez,1,0.743569346502,-0.177532205963,-1.09557481076
Chao,1,-1.03297222555,-2.26566572012,-2.10741112417
Stritch,1,-0.660867084987,1.65685470265,-1.95414578878
Bereznaya,1,-0.66489695328,0.605537153848,-1.39285330135
Bovina,1,0.0173979507113,0.207550146108,-0.977937394723
Bovina,2,0.310658853117,0.150655658747,-1.38074281987
Bovina,3,1.3697279853,1.83893884083,-1.6957573873
Dementieva,1,-0.27880055267,0.232853766223,-2.65622226272
Likhovtseva,1,-0.379335614591,0.175774476436,-1.58209438452
Tihomirova,1,-1.70152129085,0.214114116388,-1.72771178078
Baylor,1,1.00303631292,-1.17643212991,0.6750240954
Hadji,Diouf,1,-0.29279457769,-2.50632950264
Karp,1,-0.865555477938,0.687009978355,-2.31361535497
Karp,2,0.637649497224,0.223123137274,-2.16808209614
Karp,3,-0.768838288556,0.871611781518,-2.62937252832
Karp,4,-0.660909548585,1.71925138562,-1.81014484259
Attallah,1,1.00469999189,1.179509225,-0.0462430291758
Broad,1,1.08636848465,1.00764447174,-1.97988776672
Wood,1,0.546276245967,0.60185046336,-2.61369087192
Wood,2,0.55006927028,0.0936193837231,-1.78154556168
Wood,3,0.541315993221,0.519413076206,-2.90401343282
Ingram,1,1.27596165719,-0.563225160268,-0.23186090238
Nordegren,1,0.389671749004,0.541942309822,-1.1692570268
Nordegren,2,-1.18599218069,1.11063983863,-1.71503264695
Caplan,1,-0.272563880037,-0.436354120191,-2.16974747012
Caplan,2,-0.245343771744,-0.312199980038,-2.33649749926
Spitzer,1,0.32008008794,1.7241845573,-1.07816389492
Rosenbaum,1,1.41016115602,0.355280946829,-0.677095010318
Schumacher,1,-0.343279874008,1.09568600139,-1.96191981962
Schumacher,2,-1.21917768941,1.7237113758,-1.87638010972
Welch,1,-0.899322107167,-0.610777032754,-1.21293575937
Cuthbert,1,-1.09704842801,0.593773266149,-1.6218520837
Stutsman,1,2.17292111595,0.969064197704,-1.97070981102
Berkeley,1,-0.476874474693,1.01584780729,-1.69931241912
Dole,1,-1.59553971999,-0.0273400096986,-2.84781463743
Dole,2,-1.81674594344,0.629909590298,-2.0730517115
Dole,3,-1.29843705071,0.0376685586287,-2.20962843847
Dole,4,-1.47000633692,0.2077777366,-2.876857782
Hill,1,0.622490148505,1.57046419673,-2.36692511648
Hurley,1,-0.41650219145,1.08740131336,-1.80377814297
Hurley,2,-0.831809816453,-0.0131760463308,-2.04349052382
Hurley,3,-1.99927309521,0.30083009248,-2.7050010842
Hurley,4,-1.47595951982,0.154006926618,-0.761819361641
Hurley,5,-2.18471457325,0.181279327206,-1.89861367104
Pena,1,-1.64272698916,-0.408166650395,-2.17207396154
Regan,1,-1.93088925854,0.68956875871,-1.54517051496
Shue,1,-1.12274534286,1.01900589492,-1.4429370131
Shue,2,-1.60851134586,1.42565981555,-1.87215099454
Smart,1,-0.58443060438,2.6146776481,-2.72261208289
Smart,2,-1.307561801,2.0665967616,-2.27450209835
Smart,3,-1.13499678177,1.59317242588,-2.37141685763
Smart,4,-0.0852275316435,1.89875410898,-3.25783978949
Smart,5,-0.296401952981,1.82911310758,-3.39607000267
Taylor,1,-0.755701005462,1.96171628552,-2.85109142846
Taylor,2,-0.112893591268,1.72803639118,-1.64473454696
Dushku,1,-1.72852554153,0.410970248908,-0.930605900863
Manningham-Buller,1,-0.727777946387,0.241048191107,-2.91055789499
Barkin,1,-0.428490137453,0.51963970847,-2.24281114854
DeGeneres,1,-0.532126238932,1.2322617743,-1.30267853276
DeGeneres,2,0.881188980962,1.19214927531,-1.74865345623
Engleman,1,-1.29572481303,0.77151181125,-2.53753831604
Engleman,2,-1.73827860086,0.905478838517,-2.58571129572
MacArthur,1,-0.348096086809,0.341812685828,-0.808347318457
Martin,1,-1.87359895966,1.07297574185,-2.18070235685
Pompeo,1,-1.17163786167,0.666458704123,-2.86752252996
Saracini,1,-0.71955287221,1.42111229203,-2.18569786425
Mincberg,1,1.11972736252,0.393227790165,-1.72258951132
Brok,1,0.975593936359,1.1732815395,-1.29064784702
Bouchez,1,-0.827064937595,0.0133225841154,-1.85094047182
Gutierrez,1,1.11156426916,-0.137452360202,-0.345085386404
Zylberstein,1,-1.18569306847,0.495360878394,-1.17098698544
Zylberstein,2,-3.15740462643,1.11950715976,-2.952761342
Zylberstein,3,-2.05704046025,1.20754600623,-2.28765437535
Zylberstein,4,-2.63775253509,0.934695554018,-3.34729136783
Zylberstein,5,-2.18834988703,1.30981795174,-3.00180172568
Zylberstein,6,-0.961355132458,0.645084770415,-2.18943730299
John,1,0.994384315568,0.211159979369,-1.81377576455
John,2,0.174470220441,0.694193120026,-2.46621801494
John,3,0.43445440638,-0.134683639636,-1.55885421078
John,4,-0.270078534455,0.523810777279,-1.79193185049
John,5,-0.505357542606,1.11305701667,-2.71285690433
John,6,0.249527439369,1.17964538462,-2.97172625156
John,7,-0.528986175126,0.415688976071,-2.32985681857
Hsiao,1,-2.21117134829,-0.791447449349,-2.7915195145
Costello,1,0.511091203472,0.867868395976,-1.64829683389
Presley,1,0.960131554107,0.691808138215,-0.333124223857
Presley,2,0.483644843103,1.15915531335,-1.38300749893
Stojko,1,-0.218293183918,1.25688629352,-2.4931294168
Ginobili,1,1.04511354136,0.719000438062,-1.57336184732
Ginobili,2,1.22031685976,-0.0873949193585,-1.92072093206
Ginobili,3,1.06054196687,0.786361821222,-1.12325367801
Ginobili,4,1.31613823447,1.54936527495,-2.29752241347
Ginobili,5,0.948713017936,1.64991734823,-2.73137083442
Loit,1,0.143593465926,1.27976586389,-2.30135162934
Lahoud,2,1.31581054721,0.777117123461,-0.769125837179
Azcarraga,Jean,1,-0.913973557836,0.202199065936
Botin,1,1.53089606137,0.27687818919,-1.07374058136
Mason,1,-1.13938243172,1.54414910398,-2.02736891223
Mortimer,1,0.112375505659,1.34074960223,-3.34707643366
Robison,1,-1.49426554296,1.47597679057,-2.12297177421
Robison,2,-1.24916616348,0.706643476851,-1.47258907929
Stevens,1,-1.19138366173,0.406628540158,-2.64526812975
1,1.79788623591,-1.77962137099,0.709609245235,-2.10723115091
Nicholson,1,-0.459431946499,1.44751545322,-2.18698720208
Filiberto,1,0.554292928089,0.575529165992,-2.15538678761
Beart,1,-1.07807279024,0.807113603985,-2.0343475444
Beart,2,0.0489901544532,0.15007136407,-1.72120927978
Beart,3,-1.42020745739,0.975383064672,-2.4039210998
Jagodsinski,1,-2.47255926326,0.65826049377,-1.51953238684
Milingo,1,0.385885955448,-0.857253067023,0.919645374368
Thompson,1,-2.18693189042,0.772831305686,-2.58392562022
Thompson,2,-1.67622479825,0.794497898022,-1.46101948814
Thompson,3,-1.39994786506,1.44735478789,-1.95919695593
Watson,1,-0.0539948334868,0.904448615173,-2.63793630796
Watson,2,-0.581329006425,1.62909738283,-2.81328623848
Watson,3,-0.82015579634,1.34787253356,-2.52880835186
Watson,4,-0.968434148432,1.45509998253,-3.35818614488
Watson,5,-1.05258810756,1.19713654526,-3.40106906714
Smith,1,0.945040806215,-1.28104222841,1.83335102979
Smith,2,0.870008726134,-1.87023591064,2.09562570062
Rossum,1,-1.81366857089,0.851392965352,-2.31693283301
Jones,Parry,1,-1.03982558863,0.598044551579
Rice,1,-0.544025035986,-0.295285910348,-1.75503793657
Slaughter,1,1.27633581293,0.448560827932,-2.22398518264
Fico,1,-0.492697919855,1.38774819568,-1.35544353661
Vendt,1,1.11582997078,2.14882588581,-3.28291452009
Bolanos,1,1.76729964272,1.08216724812,-1.69785949185
Bolanos,2,0.452396854723,1.36146156873,-0.351730558705
Bolanos,3,0.117355337899,1.02063125801,-0.915192162582
Bolanos,4,0.699942532517,0.432410547819,-1.63960884552
Bolanos,5,0.0902594368715,0.708426037028,-1.87288812793
Haroldo,Gorriaran,Merlo,1.34564402137,-1.35052035571
Iglesias,1,0.0124848974742,-0.0311028627989,-2.22960461387
Medina,Gomez,1,-1.70176801889,1.33434221069
Oliu,1,1.00518556143,1.71238818434,-2.94235936348
Bana,1,0.825674176873,0.0376959629405,-1.10712550244
Benet,1,1.04181862468,-0.955314892799,0.739808427746
Christian,Olsen,1,-1.41394342633,0.330242911382
Clapton,1,0.430623324947,0.670587963486,-1.27003599365
Clapton,2,0.698014518851,-0.339708463965,-0.35180262888
Daze,1,1.01926302524,0.503746044289,-2.8335835304
Dubin,1,0.132526829554,1.23116641812,-2.02306149484
Fehr,1,0.957945052534,1.45351627673,-3.03971455238
Hinske,1,0.649173034247,0.73908264936,-1.07810700753
Hinske,2,0.512734185934,0.848121761272,-2.14010736144
Idle,1,1.32403222321,0.90555178697,-1.23335666208
Barkley,1,0.0232173597482,-1.69933771555,0.00489662441116
Lindros,1,2.12798784679,1.26596580442,-1.9654210274
Lloyd,1,-0.832523334268,1.05220606475,-1.93852110886
Robert,Rudolph,1,-1.37988440787,0.687932785103
Robert,Rudolph,2,-1.90972724174,0.219389480458
Robert,Rudolph,3,-1.8897159109,1.33392414873
Rosser,1,0.905226985892,1.26321194282,-0.843229559432
Rosser,2,2.09103252591,1.84319789152,-2.25615035105
Ryan,Donnelly,1,-0.86488667414,1.48295620063
Schacht,1,1.80673867267,1.86025336856,-2.21796433715
Shinseki,1,1.06728618679,-1.06961543642,-1.15559404323
Snow,1,0.31298577658,-2.21268935688,0.511843714981
Staal,1,0.32914205581,1.11905258336,-2.27888760242
Taino,1,0.831064608546,-0.435342065536,-0.0187824648489
Vigouroux,1,1.00257940471,0.665411417819,-1.9026750733
Wedge,1,0.252373409814,1.16755279839,-1.42514047461
Christensen,1,-2.14158821654,0.879934713097,-2.31867841844
Christensen,2,-1.81352581696,1.3332285839,-3.45787305329
Harold,1,-1.61389728117,0.755744132208,-1.3539561551
Harold,2,-1.82663301277,0.890644533572,-1.58261271921
Harold,3,-1.83522133803,0.354071947788,-1.73202021688
Harold,4,-1.27973575403,-0.54527309705,-2.02822105576
Harold,5,-1.73451449785,0.614817158666,-0.540019990027
Reyes,1,0.0721160485031,-0.0896500145338,-1.15342985925
Morales,1,1.22481076342,-0.202517399207,-2.46153583888
Morales,2,1.09664024937,0.594513060612,-1.64130922478
Morales,3,0.831387470806,0.614706584127,-0.384584233178
Tamura,1,-1.72963299165,-0.18721471783,-3.67948015093
Brockovich,1,-1.93982810753,1.65485893046,-2.34648551071
Hershey,Presley,1,-1.4810942891,0.33886549404
Runnion,1,-0.641002887556,0.65329781155,-1.95002369393
Runnion,2,-0.0673803577763,0.985528759253,-1.44710143231
Runnion,3,0.507693242204,0.961007476269,-1.71494405247
Runnion,4,-0.148729757342,1.90843265548,-2.72723796984
Hollings,1,1.05570174579,0.285717066049,-1.68470001362
Zedillo,1,1.4673712743,0.911537104802,-1.16827044622
Zedillo,2,1.36000854702,1.05016715791,-1.94112534747
Els,1,0.740637226753,0.525702188818,-1.37659582621
Els,2,-0.328061100133,0.555528235883,-2.33262819148
Els,3,-0.0918634363461,0.257608613731,-1.20301014405
Els,4,0.626940270457,1.51952565949,-1.54518816958
Eves,1,0.32971011923,0.214036197611,-1.29592874595
Eves,2,0.377567080588,1.41351918995,-2.04440878407
Fletcher,1,1.00990558305,0.841525105766,-1.53900958994
Fletcher,2,1.71083113732,1.22034655681,-2.25868859016
Grunfeld,1,2.30527614381,1.66126192477,-3.14876786885
Harwell,1,0.250482299226,1.38205694524,-0.909644368661
Preate,1,1.18252013949,1.31651144315,-2.28032949871
Stewart,1,0.759969169693,0.786819476033,-0.742465688339
Bowles,1,0.961960047223,-0.466915122383,-1.82960166046
Abdullah,1,0.657538994735,-1.72562946,-1.01512943624
Mapasseng,1,0.931118744788,-1.13361468904,-0.840879735212
Landzo,1,1.95492826451,0.54810576471,-1.53841667339
Cordoba-Velazquez,1,2.18757846069,0.836630644203,-2.04101580665
Warren,1,-1.36303208613,0.593577679298,-2.9510852271
Morris,1,0.126015630965,-0.783700132035,-1.40521739157
Canadas,1,0.0362996608152,0.387017160349,-1.20740774794
Macklin,1,-0.0561531011221,-1.10273523389,-1.72277929978
Hawke,1,0.927721707035,1.85800726199,-2.40424630158
Hawke,2,1.81541885292,1.4548054344,-1.96960759691
Hawke,3,0.661328698245,1.73945624644,-2.26952074999
Hawke,4,0.770459688832,1.38523231728,-2.24945169715
James,1,0.668672738684,0.0240784104168,-1.04526266892
Melnyk,1,1.38703797824,0.661687114952,-2.98740857098
Teslovic,1,1.25518708055,1.71636655512,-2.10503925691
Barber,1,-0.0482382683153,-1.45272363588,1.63555962362
Barber,2,0.347016503712,-1.27177251408,1.68734633079
Guterres,1,0.553420005569,-1.94059826244,-2.05773258143
Amurri,1,-1.80058528582,0.738320284487,-2.09047122998
Dimas,1,0.23078531104,0.795190864676,-0.655825587125
Dimas,2,0.243704432464,0.318609715672,-1.59000969236
Herzigova,1,-0.696450487615,1.12152245135,-1.0435485358
Marie,Saint,1,-0.971869663323,1.82924111883
Mendes,1,-1.04386634386,-0.179490748571,-1.26261725969
Holyfield,1,1.68591364173,-1.64946084494,1.07739991965
Holyfield,2,0.745414054494,-0.644375032344,0.54956159155
Marriott,1,0.840600357595,0.543152180117,-1.93356765162
Rachel,Wood,1,-1.97891274045,1.28686388079
Rachel,Wood,2,-1.51360842553,1.06389469201
Rachel,Wood,3,-1.50563307917,1.46469125998
Ensler,1,-1.32756761266,0.00588498346189,-2.41299595823
Lauder,1,-1.63733916304,0.117310238586,-3.05256528907
Pelletier,1,-0.0205898674432,0.312284241887,-0.979932542003
Pelletier,2,-0.338108557895,0.301686966907,-2.19787162458
Plushenko,1,-0.292655538939,1.31326261613,-3.10898113451
Lazarou,1,-1.82428991912,0.58929364224,-2.03080696476
Morales,1,-0.165961102154,-0.747157344946,-2.9801030509
McGregor,1,2.00241404182,1.06509568622,-2.74553479897
Vargas,1,1.55460664191,-1.35232770816,-0.676917690544
Zuluaga,1,0.0876024084658,0.207577808597,-1.5573241716
Zuluaga,2,0.768137154087,0.74031137589,-1.99024540631
Santoro,1,1.24479038501,0.404237376785,-0.887563467398
Santoro,2,1.68029792325,0.171634215222,-1.60088286783
Santoro,3,0.455355499904,1.93621177263,-2.31569719713
Oberto,1,0.319972175698,1.37266238754,-2.45598494102
Iqbal,1,0.449729946586,-0.33491322904,-2.43553271683
Saleh,Hayat,1,-1.40524508298,-0.619335238838
Wong,1,-1.66993167304,-0.751544896452,-0.947064743768
Ragoonanan,1,-0.388391318934,-1.48090252075,-1.51274895703
al-Sharaa,1,0.880392479719,0.484707309428,-2.07977500834
al-Sharaa,2,0.594787924784,1.15637733012,-1.90674459782
al-Sharaa,3,1.23190629793,0.319985979612,-2.04245672074
Kaddoumi,1,1.04567248923,1.38857857789,-1.63454478212
Kusibeh,1,-1.69546773845,-0.339954954575,-2.77430711936
Limaj,1,1.64396887176,1.71170256351,-2.66670861898
Alibocus,1,-1.52437572566,-1.37099356267,-0.788626383285
Dunaway,1,-1.06362189518,0.456774797248,-2.13517508397
Dunaway,2,-1.52571338224,1.67523166814,-2.67775790695
Dunaway,3,-1.77928646664,0.529668763407,-1.3773126209
Wong,1,-1.30896474602,-1.42822961944,-2.15200180425
Mekdad,1,1.53935713363,0.156943388021,-1.70582554037
Mekdad,2,0.683973714719,1.02920913432,-2.1608858866
Mekdad,3,0.800109614451,0.645251743193,-1.66376049362
Mekdad,4,1.48895508353,0.704348225703,-2.39693817605
1,2.07884154525,-0.714447454836,-1.38923329467,-1.97895073427
Castelan,Sayre,1,-0.978667763657,-0.271896302497
Fellini,1,1.37429514867,0.935909869654,-1.38509735884
Trillo,1,1.15283630781,0.643482900238,-1.63141554427
Trillo,2,1.90794517237,0.694497050481,-2.21909686951
Trillo,3,0.719810032097,0.936341194737,-1.94691051849
Lopez,1,0.228282282148,0.928115524647,-2.52075039525
Huffman,1,-1.27762820268,0.862267363332,-1.16164819999
De,Borbon,1,-1.85741778642,1.9734362213
Fernandez,1,0.146711652149,-0.623551725789,-1.80314899081
Perez,Roque,1,-0.943697766383,0.204088110235
Perez,Roque,2,-1.3380078706,0.64433059065
Perez,Roque,3,-1.55445369835,0.364366197808
Perez,Roque,4,-1.1339840893,0.596392886223
Doh,1,1.58745159118,-1.10770672523,1.53297257075
Mantilla,1,0.0920009192778,0.234343781683,-1.15619250713
Mantilla,2,1.49814983039,0.744789265556,-1.96131254621
Sanchez,1,1.42804106201,-0.771884635391,-1.00625143421
Trinidad,1,1.29188495578,-0.662591048285,0.600139785865
Madl,1,0.492981540436,0.935319707524,-2.60722997784
Madl,2,-0.516544586435,2.25085722666,-2.05953992489
Alonso,1,0.473045749866,0.19164214534,-1.54213251199
Gonzalez,1,-0.00977812434985,-0.293485015382,-0.0948887322565
Gonzalez,2,0.526674615973,0.329410829382,-1.49803394652
Gonzalez,3,0.719947816732,0.319342553416,-2.0621819258
Gonzalez,4,1.11613132339,-0.374986136427,-1.9279511071
Gonzalez,5,0.424857630683,0.461452466304,-2.20256516449
Gonzalez,6,1.0944865683,-1.25907134444,-2.62714066903
Gonzalez,7,0.314622064743,-0.110641512406,-2.0474697348
Gonzalez,8,1.01326626045,0.0263299963541,-2.38509079939
Gonzalez,9,0.974466499118,-0.257066152929,-1.75583467613
Henrique,Cardoso,1,-1.43527534776,1.12513436893
Henrique,Cardoso,2,-1.06416552197,0.157764788522
Henrique,Cardoso,3,-1.38211099282,0.767584199211
Henrique,Cardoso,4,-1.84039213079,0.804404273595
Henrique,Cardoso,5,-0.0537165712054,-0.480825120485
Henrique,Cardoso,6,-0.830052858751,-0.0447053305729
Henrique,Cardoso,7,-1.82261446947,-0.155978405634
Henrique,Cardoso,8,-0.586880791021,-0.412345583878
Hierro,1,1.60106714608,0.877367637319,-0.211760829171
Leon,de,Aranoa,1.30726865901,-1.3443723618
Sanz,1,1.49752202498,-0.00624590783672,-1.53185274799
Valenzuela,1,1.65085386901,-0.426090687244,-0.853432346751
Vargas,1,0.854333569532,0.421268115847,-1.79406281134
Vargas,2,0.157208247963,0.137437538527,-1.62856086489
Vargas,3,0.769424886734,0.385756736435,-0.56637363896
Vargas,4,0.925564927276,0.27667537877,-0.404398786739
Velardez,1,0.836192668482,0.66111522197,-1.47440013517
Mogae,1,-0.273132218928,-1.20537812568,1.41481310371
Castro,Daiz-Balart,1,-1.23282047143,0.519183058124
Castro,1,1.13063682853,-0.255619092908,-0.518411014649
Castro,2,0.655558389372,1.08523424809,-1.15810056678
Castro,3,1.88893626088,0.636423886541,-1.19573739556
Castro,4,1.54579356129,-0.627052536851,-1.91584859945
Castro,5,1.21771481023,0.920674407641,-1.64665798484
Castro,6,2.01548485372,0.98608997557,-1.67436446146
Castro,7,1.35245041215,-0.480409612935,-1.18792386564
Castro,8,1.67051274113,0.355338471213,-0.320956415873
Castro,9,1.05176000177,0.40877125335,-0.831513894677
Castro,10,1.82413602559,0.835046768064,-0.987289612226
Castro,11,1.63031359877,0.125578397216,-1.6345422523
Castro,12,1.20987562759,0.481896543357,-1.33856236075
Castro,13,2.10089919737,0.395587986502,-2.23177751195
Castro,14,1.43438327323,-0.374954844666,-0.685594177037
Castro,15,1.0539645591,0.391508221137,-1.15308067019
Castro,16,1.22644873694,0.261907321079,-1.75329282552
Castro,17,2.30849865723,-0.369259332727,-1.26149722194
Castro,18,2.02668765585,-0.17660254428,-0.992213056286
De,Winter,1,-1.44513882379,1.53104882451
Inzaghi,1,0.537480503304,0.771813698724,-1.78564934182
Inzaghi,2,1.04761310547,0.184430065357,-1.25494142985
Inzaghi,3,1.26104077153,-0.644438774844,-1.97294929356
Volandri,1,1.20646493437,1.19509285084,-1.65619649346
Milne,1,-0.876027669814,0.806540233108,-1.69971582107
Delaroli,1,-0.355070779116,1.02804389514,-2.49240355206
Delaroli,2,0.00199846484509,0.292011442618,-0.958499536832
Pennetta,1,-0.105481102208,-0.853818204981,-2.0594083986
Cobian,1,-2.38828289334,0.992527159624,-2.30904628446
Kirchner,1,-0.587516540838,-0.0233400477019,-2.04869846359
Macri,1,0.437960127124,0.33414015276,-1.21114100891
Montulo,1,-1.314533835,-1.174889648,-1.20453101943
Montulo,2,-0.381796209996,-1.42870854595,-1.41913912985
Keith,1,0.896472895963,0.186205078822,-1.1379970255
Mayweather,1,1.44106932123,-0.755061531511,0.47474306215
Totti,1,1.51861497053,0.0314771743244,-0.537146764265
Fisher,1,-0.859081106936,0.24148795564,-2.70077316752
Fisher,2,-1.99144380358,0.845454279816,-0.00726509851606
Flores,1,1.03267443946,-1.15425974942,-1.59768224704
Flores,2,1.12119588949,-0.466278526175,-1.77202403555
Flores,3,0.40067686346,-0.246728072685,-0.582142104624
Flores,4,0.365526380168,-0.215966721896,-1.95557045364
Garcia,1,1.3138353758,0.654568729304,-1.93920166949
Collins,1,1.24597497139,0.948176705221,-1.78640842184
Maturana,1,0.581137668624,-0.981508072829,-0.0244425685773
Santos,1,0.19344258956,-0.0344799552223,-0.926144860924
Urenda,1,1.0192466464,-0.37551738297,-1.79238262007
Crick,1,0.136304652092,1.47838482535,-1.64592667987
Ford,Coppola,1,-1.94176939097,1.17147029367
Ford,Coppola,2,-1.15810100195,0.408676608899
George,1,-0.317835666362,0.0763116193547,-1.58900008207
George,2,0.550163286429,0.56150369738,-1.05462398548
Mer,1,2.06864439597,0.167048618125,-2.80717147798
Mer,2,1.94539749629,0.981151717732,-2.55339957115
Ricciardone,1,1.54666968613,0.433416851535,-0.42263671819
Cerutti,1,2.0583773714,0.395173178091,-2.21396907969
Cangele,1,0.766918382759,0.264543402876,-1.58565425281
Dragone,1,-0.0353153808243,0.0502721445098,-1.55239847469
Dragone,2,1.24429886943,0.502235215269,-1.05298846183
Frattini,1,0.347997649456,1.43240174302,-1.86728513857
Botha,1,1.08131110862,1.03812242638,-0.62145447088
Ozon,1,1.94347484575,1.26803450984,-2.31675480736
Pienaar,1,0.981507489425,1.08127748323,-2.29241388794
Drescher,1,-1.94784344692,0.297923717426,-2.0908690316
Drescher,2,-2.04736023009,-0.0624762934316,-3.31389609459
Abagnale,Jr,1,-0.49800592877,0.63608087602
Beamer,1,1.44445269991,1.63649247324,-0.811147070394
Bell,1,0.660916384701,1.57323843718,-0.927646171139
Cassell,1,0.0545773847998,1.04615973778,-1.50701370637
Cassell,2,1.79154258337,1.64062072752,-1.86169073194
Cassell,3,1.09448476145,1.5280890162,-1.73976564139
Coraci,1,-0.0605628020398,0.319651956141,-0.539010798179
Dunham,Jr,1,-0.647866577789,0.968927091378
Dunham,Jr,2,-0.705790640261,0.901056236739
Griswold,1,0.76266397931,1.21431989626,-1.18908479491
Griswold,2,1.09390502059,2.00234542014,-2.00755453733
Hilldrup,1,2.46407185056,1.21848278017,-1.74412232461
Hsieh,1,0.698819311263,-2.13800554097,-0.124831563899
Keating,1,0.335855069866,2.6514694967,-1.89904342129
Lautenberg,1,0.244762561119,1.24846995539,-1.78179076421
Lautenberg,2,1.0593317741,2.11563558548,-1.68895745268
Brown,1,0.617749008173,0.730207115866,-1.57548050875
Damann,1,-0.058634697579,-0.918850227699,-1.30755873723
Marshall,1,1.06891850881,1.15944213729,-1.07526851734
Murkowski,1,0.754098591186,0.776914456725,-1.54770452151
Simatovic,1,0.883616901703,0.97544316256,-2.10860344169
Simatovic,2,1.90526458069,0.275522724386,-2.55621697037
Pallone,1,1.422812634,1.24237038049,-1.75860725833
Schmoekel,1,2.16400395328,0.716515965986,-0.509524211983
Shea,1,1.21006469547,1.641548301,-2.51796414329
Sinatra,1,0.358500380589,1.07874519249,-2.70206247506
Solich,1,1.97844350385,1.7806884511,-2.49600262819
Solich,2,1.59133337627,2.08064653862,-2.50634816693
Solich,3,0.987356365455,0.907356669712,-1.25732369107
Solich,4,2.48289981822,2.11860613134,-2.01162829554
Solich,5,1.3288460627,1.77387584049,-2.23751069363
Stallone,1,1.7143983663,0.506969317946,-2.93497972307
Stallone,2,0.331683300592,1.32836224991,-1.19054799777
Taylor,1,0.543836819794,0.215093686501,-1.64233490959
Van,Ecke,1,-1.81657868724,1.22131473665
Wycheck,1,1.41034716447,2.59442374833,-2.19063622332
Zappa,1,1.10215397889,1.89292561607,-0.880341280319
Beckenbauer,1,2.30999355318,1.89485296964,-0.169897428207
Beckenbauer,2,1.13699422188,1.93944433139,-1.7067294871
Fischler,1,1.61501987591,1.71312658867,-2.38659311857
Fischler,2,0.616121787775,2.13398918165,-2.17992674889
Fischler,3,0.64005020528,2.36522115721,-2.12082418763
Fischler,4,1.01420564516,2.51001094389,-2.53128859324
Gsell,1,0.858974260577,1.14947754987,-2.35604568283
Muentefering,1,0.263959471815,1.13069119832,-1.9939109898
Muentefering,2,0.663734396096,0.49847380969,-2.27218438943
Muentefering,4,0.190763025404,-0.186621652579,-0.726477269127
Black,1,0.580335065052,0.997019577162,-1.43925286548
Durst,1,0.354736147658,1.13723175864,-3.42251899194
Garcia,1,0.848775293158,0.193996819062,-1.63736831612
Garcia,2,0.0453895077662,0.0158681118959,-1.33673377434
Vasques,Kinchokpe,1,0.227553282712,-0.541199557051
Eckhard,1,1.356457323,1.22403930963,-1.96016773301
Eckhard,2,1.0222564235,1.77138565518,-1.69387216376
Eckhard,3,0.74498436918,1.67117502541,-1.83749344165
Madden,1,1.07755926265,1.08122409967,-1.94112628898
van,der,Wal,-0.910567621176,-1.65660012883
Funk,1,1.42988468357,1.64511260841,-1.72594734774
Funk,2,0.57011153779,0.845266624143,-1.69525472831
Huff,1,0.189273922741,0.650492402811,-1.97170647578
Seaman,1,-0.227764967234,0.331351756079,-1.94943458228
Rogers,1,0.204968299127,0.4313682283,-1.43073311052
Swan,1,0.592019805113,1.14093775032,-1.72674581436
Thompson,1,0.578172812226,0.921750943614,-1.04522652063
Thompson,2,1.86678573462,1.59722492153,-1.79853733191
Thompson,3,1.08894810528,0.419499006979,-1.15118166806
Wilpon,1,1.00815366353,1.10911059977,-2.75584508374
Chan,1,0.696668780035,-0.918766670602,-1.8859859902
Cho,1,1.9526577121,-1.3801114539,-1.16222073606
Cho,2,1.31341851968,-0.689563092793,-2.73492601413
Cho,3,1.37276219569,-0.679490177353,-1.5259990291
Cho,4,1.33278840601,-1.01969419932,-2.67636729671
Cho,5,1.430504693,-0.988094499995,-1.63545771296
Cho,6,0.39059490516,-0.964793397631,-1.33467282332
Mitarai,1,0.839793054242,-0.924692100314,-1.13088013564
Zimmer,1,-1.05435273995,2.0282074049,-2.33853473787
Batistuta,1,0.777777584088,0.0348770586615,-0.410572446246
Batistuta,2,1.1899931425,-0.270183876277,-1.43772610897
Farhi,1,2.36056850877,0.244008584885,-1.51128390269
Hughes,1,-0.138576383981,-1.49096589759,1.14174945035
Jorge,Ferreia,1,-1.67294598449,0.512801868942
Bo,1,-1.84122153798,1.20438563238,-0.741804965464
Rose,1,-1.18974197261,0.891972374598,-2.01190001605
Union,1,-1.82521899773,-0.55781639523,-0.684566528277
Valdes,1,1.59221791121,0.945591512744,-2.26841929169
Valdes,2,1.99874972022,0.51962686248,-1.13159207842
Garcia,Bermal,1,-0.898564441182,0.0949237736703
Leon,Garcia,1,-1.36220282051,0.736501610856
Rowell,1,1.35833290923,1.50707704157,-2.88947272248
Qiang,1,0.428940382233,0.181063488034,-0.177603705357
Qiang,2,0.599347741853,-0.0979587844065,-1.08209114253
Alejano,1,1.72984081772,-1.11844883315,-0.566786252839
Kasparov,1,1.5615688823,0.599567201267,-1.68927706188
Kasparov,2,1.47797870464,-0.126016899759,-1.75412019477
McCoy,1,2.03151000134,-0.713956881694,-2.10883150946
Trudeau,1,1.91883558382,1.66893972639,-2.85099709451
Trudeau,2,0.992306748485,1.09627900477,-1.80363089785
Witherall,1,-0.481408737934,0.523271723785,-4.13637150339
Drabinsky,1,-0.0633835124201,-0.196930433269,-1.27871761873
Barnett,1,1.3628713617,-0.793081107093,-2.55111039357
Bauer,1,1.73574345514,1.21127926066,-2.14486757186
Bergeron,1,2.23542761406,0.716819655527,-2.69591412157
Bergeron,2,0.814306164497,0.824317988809,-1.92406618287
Bettman,1,2.25391235861,1.74317314808,-2.76603819768
Carter,1,2.39619576469,1.24278494513,-1.31655624785
Carter,2,1.15541280739,1.31419879877,-1.13154024131
Carter,3,1.59543209563,0.597159287611,-0.520991935021
Coleman,1,-0.37203126893,-1.16513472869,-0.991560841427
Condit,1,0.318307640027,1.21856121053,-1.65997850459
Dellaverson,1,0.917081371971,0.377683610756,-1.72846928921
Doer,1,0.117470208049,0.370074320897,-2.39622318746
Doer,2,0.884976942607,0.84687916099,-1.96513064781
Doer,3,1.30268252265,-0.00410208927539,-0.428231170444
Forsee,1,1.21180348225,0.71053480572,-1.90481592087
Forsee,2,1.83345073231,0.456017068335,-1.56750343222
Gero,1,1.16859718806,1.44947193218,-1.75648699072
Gitnick,1,1.373233192,1.82246939042,-1.78905281772
Leon,Ridgway,1,-0.817658249775,0.601369312707
Locke,1,1.52163879147,-1.16775558289,-2.91315760291
Locke,2,1.76643888913,-1.55255298086,-2.73213956129
Marshall,1,2.0874050425,0.0946736912576,-2.34740016761
Paer,1,0.842670030265,0.558819954032,-3.13344740121
Sayler,1,0.532271628212,0.960891302058,-1.86665996358
Sinise,1,0.984363022213,0.444347390819,-2.4369081413
Stevens,1,0.667443828015,1.18839150689,-1.40175926888
Williams,1,1.27357886783,1.66730847796,-2.41630570701
Williams,2,1.30106303678,1.20136496491,-1.24793586917
Winnick,1,1.70309743744,1.15452242316,-2.40807041707
Winnick,2,1.14865309156,1.59047927727,-2.06164907269
Gaudio,1,1.5356848807,-0.0440977470287,-1.2028070752
Degraw,1,0.249459302297,1.23650466821,-2.48232708437
Arthur,1,1.11771418669,1.85705047549,-2.63172684884
Davies,1,1.66438389078,0.876088549725,-0.926153496289
Autry,1,0.902795077948,0.226241856708,-1.88330322734
Hackman,1,1.70937591995,1.45001403949,-1.69172247395
Keady,1,1.4170999259,1.12593934909,-1.58889815501
Orza,1,0.743727681788,1.26800005305,-2.18533958276
Robinson,1,0.747155866084,-0.155991245499,-1.73999058198
Robinson,2,0.649676783801,0.474934801889,-1.74239310648
Robinson,3,1.35034344234,1.11568694558,-1.52203060459
Robinson,4,0.821123651518,0.461250208204,-0.570161196771
Robinson,5,0.583872811289,0.983654039648,-1.87689872674
Sauers,1,0.623802892209,0.209151987547,-1.96371300212
Meredith,1,-0.520436746709,0.962065185068,-1.88667670219
Flowers,1,-1.3532071012,1.25300451048,-3.30086887944
Auriemma,1,1.07427226828,0.619683464079,-2.7724185249
Auriemma,2,1.15008932796,1.21240323946,-2.61458331671
Dixon,1,0.070817026734,1.32015914291,-1.77354488568
Hoon,1,1.32314867343,0.136730937797,-1.64743811111
Hoon,2,1.74208896053,1.54776763417,-1.69732554519
Hoon,3,0.95146721498,0.910811459863,-2.338079142
Hoon,4,0.414075957376,1.43146594649,-2.50710770756
Hoon,5,1.26010672633,0.638965241343,-2.13724591483
Hoon,6,1.59664823052,0.365139683247,-2.31938206644
Hoon,7,1.09113725566,1.39987958617,-2.21978433821
Davis,1,0.366523205601,-1.64178388662,1.19773247054
Rush,1,1.22558396958,1.55839101167,-2.17873288258
Allen,1,1.13890297857,1.6040089921,-0.529900540736
Blaney,1,1.55651818536,1.19199182988,-2.11507130883
Bovell,1,0.112491132143,0.475448809752,-0.696420703455
Brumley,1,0.597119969889,1.14804324112,-1.91178382624
Brumley,2,0.948545866101,1.23196202148,-0.417426487357
Brumley,III,1,-0.668065710564,0.360643784865
Clooney,1,1.11412014513,0.891567695944,-1.29166892008
Clooney,3,1.41613871435,0.587886584911,-2.977612565
Clooney,4,1.24913719014,0.678580918449,-2.79654122987
Clooney,5,1.46426724621,0.99208562753,-0.785713227008
Clooney,6,1.93904125376,0.337491599172,-1.74220427379
Clooney,7,1.61507432474,1.34050934789,-2.13522267372
Clooney,8,1.98957303116,0.681382228682,-3.12722874154
Clooney,9,1.56314701193,0.736819109702,-2.00058066052
Foreman,1,0.301852518022,-1.83505748311,0.652132796236
Foreman,2,0.636279336668,-0.773581683076,-0.470140200066
Galloway,1,1.62481738799,0.929072025051,-1.39840784853
Galloway,2,1.73963869359,1.65416500817,-1.46965484123
Galloway,3,1.76359385959,1.26710729569,-1.54699172027
Galloway,4,1.33283110271,-0.211857707007,-1.281418387
Gregan,1,0.67589915492,-0.966078826755,0.351881136217
Harrison,1,1.50453406307,0.788087895105,-2.33213497249
HW,Bush,1,-0.836360292105,0.909554066907
HW,Bush,3,-1.91405310949,2.51024968616
HW,Bush,4,-1.39616291332,0.636715380411
HW,Bush,5,-1.75116220939,2.34706488806
HW,Bush,6,-1.83818706342,1.63398437852
HW,Bush,7,-1.89431038098,1.92056195189
HW,Bush,8,-1.52869014227,1.29792498434
HW,Bush,9,-1.94575178218,2.14158085588
HW,Bush,10,-1.38469087505,0.408212042355
HW,Bush,11,-2.36415411354,1.6972014605
HW,Bush,12,-1.72252301224,0.811925697791
HW,Bush,13,-1.84617270403,1.93580527277
Karl,1,-0.0520838787503,1.41528485915,-1.84393098323
Karl,2,0.42036039842,0.843007443412,-1.01192890093
Lopez,1,1.06604862726,-1.40487889762,-1.18024444724
Lopez,2,0.616744136057,-1.72395956696,-1.66134754312
Lopez,3,1.85688026242,-1.13010544823,-2.40609846619
Lopez,4,0.0406706812844,-1.29043652139,0.836515036886
Lopez,5,0.308084367749,-1.34801168499,-0.129470677463
Lucas,1,1.39255000581,1.22507630459,-2.20347494907
Maxwell,Richards,1,0.847326261058,-1.8058038808
McCloud,1,1.01355685445,-1.96516704463,2.1238059028
Murphy,1,1.19806807353,1.31741330213,-1.54184201141
Papandreou,1,2.76856689079,1.298285408,-2.23705664272
Papandreou,2,1.63745848949,1.02996503379,-2.45607242543
Papandreou,3,0.603014824742,1.31172283051,-1.76443694741
Papandreou,4,2.14768113858,1.61528196434,-2.31893800326
Pataki,1,0.995478610747,0.532377130109,-0.896424399239
Pataki,2,0.467565906932,0.0966464447709,-1.89759753569
Pataki,3,-0.263783335109,0.805813221111,-1.05648772916
Pataki,4,1.17454045838,0.0516354189277,-0.470357535669
Pataki,5,0.967354635883,1.1731126818,-1.96935944653
P,Bush,1,-0.380606218275,0.650387556672
P,Bush,2,-1.17684426315,0.225165080795
Plimpton,1,0.197843115176,1.17847938729,-0.176943525657
Robertson,1,0.147711269304,1.30993433515,-1.85261745418
Robertson,2,0.267340080295,0.74842601929,-2.77247597505
Robertson,3,-0.371602303568,0.86639654525,-2.3800625891
Robertson,4,0.673354764007,1.28668502837,-1.83035274334
Robertson,5,-0.0906825540184,1.6426921616,-3.05707576632
Robertson,6,0.23448689229,0.832890822321,-2.84452560149
Robertson,7,0.108536518542,1.18027806048,-2.75995054435
Robertson,8,-0.180609026254,0.876018304121,-2.73360992736
Robertson,9,0.607176944629,1.1121386802,-1.22825752503
Robertson,10,0.197457982302,1.11402377095,-2.71208092136
Robertson,11,0.284410701744,1.4006984948,-2.43481971048
Robertson,12,-0.32813418625,1.19755199946,-2.23241773798
Robertson,13,0.442396047608,0.830146040973,-1.88718925373
Robertson,14,0.049652732128,0.792672812552,-1.1404999885
Robertson,15,0.757790908209,1.63243424433,-2.98919398432
Robertson,16,0.288389569135,1.03645774818,-2.53204237482
Robertson,17,0.674762888372,1.36202634515,-3.25151402203
Robertson,18,-0.304827776833,1.03488481859,-2.63977589117
Robertson,19,0.0390780185508,0.959845913117,-1.9614509586
Robertson,20,0.625027143307,1.70014262457,-3.43008125753
Robertson,21,0.0905686350223,1.6697986473,-2.36882965832
Robertson,22,-0.0843082591514,0.634325062725,-0.109349973675
Roy,Hill,1,-0.888855780839,-0.0778446474462
Roy,Hill,2,-0.978150219922,-0.548635959462
Ryan,1,0.298397652378,0.998282975,-0.204941677637
Ryan,2,0.753066939298,0.343782406165,-0.77767309111
Ryan,3,0.719205951882,0.0665394267764,-1.27324634701
Ryan,4,0.337792716502,1.28452134506,-1.38968319371
Tenet,1,1.53278184973,0.646965470321,-2.13651853835
Tenet,2,0.496074565194,0.390621564244,-1.16140763485
Voinovich,1,2.22226767469,0.443558555252,-1.50670565802
Voinovich,2,1.13473262593,0.949360911447,-0.557969792008
Voinovich,3,1.58979961833,1.36172060478,-0.01680427106
W,Bush,1,-2.0922933145,1.91280608159
W,Bush,2,-2.23158290186,1.40878886233
W,Bush,3,-1.64699189695,0.700887722991
W,Bush,5,-1.73395745837,2.29666812448
W,Bush,6,-1.56152607461,1.69866819642
W,Bush,7,-1.42985299333,0.966714750695
W,Bush,8,-0.430165136902,0.284946146955
W,Bush,9,-0.881265630444,0.753807494955
W,Bush,10,-1.29986355367,1.83754548187
W,Bush,11,-1.90341370872,1.99082948097
W,Bush,12,-1.5425985038,1.80350869179
W,Bush,13,-1.07734367855,0.851563576898
W,Bush,14,-2.39850905356,2.1103659799
W,Bush,15,-1.36933933779,1.31369158299
W,Bush,16,-1.49927562251,1.59503908425
W,Bush,17,-0.693691594455,1.00039426863
W,Bush,18,-0.865416322577,0.471340774531
W,Bush,19,-2.15460438996,1.54237453368
W,Bush,21,-1.64842856294,0.91502430361
W,Bush,22,-1.50545721067,0.821927725682
W,Bush,23,-1.71084662301,0.940319414659
W,Bush,24,-1.29754723132,0.847459779257
W,Bush,25,-1.37843103329,0.809132285248
W,Bush,26,-1.25527199075,0.739687293624
W,Bush,27,-1.27901894801,1.47142482486
W,Bush,28,-0.525940979146,0.913063318259
W,Bush,29,-1.96138742924,1.14167839682
W,Bush,30,-2.19517232676,1.01841527427
W,Bush,31,-1.68279487992,1.49034095545
W,Bush,32,-1.1323310246,1.32776278583
W,Bush,33,-1.02431303484,1.04723872949
W,Bush,34,-1.82301555258,1.53052072352
W,Bush,35,-1.23291000933,1.71938797439
W,Bush,36,-1.86923439103,1.44483304852
W,Bush,37,-1.05248628824,0.887771317854
W,Bush,38,-1.64243284074,1.22914026604
W,Bush,39,-1.50842540333,1.4932073361
W,Bush,40,-0.931942892104,1.52565309947
W,Bush,41,-2.61058735873,1.41900285059
W,Bush,42,-1.59883277851,0.905998830786
W,Bush,43,-2.41128694439,1.35621696786
W,Bush,44,-1.58862783445,1.78952739188
W,Bush,45,-2.07117405148,2.02036786969
W,Bush,46,-1.27853863375,1.54012283551
W,Bush,47,-1.25179346514,1.10647132554
W,Bush,49,-1.165340619,1.58464125829
W,Bush,50,-1.61967454268,0.766429558039
W,Bush,51,-1.58319739048,1.42131662509
W,Bush,52,-1.84731762084,1.12490423035
W,Bush,53,-1.12578447629,1.41928299745
W,Bush,54,-1.66482229689,2.04631608354
W,Bush,55,-0.626139315709,1.25980826732
W,Bush,56,-1.16855882015,0.890094742884
W,Bush,57,-0.974023333252,0.0796035322348
W,Bush,58,-1.19143579215,1.269325005
W,Bush,59,-2.06407424125,2.37476095816
W,Bush,60,-0.949321197574,0.861948703813
W,Bush,61,-1.34965144101,0.449497011946
W,Bush,62,-0.397771355538,0.217655734642
W,Bush,63,-1.45923556763,0.851994512258
W,Bush,64,-1.6512246637,2.08202279991
W,Bush,65,-2.09357671977,1.64379288664
W,Bush,66,-1.08815915884,1.40614360413
W,Bush,67,-2.28261072727,1.83597735191
W,Bush,68,-0.833022237953,1.1675512826
W,Bush,69,-1.43272579092,1.02659334248
W,Bush,70,-1.33052331153,1.57561243095
W,Bush,71,-1.00537773783,1.68568026999
W,Bush,72,-0.530821075079,1.05115512259
W,Bush,73,-1.60545936462,1.13188153469
W,Bush,74,-2.13708493487,1.58502372428
W,Bush,75,-1.7138177446,0.850137247328
W,Bush,76,-1.50513074413,1.86835432891
W,Bush,77,-1.91311736894,1.01400526864
W,Bush,78,-1.77409389962,1.76750202902
W,Bush,79,-2.41094435576,1.19136325721
W,Bush,80,-1.73074689458,1.3730246116
W,Bush,81,-1.93951346898,1.40430884249
W,Bush,82,-1.28153385437,1.08746705197
W,Bush,83,-1.72272030732,1.98142123222
W,Bush,84,-1.79338393838,2.08382308015
W,Bush,85,-1.19507092063,0.598662098559
W,Bush,86,-1.45035003716,1.29150731781
W,Bush,87,-1.70241888264,1.27155955357
W,Bush,88,-1.69361878121,0.93357904337
W,Bush,89,-1.16444476266,1.09946181899
W,Bush,90,-1.595429732,0.326715226094
W,Bush,91,-2.21844083053,2.313943646
W,Bush,92,-0.989830712609,0.844390223032
W,Bush,93,-1.63858379632,1.2100414797
W,Bush,94,-1.75804490929,1.38454102916
W,Bush,95,-1.70046258512,0.0824730192777
W,Bush,96,-1.60755931115,1.34531847507
W,Bush,97,-0.794970619388,0.330219569618
W,Bush,98,-1.28106182207,0.63101864476
W,Bush,99,-1.79099048414,1.82475187043
W,Bush,100,-2.7109833041,2.26717340282
W,Bush,101,-1.37623871199,1.03632373831
W,Bush,102,-1.75848639064,1.35427235615
W,Bush,103,-1.30953319176,1.07053464838
W,Bush,104,-1.23705253959,1.37338766413
W,Bush,105,-1.94838521925,1.36290604785
W,Bush,106,-1.54273617235,0.258078197467
W,Bush,107,-2.16200240326,1.95878797621
W,Bush,108,-1.10951993599,0.922844810505
W,Bush,109,-1.56899653692,1.20271842446
W,Bush,110,-1.38802954847,1.69452163661
W,Bush,111,-2.16998770364,1.73144993781
W,Bush,112,-1.38833130752,1.25231510671
W,Bush,113,-1.25724639721,1.15372761744
W,Bush,114,-0.947387930665,0.941509549205
W,Bush,115,-0.782598471946,0.577495359327
W,Bush,116,-1.01816320662,-0.207167690661
W,Bush,117,-1.5531381529,2.08938828429
W,Bush,118,-0.774410204883,1.10086254667
W,Bush,119,-2.04428242419,1.04205913681
W,Bush,120,-1.54623796474,1.39115680926
W,Bush,121,-1.12149214605,0.625748965657
W,Bush,122,-1.42225473909,0.893701112119
W,Bush,123,-1.40261973951,1.48065258452
W,Bush,124,-1.57071487444,0.871782396408
W,Bush,125,-1.46402909469,1.57219912472
W,Bush,126,-1.9134938117,1.89151116173
W,Bush,127,-1.29373703061,1.18490972933
W,Bush,128,-0.894282535532,1.31277161257
W,Bush,129,-1.7582838682,1.63322342734
W,Bush,130,-0.831321768641,0.383817701865
W,Bush,131,-1.06587057167,1.47994948263
W,Bush,132,-1.60814571702,1.08960367939
W,Bush,133,-2.02623100889,1.87591481579
W,Bush,134,-1.09579875396,1.11430514466
W,Bush,135,-1.71857952264,1.56113058541
W,Bush,137,-0.824600244066,0.780996718086
W,Bush,138,-1.80825897131,1.58329923612
W,Bush,139,-1.15679598746,0.9986607353
W,Bush,140,-0.961113851949,1.26379662008
W,Bush,141,-1.05304853927,1.82731878711
W,Bush,142,-0.572668772056,0.593684672069
W,Bush,143,-2.21723914193,2.11471341262
W,Bush,144,-1.11436161008,1.29688749519
W,Bush,145,-0.852544400545,-0.654226118121
W,Bush,146,-1.43637455636,1.45337787609
W,Bush,147,-1.1327794553,0.101747792937
W,Bush,148,-1.90293216913,1.37028294017
W,Bush,149,-1.33087201468,1.82991090556
W,Bush,150,-0.933577189962,1.4508572969
W,Bush,151,-1.06757244857,0.396197256777
W,Bush,152,-0.298566337329,0.475054046656
W,Bush,153,-0.867526345459,0.859755916228
W,Bush,154,-1.48109848365,1.28701841117
W,Bush,155,-1.89632998747,2.08031877497
W,Bush,156,-1.10348666897,1.32287250919
W,Bush,158,-0.852691202808,0.149288999284
W,Bush,159,-1.35088794781,1.1033045422
W,Bush,160,-1.45542083676,1.98866563643
W,Bush,161,-1.63221976499,1.21168371487
W,Bush,162,-2.31568380465,2.03055668089
W,Bush,163,-2.34227980389,1.1516657637
W,Bush,164,-1.46966242262,1.75253586167
W,Bush,165,-1.38026139005,-0.0514028857271
W,Bush,166,-1.95837784505,1.16104045846
W,Bush,167,-0.68341692853,0.213447602146
W,Bush,168,-0.88540728547,0.727209925587
W,Bush,169,-0.490821306998,0.466024821616
W,Bush,170,-1.86434846461,1.62051236896
W,Bush,171,-0.860067154465,0.732418582693
W,Bush,172,-1.14928283222,1.1535976158
W,Bush,173,-0.614880287308,1.16220494483
W,Bush,174,-1.87817108209,1.52101041863
W,Bush,175,-0.401569567614,0.484966284449
W,Bush,176,-0.958198457126,0.352915894998
W,Bush,177,-1.02784203282,1.22643577097
W,Bush,178,-1.72796879334,0.975411109362
W,Bush,179,-1.41824707576,0.955603966958
W,Bush,180,-1.46681910185,1.94873665711
W,Bush,181,-1.46146506667,0.745389384882
W,Bush,182,-1.12273317626,1.41923762697
W,Bush,183,-1.84903832493,0.116511493865
W,Bush,184,-1.15926716371,0.865299749031
W,Bush,185,-1.30002079532,0.989262364848
W,Bush,186,-0.883944219658,1.22596916833
W,Bush,187,-1.54946046666,1.34438192054
W,Bush,188,-1.60880095488,2.32704409161
W,Bush,189,-1.31831916569,1.42521300612
W,Bush,190,-1.54804724175,0.712696479619
W,Bush,191,-1.50237869834,1.38275849943
W,Bush,192,-0.988619485296,1.74044486988
W,Bush,193,-1.21838690263,1.06370826868
W,Bush,194,-1.28888883214,1.03300682896
W,Bush,195,-0.962809456503,1.24922879109
W,Bush,196,-1.6409072584,1.62769177333
W,Bush,197,-0.864433816044,0.787911543469
W,Bush,198,-1.58667552824,0.885704401154
W,Bush,199,-1.36510744967,1.09082452729
W,Bush,200,-0.122885761736,0.124824466574
W,Bush,201,-1.32956768234,1.79695028021
W,Bush,202,-1.71111599172,0.613996640424
W,Bush,203,-2.25183357215,2.02168687463
W,Bush,204,-1.91685802693,1.4626431123
W,Bush,205,-1.72985790953,0.802926032511
W,Bush,206,-1.04121292718,0.601530984301
W,Bush,207,-1.41015774678,1.64893546502
W,Bush,208,-1.27758326668,1.75177832076
W,Bush,209,-1.3191345282,0.7207357834
W,Bush,210,-1.40662251602,1.18280044401
W,Bush,211,-1.81731217399,1.75109152125
W,Bush,212,-1.61679011726,1.33686788237
W,Bush,213,-1.10691991829,0.797173735884
W,Bush,214,-0.97987578161,0.507623883959
W,Bush,215,-1.07000143313,1.18281454961
W,Bush,216,-0.9936691383,0.247831314145
W,Bush,217,-2.44313864982,2.33211681594
W,Bush,218,-1.20262808443,1.56813661386
W,Bush,219,-0.397179366415,-0.0497639436901
W,Bush,220,-1.75000094322,0.858904469647
W,Bush,221,-1.12904859857,1.3166740468
W,Bush,222,-1.28110808202,1.31708451197
W,Bush,223,-0.897363212378,1.06548873764
W,Bush,224,-0.949117245511,0.992867521586
W,Bush,225,-1.68920774099,1.45434082743
W,Bush,226,-2.27423972848,2.08942549913
W,Bush,227,-1.51331336773,1.54186351469
W,Bush,228,-2.56657245843,1.71043115214
W,Bush,229,-1.03656860401,0.857712998945
W,Bush,230,-1.17029903672,1.38770822916
W,Bush,231,-1.28404254391,1.40703769952
W,Bush,232,-1.5926277779,0.940241260664
W,Bush,233,-1.39589279847,1.71058197952
W,Bush,234,-1.1175519655,1.27435023523
W,Bush,235,-1.39235592973,1.18787648369
W,Bush,236,-1.64164684733,1.64041440325
W,Bush,237,-1.72697515517,1.65389175024
W,Bush,238,-1.30253330666,1.02779007756
W,Bush,239,-2.08637964896,0.600148517855
W,Bush,240,-1.84595502726,1.58587023427
W,Bush,241,-2.05161941165,1.09698370774
W,Bush,242,-1.73810170821,1.04928156938
W,Bush,243,-0.818388196662,0.703590856891
W,Bush,244,-1.4952378984,1.30611429456
W,Bush,245,-1.40788994695,2.25369180052
W,Bush,246,-0.877360237606,0.317270717962
W,Bush,247,-0.419627716172,0.491587021361
W,Bush,248,-1.40367482369,0.86695897355
W,Bush,249,-0.534673010392,0.710414201337
W,Bush,250,-2.1120468037,1.95165077124
W,Bush,251,-1.22716154587,-0.22026463835
W,Bush,252,-1.79675859063,1.19220646348
W,Bush,253,-2.05759140528,1.2108076023
W,Bush,254,-1.54517565476,1.83857583582
W,Bush,255,-1.47871990781,1.3516407728
W,Bush,256,-2.17451912357,2.01491842192
W,Bush,257,-1.00138572099,0.461697519176
W,Bush,258,-1.86819038189,1.12944667825
W,Bush,259,-1.06800515433,0.134171911872
W,Bush,260,-1.05701265373,0.443292583382
W,Bush,261,-1.39194439145,1.39747635776
W,Bush,262,-0.395519781591,0.706124555214
W,Bush,263,-1.82113997508,2.29202553597
W,Bush,264,-1.06257900434,0.618346318123
W,Bush,265,-1.96978254071,1.62587441886
W,Bush,266,-1.08876624898,0.754275303677
W,Bush,267,-1.74937869211,1.8854521943
W,Bush,268,-1.14229689948,0.760074936806
W,Bush,269,-1.41239699917,1.03286649601
W,Bush,270,-1.48175210074,1.13207383318
W,Bush,271,-0.517066530182,0.461756412692
W,Bush,272,-1.01073398778,0.150887512575
W,Bush,273,-1.38891853613,1.28944013974
W,Bush,274,-0.778849011106,0.845650338952
W,Bush,275,-1.34293640368,0.527149769746
W,Bush,277,-1.92929971796,1.34926666186
W,Bush,278,-1.09058208264,2.14557781125
W,Bush,279,-0.899532540442,1.44552741788
W,Bush,280,-1.77251605071,2.19102198458
W,Bush,281,-1.50286143998,2.18212934512
W,Bush,282,-0.841545565495,0.856458469049
W,Bush,283,-0.789210315342,0.374486205461
W,Bush,284,-1.0123654189,-0.388607921023
W,Bush,285,-0.897952892308,-0.159997956664
W,Bush,286,-0.658284583388,1.04019469342
W,Bush,287,-0.703561584954,0.468227766411
W,Bush,288,-1.90829262818,0.965146097646
W,Bush,289,-1.14868622156,1.22283003405
W,Bush,290,-1.73891433466,1.65485865157
W,Bush,291,-0.724229736363,0.901633461719
W,Bush,292,-1.45330654845,1.65036631622
W,Bush,293,-1.79029447675,1.48268916835
W,Bush,294,-1.29642116519,1.76597280165
W,Bush,295,-1.52519931861,1.36674591366
W,Bush,296,-1.56848635048,1.21647283049
W,Bush,297,-2.76628230366,2.12874771455
W,Bush,298,-1.4647644946,1.16783209128
W,Bush,299,-2.33795998604,1.91581044684
W,Bush,300,-1.3961103635,-0.652653473331
W,Bush,301,-1.40904971491,1.56137570272
W,Bush,302,-1.7858185322,1.44708729608
W,Bush,303,-1.75207025796,1.49929638935
W,Bush,304,-1.429484331,1.41773537128
W,Bush,305,-1.59470636727,1.16512541662
W,Bush,306,-1.43427650531,1.29356187531
W,Bush,307,-0.67360332651,0.759735681068
W,Bush,308,-0.616993347683,1.15490565412
W,Bush,309,-1.74073181651,0.985481851929
W,Bush,310,-1.66763439054,1.06335867825
W,Bush,311,-0.744484603234,-0.0914260438594
W,Bush,312,-1.14338542143,1.32808248244
W,Bush,313,-2.00654023846,1.06786531254
W,Bush,314,-1.18068140521,1.41734758799
W,Bush,315,-0.942259098301,0.94998802462
W,Bush,316,-1.49907093732,1.78477945879
W,Bush,317,-1.35939857775,1.81702146589
W,Bush,318,-0.944528214363,1.19571845987
W,Bush,319,-2.3762117767,1.90590030612
W,Bush,320,-1.34351793166,0.244431534046
W,Bush,321,-0.825663772039,1.364828152
W,Bush,322,-1.34962637949,0.996750584931
W,Bush,323,-1.09160767294,-0.873164659072
W,Bush,324,-0.173422789819,0.102196569728
W,Bush,325,-1.73031249156,1.17300394807
W,Bush,326,-1.4088702051,1.40181215813
W,Bush,327,-1.78014621545,1.43562145849
W,Bush,328,-1.31744096904,0.694622883217
W,Bush,329,-1.1119246533,-0.334126297625
W,Bush,330,-0.84836492048,0.230206086863
W,Bush,331,-1.05699357978,1.00953435688
W,Bush,332,-0.715768092071,0.969746490088
W,Bush,333,-1.97301443156,2.54404418301
W,Bush,334,-1.01244900213,0.369833936004
W,Bush,335,-1.00039119985,1.22720292498
W,Bush,336,-1.02055075896,0.360394526356
W,Bush,337,-1.03742522895,0.122413889782
W,Bush,338,-1.27603701122,1.3826751616
W,Bush,339,-1.17298000959,1.25821177309
W,Bush,340,-1.10137564197,0.912665247311
W,Bush,341,-1.07152971583,0.812709898069
W,Bush,342,-1.29344717536,1.32724328016
W,Bush,343,-1.53211856912,1.20960809748
W,Bush,344,-2.06935580849,1.89333355921
W,Bush,345,-0.695166563161,0.920987093242
W,Bush,346,-2.08057362047,1.51714952812
W,Bush,347,-1.39768232607,1.67704565075
W,Bush,348,-1.45493454049,1.49777876146
W,Bush,349,-1.40428155617,1.16374267278
W,Bush,350,-2.02588694633,1.68515514968
W,Bush,351,-1.14645131662,0.814377146229
W,Bush,352,-1.02351518117,0.690970488868
W,Bush,353,-1.75181772424,1.44279382274
W,Bush,354,-1.77766865886,1.07147543442
W,Bush,355,-1.25239987624,0.563787542074
W,Bush,356,-1.33707380267,1.39496127458
W,Bush,357,-1.79599568744,2.11616322025
W,Bush,358,-1.01979825112,0.419617670314
W,Bush,359,-1.19489284672,1.00772159836
W,Bush,360,-1.34328337369,0.386530258202
W,Bush,361,-1.4931467405,1.49872023693
W,Bush,362,-1.01157394507,1.75689325576
W,Bush,363,-1.6645065889,1.12543802385
W,Bush,364,-1.59611883877,1.02985935354
W,Bush,365,-1.91647342083,0.595733228331
W,Bush,366,-1.32260114702,1.44161861055
W,Bush,367,-1.75814527897,1.23525946347
W,Bush,368,-1.33899703508,0.861332545541
W,Bush,369,-1.7295275223,0.99232830899
W,Bush,370,-1.53684447374,1.84991953577
W,Bush,371,-1.32875348106,1.50671948316
W,Bush,372,-1.93356279535,1.8555237215
W,Bush,373,-0.861619652592,1.79919967689
W,Bush,374,-1.81250001156,1.67507357033
W,Bush,375,-2.07269670877,1.47242813455
W,Bush,376,-1.73360476222,1.25626425521
W,Bush,377,-1.97318218568,1.5663945782
W,Bush,378,-1.73219558881,1.55279241555
W,Bush,379,-0.560869591494,-0.308321220851
W,Bush,380,-1.3092470459,1.03304494721
W,Bush,381,-1.62671301509,1.88837106278
W,Bush,382,-1.88970359502,1.8361494618
W,Bush,383,-1.04866252112,1.0390742503
W,Bush,384,-1.96626124306,1.51208542779
W,Bush,385,-1.80462095964,1.44940237234
W,Bush,386,-0.660713005462,0.949009034473
W,Bush,387,-1.34908676104,1.67453816786
W,Bush,388,-1.34493421107,0.752945243998
W,Bush,389,-1.30616301883,1.38385367978
W,Bush,390,-0.925670016395,0.681705703731
W,Bush,391,-1.25320446803,1.74790141524
W,Bush,392,-1.11847336082,0.917778931342
W,Bush,393,-1.01534508068,0.718488029759
W,Bush,394,-1.89153189646,1.93734826999
W,Bush,395,-0.893893586194,0.545225805228
W,Bush,396,-1.14043767351,1.08850438274
W,Bush,397,-1.83670884842,2.20248373801
W,Bush,398,-1.75737128266,1.32380798298
W,Bush,399,-1.27931493893,0.196814562035
W,Bush,400,-1.26915689516,1.50249251256
W,Bush,401,-0.716867651952,1.15406260883
W,Bush,402,-1.3852789616,1.63339959858
W,Bush,403,-1.44573757278,1.26440953893
W,Bush,404,-1.20165467222,1.49853638738
W,Bush,405,-1.80960889694,2.34126567443
W,Bush,406,-1.47909756446,0.647196136223
W,Bush,407,-1.78348715545,0.774235398406
W,Bush,408,-1.72892244979,1.87986361667
W,Bush,409,-1.66237586775,0.659091006697
W,Bush,410,-1.15778961322,0.914544780986
W,Bush,411,-0.692773181226,0.471676639182
W,Bush,412,-1.02327911624,1.52481766743
W,Bush,413,-1.2432588466,1.14168378376
W,Bush,414,-1.74140409334,2.05520505865
W,Bush,415,-1.70368561254,1.96560632404
W,Bush,416,-0.956794922185,0.895635637348
W,Bush,417,-1.98683839266,1.82040044922
W,Bush,418,-0.795911106085,1.74110897859
W,Bush,419,-0.398214143155,0.130006285744
W,Bush,420,-0.873048089532,0.652038020509
W,Bush,421,-1.14469269434,0.907448146908
W,Bush,422,-1.3259931264,1.33862845971
W,Bush,423,-1.75743676231,1.59200575066
W,Bush,424,-1.08509132862,1.35713194124
W,Bush,425,-1.61356969573,2.16403993929
W,Bush,426,-0.473686975915,1.06886047687
W,Bush,427,-1.36138194075,1.65798204988
W,Bush,428,-1.35688022183,1.58195656931
W,Bush,429,-1.25426505141,1.77454752526
W,Bush,430,-1.55252500744,0.892066104429
W,Bush,431,-1.2932980434,1.33923781535
W,Bush,432,-0.943486407298,0.958459474331
W,Bush,433,-1.37781765604,1.07495188428
W,Bush,434,-0.625345160737,0.510971035683
W,Bush,435,-1.38304949574,0.699227231789
W,Bush,436,-1.67558575451,1.42349067026
W,Bush,437,-0.976408954452,0.412785949009
W,Bush,438,-2.07696145759,2.4059684709
W,Bush,439,-2.26145399197,1.55385249602
W,Bush,440,-1.26782970453,1.6672752355
W,Bush,441,-0.9376053508,0.863302830231
W,Bush,442,-1.48370833799,1.71662905926
W,Bush,443,-1.57289362433,1.4719471101
W,Bush,444,-1.70943005915,1.94868401338
W,Bush,445,-1.64247010695,1.37280090541
W,Bush,446,-2.21863790688,2.10133066759
W,Bush,447,-1.36508501746,0.718809423465
W,Bush,448,-0.957933109884,0.660645300586
W,Bush,449,-0.636211802956,0.894881446539
W,Bush,450,-0.808667424948,0.839228771766
W,Bush,451,-1.76165008936,1.36054164864
W,Bush,452,-1.84955437849,1.86396230752
W,Bush,453,-0.746995603348,1.02223871993
W,Bush,454,-1.01631020535,1.11987364025
W,Bush,455,-0.991642948725,0.820720107578
W,Bush,456,-2.29236045815,2.14934861658
W,Bush,457,-1.41541548303,1.75829092098
W,Bush,458,-1.27911862976,0.731380127661
W,Bush,459,-1.31735705027,1.79262092562
W,Bush,460,-0.742066115207,0.684521363555
W,Bush,461,-1.15858231725,1.09149798007
W,Bush,462,-1.10383617121,0.741663208676
W,Bush,463,-1.21892049813,1.09615374939
W,Bush,464,-1.97174710477,1.44272358553
W,Bush,465,-1.76993120735,1.09774728551
W,Bush,466,-1.48912621444,1.05009427647
W,Bush,467,-1.57621097521,1.92691841666
W,Bush,468,-1.09481706438,0.475875308871
W,Bush,469,-1.83273539781,1.12785332562
W,Bush,470,-1.0874006257,0.474407277421
W,Bush,471,-1.22164178247,1.98923078794
W,Bush,472,-0.150935092884,0.685191417348
W,Bush,473,-1.30354495186,1.98929318101
W,Bush,474,-2.08951874777,1.94447714271
W,Bush,475,-1.44605489006,2.4062735975
W,Bush,476,-1.85061525452,2.03711603533
W,Bush,477,-1.98395084494,1.64178078817
W,Bush,478,-1.23016770214,0.654490037261
W,Bush,479,-1.13404643818,1.43161231766
W,Bush,480,-1.53633817752,0.822363255052
W,Bush,481,-1.58008812269,1.04674035265
W,Bush,482,-0.68434778358,0.809986541197
W,Bush,483,-1.55750367402,1.39603732878
W,Bush,484,-1.3752768197,0.392918128169
W,Bush,485,-1.05119207729,1.08024857515
W,Bush,486,-1.37596435944,1.15083210163
W,Bush,487,-1.7361420602,1.32041623333
W,Bush,488,-0.323708758588,0.889421357104
W,Bush,489,-2.1886294023,1.30133961721
W,Bush,490,-1.19095936528,1.21362668219
W,Bush,491,-0.601384009439,1.0632350072
W,Bush,492,-1.40658756586,0.661949628332
W,Bush,493,-1.20601976518,0.985867409274
W,Bush,494,-1.54402183508,2.1890352374
W,Bush,495,-1.16880839426,1.27489186493
W,Bush,496,-1.02942956242,1.12715410806
W,Bush,497,-1.28470818598,2.22223089368
W,Bush,498,-1.5646118217,1.02878804125
W,Bush,499,-1.07501492808,0.791401775724
W,Bush,500,-1.61006550538,1.57080072557
W,Bush,501,-1.21728680981,0.797556976635
W,Bush,502,-1.82084445605,0.563410562166
W,Bush,503,-1.92168737489,1.34863049642
W,Bush,504,-1.28677323308,1.12389671419
W,Bush,505,-1.74241552723,0.95125619309
W,Bush,506,-1.51039114294,1.63642787772
W,Bush,507,-1.26297639501,0.77760515905
W,Bush,508,-0.855290576839,0.711780295074
W,Bush,509,-0.271668070049,0.833891998327
W,Bush,510,-0.649379605,0.721387031683
W,Bush,511,-1.37818150115,0.734621059711
W,Bush,512,-1.47900290995,0.9294898095
W,Bush,513,-1.32380325991,0.373555798036
W,Bush,514,-1.33185433125,0.441778426895
W,Bush,515,-1.0771376519,1.07688056749
W,Bush,516,-1.31367224076,1.22322276576
W,Bush,517,-1.68702187874,1.63901086545
W,Bush,518,-1.2444205746,1.63985240415
W,Bush,519,-1.75423987042,1.76714876843
W,Bush,520,-1.70670719697,2.08421002654
W,Bush,521,-1.36781023917,1.04510293554
W,Bush,522,-2.04886369576,1.7979674239
W,Bush,523,-1.99590253127,1.49736083989
W,Bush,524,-1.69495215275,1.76486249437
W,Bush,525,-1.77305202694,1.23556885081
W,Bush,526,-1.14566221072,1.24438621699
W,Bush,527,-1.45794492624,1.88442922062
W,Bush,528,-0.859296126042,1.21486586914
W,Bush,529,-1.88329843071,2.41693596284
W,Bush,530,-1.10465115844,0.290565677099
Giddings,1,-0.919754300789,0.0498530413032,-1.60455425346
Bardach,1,-0.109868172947,0.946757451221,-1.10574544184
Papin,1,-1.31758877263,-0.547123097894,-1.49829921016
Parvanov,1,1.58425849382,0.492674053951,-2.33520209658
Parvanov,2,0.635807395682,-0.413189198837,-0.912718778494
Lapentti,1,0.683563823924,0.192548632159,-3.07452437457
Barbarito,1,2.16158438466,0.355133880935,-1.4393882743
Calabrese,1,1.1950210102,0.859582565077,-1.20959354299
Fitch,1,1.14021156069,0.071190172958,-0.66846871973
Ford,1,0.490941322983,1.43604259163,-1.57638843444
Chaplin,1,-0.888587961763,0.226244064706,-2.15372037102
Chaplin,2,-1.43803472537,0.452044812653,-1.90238467555
Chaplin,3,-1.2942752797,0.304624309942,-2.61930135654
Chaplin,4,-0.345636971311,0.182525089983,-3.77498642824
Rivera,1,1.77921300669,-1.09771266107,-0.829291980844
Riley,1,0.773901803656,-0.76285658797,1.03874118164
Butler,1,1.1172080993,-0.00198836773692,-0.933009079445
de,Cortanze,1,-0.8968462695,0.526724743276
Depardieu,1,0.928487147028,2.10878238672,-2.01952612788
Depardieu,2,0.973223266402,0.970386263474,-1.44153392353
Kleisterlee,1,1.39738772664,1.64668305833,-1.3046790678
Gambala,1,1.59713088709,-1.12621834449,-1.55059023588
Gambala,2,1.71379707409,0.045995865359,-1.70788068216
Tronche,1,0.57306122823,1.38124647484,-2.17397599976
Boekel,1,1.93987551758,1.01873049048,-2.03239032448
Schmid,1,1.13195139491,0.738895204421,-0.962593631729
Schroeder,1,1.54537907898,0.362125088409,-0.943775459879
Schroeder,2,1.45216273436,1.10039957794,-1.0872540639
Schroeder,3,1.14655560413,0.310501405625,-1.72481039291
Schroeder,4,1.9333134509,1.16975397477,-1.66832956913
Schroeder,5,0.751611438256,0.620996585864,-2.43846961959
Schroeder,6,0.637215434674,1.41501924052,-2.14934480466
Schroeder,7,1.82124687102,1.53421276446,-0.698650446413
Schroeder,8,1.89182205785,1.74714555426,-1.46990064441
Schroeder,9,1.17571700006,0.800255521757,-1.51232586447
Schroeder,10,1.13516455689,1.48853710885,-1.24776164537
Schroeder,11,0.906444069624,1.43829174699,-0.891191949937
Schroeder,12,1.04378638822,2.1198211298,-2.28113959775
Schroeder,13,1.11297971303,2.04610827246,-1.81586573878
Schroeder,14,1.71673217785,1.29489426947,-1.25026140714
Schroeder,15,1.72826900979,1.15449273388,-0.762511656492
Schroeder,16,0.896469728751,1.56588530912,-2.4070647582
Schroeder,17,1.6038856894,1.49208363995,-1.68609656863
Schroeder,18,0.961990782046,1.50918452443,-1.4789003895
Schroeder,19,2.33513796408,0.7647160928,-2.13884421158
Schroeder,20,2.4981261129,0.977391445043,-1.48605013568
Schroeder,21,1.6512051524,0.865932027051,-1.57306504386
Schroeder,22,0.498447883913,0.567355590024,-0.526406141434
Schroeder,23,1.17430322277,1.63786424643,-2.35852728449
Schroeder,24,0.968585932041,0.914350731465,-1.07930961852
Schroeder,25,1.48080991903,0.701432914757,-1.51592314103
Schroeder,26,1.65038701551,0.613966488518,-0.595447619899
Schroeder,27,1.38404445332,0.688242433249,-1.58037792406
Schroeder,28,1.14321069071,1.7278695239,-1.66961180878
Schroeder,29,1.42890003334,1.1018253087,-1.36699089708
Schroeder,30,2.17639202929,1.32036375586,-2.94569119807
Schroeder,31,1.19088616312,1.07073940592,-2.56419552262
Schroeder,32,0.805572933129,1.29420948142,-1.77157776031
Schroeder,33,1.09397679824,2.07014096009,-1.98275400904
Schroeder,34,1.64832836361,2.02561461383,-1.42848780893
Schroeder,35,1.16168341868,1.50870512753,-1.75125211708
Schroeder,36,1.81389842746,2.39107421475,-2.27122507575
Schroeder,37,1.89059520952,1.47011316877,-1.32582271752
Schroeder,38,1.06229541491,0.426348125689,-2.23762607707
Schroeder,39,1.31364371791,1.40827530018,-2.01852937821
Schroeder,40,1.79636609904,1.34569583143,-1.50231888503
Schroeder,41,1.71083013028,1.15509914222,-2.62842075555
Schroeder,42,1.1157774058,1.36333489128,-2.28002077892
Schroeder,43,1.56033416541,1.03601645131,-2.04552706975
Schroeder,44,2.05141866089,0.366861555812,-1.67187267826
Schroeder,45,1.32344452011,0.653126278343,-1.6982502164
Schroeder,46,1.89975947116,0.699505653317,-1.32165225053
Schroeder,47,1.64724065719,0.0946784527557,-1.34012241782
Schroeder,48,0.833503606582,0.659132557805,-1.11599075957
Schroeder,49,1.14037325397,1.13283018089,-1.85606033518
Schroeder,50,0.747451303009,0.447710872802,-0.678251342572
Schroeder,51,2.25301613798,0.838209384847,-1.09163996062
Schroeder,52,1.70953873947,1.93074580708,-1.67868235306
Schroeder,53,1.79071572481,2.0949709672,-2.12936866771
Schroeder,54,1.35752709118,0.161445498776,-0.349596599265
Schroeder,55,2.00729208998,0.86622183558,-0.333863820706
Schroeder,56,1.52208026305,0.835883818647,-1.00381114456
Schroeder,57,-0.346799164318,0.270059115051,-1.38804818358
Schroeder,58,1.54246328164,1.05940777356,-2.34968749362
Schroeder,59,1.12991924995,1.20762380318,-0.810977127786
Schroeder,60,0.224124877117,1.89883705166,-2.28090437933
Schroeder,61,2.17253506372,0.179334485887,-1.94717685358
Schroeder,62,1.00034980668,0.476864991487,-1.67409821889
Schroeder,63,1.85509355396,0.742734191455,-1.74361602882
Schroeder,64,1.44528580258,1.11329718799,-1.84601816974
Schroeder,65,1.31580170182,1.40689174509,-2.07191174762
Schroeder,66,1.45615467914,1.31047621461,-1.87673633842
Schroeder,67,0.781743214261,1.42481656515,-1.06233028981
Schroeder,68,1.80178979079,1.3037160718,-2.92379192424
Schroeder,69,0.946875199189,1.14312216309,-1.73073826095
Schroeder,70,0.991751653694,0.458537226546,-1.97705937011
Schroeder,71,1.62002033876,0.61467532534,-1.67734708697
Schroeder,72,1.53505600898,1.24835909243,-2.41897737426
Schroeder,74,1.61223873696,2.13063654234,-2.30117268042
Schroeder,75,1.90616224426,1.81629623477,-2.38277707553
Schroeder,76,1.62373448551,1.51660678832,-2.52719396526
Schroeder,77,1.22051529566,-0.0954150354928,-0.838717973784
Schroeder,78,2.44962764729,0.245573027235,-2.30971280566
Schroeder,79,1.04205816067,1.22469088814,-2.25445599105
Schroeder,80,0.727111062181,1.53277774906,-2.86152807617
Schroeder,81,1.67383190354,1.19048584263,-1.28860109664
Schroeder,82,1.82802764298,1.46410156798,-1.30319399401
Schroeder,83,1.9035268479,1.13436946093,-1.77131468239
Schroeder,84,1.83733506605,1.20069654805,-1.9483418258
Schroeder,85,2.50385240261,1.64137134094,-1.85598840983
Schroeder,86,1.34633149199,0.804169339728,-2.29499578112
Schroeder,87,2.0485866899,1.23815713725,-0.748225120417
Schroeder,88,1.24957997906,1.21684085863,-3.49545104664
Schroeder,89,1.3358930027,0.958420044896,-2.58617450174
Schroeder,90,2.09383467971,0.844655572544,-1.89115008766
Schroeder,91,1.15200584713,1.18789005908,-1.82662608064
Schroeder,92,0.59601622155,1.59208642178,-2.08024714921
Schroeder,93,0.737263788824,0.831445673612,-1.30117126411
Schroeder,94,0.630184051095,0.726795507512,-1.87232192977
Schroeder,95,0.662321104348,2.03613373038,-1.1920379123
Schroeder,96,1.76415549292,1.92044747705,-1.82390061223
Schroeder,97,1.65758793622,1.85288422649,-0.923910030607
Schroeder,98,1.97568626228,2.03148060849,-1.55619453988
Schroeder,99,1.73217794858,1.02006772675,-1.03796138881
Schroeder,100,0.927425891436,2.68417920013,-3.1817260021
Schroeder,101,0.945459013404,1.06857579727,-1.72162664729
Schroeder,102,1.13432561004,1.7706771205,-2.15181287621
Schroeder,103,1.36235173695,1.01040390277,-1.99738563532
Schroeder,104,1.78748573077,0.793063936156,-1.96195828679
Schroeder,105,0.796632269558,2.147346164,-3.56604866549
Schroeder,106,0.653544431431,1.26664846337,-1.36091702632
Schroeder,107,0.956173026555,0.500688766161,-1.11218604562
Schroeder,108,0.15913517378,1.13897625304,-1.98022097067
Schroeder,109,2.34753618744,1.85594277206,-1.79730649969
Khan,1,1.44011458371,1.29529882609,-2.10292300751
Zalm,1,1.55720746355,0.156934872297,-1.56711520846
Adams,1,2.85242901307,0.249297882649,-1.38470992074
Adams,2,2.39265709187,0.663987761339,-0.385756321746
Adams,3,2.57841919967,0.988555455529,-1.89100224304
Adams,4,3.26013994985,0.614816283936,-1.10088149458
Adams,5,2.60437319141,-0.158371957973,-1.68768531512
Adams,6,2.14705326145,0.118166785426,-1.56621578076
Adams,7,3.27576892835,0.667932553152,-1.30139753015
Adams,8,3.18009811531,0.344718778193,-0.895456743876
Kelly,1,0.863519940318,0.787974957852,-0.829122724576
Parsky,1,1.3812484274,1.06578625928,-1.51653449091
Parsky,2,1.57356473497,0.859959295737,-1.9466744472
Elashi,1,1.56549005903,0.593223610725,-1.61256135716
Aghazadeh,1,1.35346661731,0.830630281189,-1.19796764495
Fisichella,1,0.397490741484,0.885908262369,-2.07730808412
Marco,1,1.31477252645,1.47949797385,-2.44340029453
Marco,2,1.18514335817,1.78192737485,-1.14245885447
Marco,3,1.01737762757,2.31228512908,-2.52685792998
Angelopoulos-Daskalaki,1,-2.24840996783,1.22587849248,-1.95200822921
Angelopoulos-Daskalaki,2,-2.69842316031,-0.064898397532,-2.72447727458
Angelopoulos-Daskalaki,3,-1.9221468458,-0.321083279906,-1.9639757024
Agnelli,1,0.66340945318,1.39699178438,-1.07189570596
Facio,1,-1.33622320397,0.914568544565,-2.89269395374
Black,1,1.14526028897,0.812543333955,-1.72282645906
Yago,1,-0.158090196765,0.19235866899,-0.443544984214
Rodriguez,Orejuela,1,-1.83571053776,0.669284501375
Rodriguez,Orejuela,2,-1.96654367098,1.55077957587
Rodriguez,Orejuela,3,-1.3180462739,0.018862294622
Rodriguez,Orejuela,4,-1.22587570925,0.68603479083
Simoni,1,1.16138962496,0.231642538554,-1.60316629215
Cates,1,0.401633204269,1.34209846609,-2.63339735414
de,Ferran,1,-1.25228358711,0.789812596926
de,Ferran,2,-0.931745057322,0.511303809603
de,Ferran,3,-1.56778176859,0.867759032679
de,Ferran,4,-2.27734275669,1.53915131029
de,Ferran,5,-2.07945491902,1.36302494555
Panizzi,1,-0.260140241304,1.02296677889,-2.68788624408
Anderson,1,-0.557332605359,1.32330291438,-1.28642946987
Anderson,2,-0.0726895592131,1.62724709526,-2.86309450795
Centrello,1,-1.83821118025,0.266351249362,-2.37801728637
Gershon,1,-0.919749482078,-0.436444804902,-2.35628311791
Lollobrigida,1,-1.25558725261,0.967294345837,-1.93713325742
Torres,1,-3.24811345678,0.0421421647809,-1.78986858179
Cordoba,1,1.80208431651,-1.34489913711,-0.159027684549
Bundchen,1,-1.4886941132,1.15164508285,-1.2545836867
Bundchen,2,-0.349610080296,1.20431528464,-2.28224515195
Estefania,Tavarelli,1,-1.24218697453,0.990131195984
Masina,1,-0.334076735641,0.433328608199,-1.93961796713
Andreotti,1,0.796367581582,-0.134367726399,-1.25604908959
Gibilisco,1,1.26806865514,0.320541853267,-2.39074421328
Gibilisco,3,1.23458608865,0.904657311662,-0.963435535815
Gibilisco,4,1.24890900437,1.69321134562,-2.0704056877
Morchio,1,1.52533875653,0.75591341514,-1.88688507341
Clerides,1,0.035530695776,0.845256802998,-0.266879028322
Clerides,2,-0.411422816033,1.77429834041,-1.61410690341
Clerides,3,0.0143955564648,1.60395077119,-1.43065847548
Clerides,4,1.40084605474,1.72974909583,-1.33799111206
Clark,1,0.652275713848,0.306403677401,-1.26456647094
DaSilva,1,1.25684882501,0.203648278881,-1.44684225338
Plummer,1,1.05047134385,-1.18697245585,-0.661978566681
Rivers,1,1.31159557583,-0.245470207427,-0.960938294404
Tilton,1,0.532542551303,0.920728954829,-2.23803075388
Sather,1,1.14328298327,1.93693809477,-1.42902608906
Allred,1,-0.917290127676,-0.23638096946,-2.37646527313
Allred,2,-0.825516134209,0.474950650701,-2.35495053729
Gaynor,1,-0.275685874071,-1.31362343944,1.6302765724
Macapagal,Arroyo,1,0.545285610188,-0.338704911608
Macapagal,Arroyo,2,-0.0339763586728,-0.696121212027
Macapagal,Arroyo,3,-0.674448929946,-0.00892296201769
Macapagal,Arroyo,4,0.455778748807,-1.22329399401
Macapagal,Arroyo,5,-0.244806144735,-1.00072991496
Macapagal,Arroyo,6,-0.19644443357,-0.583371734105
Macapagal,Arroyo,7,-1.14417293951,-0.495628908591
Macapagal,Arroyo,8,-0.137144910946,-0.562769066536
Macapagal,Arroyo,9,-0.405138700913,-0.00656213747625
Macapagal,Arroyo,10,-0.179333011162,-0.422372392332
Macapagal,Arroyo,11,-0.48796694107,-0.587741933525
Macapagal,Arroyo,12,0.744474525844,-0.647621870685
Macapagal,Arroyo,13,-1.17500069309,-0.652386609905
Macapagal,Arroyo,14,-0.271609289995,-0.716666501537
Macapagal,Arroyo,15,-0.260491998524,-0.518235685797
Macapagal,Arroyo,16,-0.0246650948724,-0.915148280484
Macapagal,Arroyo,17,0.348231346122,-0.293264591712
Macapagal,Arroyo,18,-0.424857785949,-0.424254322172
Macapagal,Arroyo,19,0.326184370948,-1.00395410874
Macapagal,Arroyo,20,-0.523152784095,-0.0987761521333
Macapagal,Arroyo,21,0.93397078184,-0.684969497317
Macapagal,Arroyo,22,-0.591270111945,-0.385867212597
Macapagal,Arroyo,23,0.0129263862112,-0.370231421488
Macapagal,Arroyo,24,-0.234364592876,-0.693842064612
Macapagal,Arroyo,25,0.33398927888,-0.764429624957
Macapagal,Arroyo,26,0.145566325944,-1.2450340219
Macapagal,Arroyo,27,-0.531253119849,-0.843950934511
Macapagal,Arroyo,28,-0.699715615423,0.814804545831
Macapagal,Arroyo,29,-0.420584793361,-0.958037147083
Macapagal,Arroyo,30,-0.380520743581,-0.909197174865
Macapagal,Arroyo,31,-0.266805972812,-0.228684621889
Macapagal,Arroyo,32,-0.19330412807,-0.669707001853
Macapagal,Arroyo,33,-0.468530827976,-0.0490168455936
Macapagal,Arroyo,34,0.430513836985,-0.170156717186
Macapagal,Arroyo,35,-0.428041295998,-0.273281207765
Macapagal,Arroyo,36,-1.12955235797,-0.506089855488
Macapagal,Arroyo,37,0.549270110872,-0.981772639759
Macapagal,Arroyo,38,-0.244533023921,-0.462580443244
Macapagal,Arroyo,39,-0.024678004281,-0.817468967224
Macapagal,Arroyo,40,-1.02300301254,0.188284116199
Macapagal,Arroyo,41,-0.56380643722,-0.66115219447
Macapagal,Arroyo,42,-0.464008243979,-0.674830563617
Macapagal,Arroyo,43,-0.283037663947,-0.986640459404
Macapagal,Arroyo,44,0.233410903294,-1.38135291388
Trevi,1,-1.82133417661,0.214110990594,-1.56899723751
Trevi,2,-1.38217378657,0.945111084951,-3.30811181746
Trevi,3,-1.50249706162,0.617529036417,-2.90146597876
Trevi,4,-1.9446674175,-0.220725957991,-2.74656029289
Peiris,1,-0.612505053418,-0.0476135568943,-0.236944009326
Peiris,2,0.550144844042,-0.264745456906,-1.04673319981
Peiris,3,1.33963186723,-0.192956390562,-1.16462132102
Peiris,4,1.27626361281,0.196937680889,-1.12394932417
Kun,1,1.02464781767,-0.766545404361,-2.67441163166
Kun,2,1.06313125415,-0.575887084365,-2.1018104923
Hawn,1,-1.34638386456,1.09031012034,-0.567300400404
Hawn,2,-1.39880367729,1.35101439623,-0.936410702909
Hawn,3,-0.538038889762,0.0185323231261,-0.19945150207
Hawn,4,-2.90549539824,0.514679634876,-0.600862862448
Hawn,5,-1.04754542929,0.364879445212,-0.954872811023
Hawn,6,-1.06337651123,-0.435017266542,-0.808166016316
Hawn,7,-1.56511245268,-0.0372843517337,-1.2503794585
Li,1,-1.13608381119,-1.53736717138,-2.12463567758
Ruina,1,0.599867488486,-1.03666330647,-2.52806732586
Barrientos,1,1.79269477203,-0.17505790949,-1.06452435241
Sanchez,de,Lozada,1.51749254254,0.0978608374871
Sanchez,de,Lozada,1.52067513,-0.512078632076
Sanchez,de,Lozada,1.5622433177,-0.542996779942
Sanchez,de,Lozada,1.20809977762,-0.573193519374
Sanchez,de,Lozada,1.31661492699,-0.627475084193
Sanchez,de,Lozada,1.99759665776,0.213592211266
Sanchez,de,Lozada,2.47049491417,-0.512157602682
Sanchez,de,Lozada,0.521427421971,-0.0453179435242
Sanchez,de,Lozada,1.32781622068,0.48219272282
Sanchez,de,Lozada,1.34137621169,-0.0666351442206
Sanchez,de,Lozada,1.61284628699,-0.0770256820239
Sanchez,de,Lozada,1.33163928157,0.18223408895
Persson,1,0.400450826945,0.927860238722,-1.66510674928
Persson,2,1.81057820624,1.29674133818,-2.17587599149
Zivkovic,1,1.49491880197,0.570917678282,-1.20088674697
Grubin,1,-0.0783723398489,0.104679912594,-2.52913036284
Tallis,1,1.03340621365,1.59612435307,-1.84160603545
Brown,1,1.51969457902,0.998367882828,-3.36741560806
Brown,2,1.82010488054,0.105166228818,-2.34108489953
Brown,3,2.37905680321,1.24721234864,-2.36420755218
Brown,4,2.38123354677,1.03835319871,-2.72260611021
Brown,5,0.9651257541,0.39379112437,-2.54141025839
Brown,6,1.22015467737,0.30113088955,-2.25730495643
Brown,7,2.46969110736,0.403579517318,-1.95988942563
Brown,8,1.79437338481,0.869349243095,-2.44854980201
Brown,9,2.0063048025,0.374381473919,-2.1685726462
Brown,10,1.44866818707,1.15859083428,-1.6386920573
Brown,11,2.06865604537,0.552487919977,-1.38616187489
Brown,12,1.65472094311,0.417819890962,-2.35455471896
Brown,13,0.96414711334,0.95362662542,-2.55063389567
Campbell,1,1.3363267902,1.6751065932,-2.75149207523
Campbell,2,0.0848417100774,1.89887086452,-2.59488013508
Cooper,1,0.856436657913,1.58889658225,-0.860080744503
Lightfoot,1,1.7532472676,0.768904053198,-2.00453029844
McDonald,1,1.45199294698,1.97342140198,-2.33680498603
Verbinski,1,0.968505143535,1.85763514213,-2.98220504716
Vidal,1,-0.353341588703,1.07138098526,-2.73427628716
Brinell,1,-0.64837966693,0.793693389002,-3.02727254324
Dodd,1,-0.100084350585,1.02168965976,-1.15749580575
Kelly,1,-1.27364985568,1.56782453829,-2.67299476768
Burnham,1,0.0558475629352,0.33484379945,-1.47510849917
Rocchigiani,1,1.1450268363,1.42938740361,-2.17568671029
Irvin,Jr,1,-1.31813021643,-0.356888582852
Irvin,Jr,2,-2.05109519203,-0.573657100367
Little,1,0.935999546788,0.594859832984,-2.28241074731
Lloyd,1,1.36097559697,-1.15286291928,-0.564049666792
Smith,1,1.15787038691,1.65163058508,-2.7425093375
Bentley,1,1.07696134322,1.46708154142,-1.64243520341
Hackett,1,1.19591882735,1.0451773223,-0.590390832057
Hackett,2,1.42144199164,1.12306515264,-1.53052969722
Hackett,3,1.39228733035,1.72571865621,-1.57663746537
Hackett,4,1.03657174199,1.07901560184,-1.03916108423
Hackett,5,1.61545371595,0.873616531076,-0.649275206002
Rossenmeyer,1,0.415166559397,0.871704887548,-3.01170987387
Davis,1,1.78569711545,1.51094833538,-0.919711070657
Davis,2,1.30726483464,0.810609803338,-0.267497566934
Davis,3,0.624957130176,0.338147370762,-0.471136095852
Davis,4,1.5213549209,0.870214038958,-1.41847827886
Davis,5,0.874812048691,-0.0651601343866,-1.32345793257
Davis,6,1.20640696112,0.8584320746,-0.741966509083
Davis,7,1.61418793939,0.978360777438,-1.45900982772
Davis,8,1.01866270704,0.629742288251,-1.25748471204
Davis,9,1.5875844046,0.512898865135,-0.410052581652
Davis,10,1.61953027554,0.590083592628,-1.60211788068
Davis,11,0.709415427542,0.15953460116,-1.02553686802
Davis,12,-0.0564805779502,1.0293424488,-1.67734376037
Davis,13,1.12278997376,1.68585716703,-1.93046056608
Davis,14,0.539414888996,0.388725608761,-1.06694211209
Davis,15,0.969929207141,0.385110952585,-0.594951743832
Davis,16,1.95209915008,0.85484965509,-1.6290507672
Davis,17,1.31044579359,0.617795740791,-1.31981322465
Davis,18,1.03106884417,1.11136384953,-1.74195852076
Davis,19,1.28408877491,1.16933608484,-1.10197570911
Davis,20,1.50937617793,0.750153825025,-0.991729159449
Davis,21,0.890151881475,0.773642120861,-1.90066364806
Davis,22,1.45729615533,0.137537521136,-0.75744269902
Davis,23,0.136467599575,0.126355602831,0.371424444489
Davis,24,0.644303085824,0.438764731328,-1.71286065208
Davis,25,0.359506520621,-0.863186274444,-0.840118518847
Davis,26,1.47523767208,0.480696311244,-1.11544522199
Frers,1,0.71959154123,1.49181566091,-1.6616659626
Berhalter,1,1.36952207608,0.734022123882,-1.69834875811
Gilbert,1,0.704312385119,1.60320725678,-1.9964258979
Gilbert,2,1.38947541631,2.46541062788,-2.69172160285
Popovich,1,0.395654526331,0.988247560431,-3.25685693748
Popovich,2,1.65984624005,2.10319621567,-1.57198757652
Popovich,3,1.2651067047,1.76059084043,-2.18508331975
Popovich,4,0.591198737174,1.61839062831,-1.86234930437
Popovich,5,1.18082303966,1.06454395966,-0.252628683977
Hennigar,1,0.756202909319,2.27186061991,-2.07465101668
Hodge,1,2.00148114982,1.23889574132,-0.969787016208
Kinnear,1,1.12999980524,1.68156595972,-2.1205260049
Kinsey,1,0.597124588429,0.82175094967,-2.04261850864
Gysi,1,0.927938658213,1.04679697693,-0.790485920993
Honasan,1,1.50947757829,0.162623127901,-2.3445845524
Rosal,1,0.851995413699,-1.31944286139,-1.17496900688
Geoffroy,1,0.919372119926,-0.00168667392277,-0.589399992869
Geoffroy,2,1.4006456721,0.298257143832,-1.42957857684
Hines,1,0.915301981058,-0.813341791054,-0.0693922756507
Hines,2,0.636550018474,-0.727940815698,0.64694693281
Peck,1,1.62701280889,0.735053018666,-1.82021611263
Ostertag,1,1.09425576751,2.5572749022,-1.40537714368
Ostertag,2,1.04615264488,2.19712686445,-1.99587365806
Owen,1,1.0286832011,-0.362645450869,-2.27047617595
Owen,2,0.783389101941,2.00525466384,-1.58278954752
Rusedski,1,1.18687513137,0.537661900753,-2.07169703021
Rusedski,2,0.993234166632,1.2948029441,-2.15260463323
Rusedski,3,0.721632256972,1.44005047115,-2.53383862485
Rusedski,4,0.523350655224,1.05992711803,-1.63989457304
Mol,1,-2.14693380483,2.32495134109,-3.34692960662
Colvin,1,-0.151799666305,-0.269920987227,-1.8606609597
Harlem,Brundtland,1,-1.66412335321,0.946900849333
Harlem,Brundtland,2,0.212877955084,0.64278836179
Ou,Guangyuan,1,1.56830643683,-2.39211146885
Chipouline,1,1.6829512591,1.47839387147,-3.48724267867
Verheugen,1,-0.0217990077264,1.99368706852,-1.95077442527
Westerwelle,1,0.705716681071,2.14899916224,-2.44322364488
Westerwelle,2,0.947502985959,0.781025413206,-1.01103473133
Cannet,1,1.52384811312,1.42321446539,-1.56592781777
Depardieu,1,1.77998850908,1.09366077465,-1.49358014483
Soro,1,0.25079674602,-2.18774182063,1.79007559332
Soro,2,0.870949512902,-2.54641820588,2.04760231061
Canas,1,0.47233327022,-0.980270538085,-1.11195053385
Canas,2,0.710688665484,-0.598140210223,-2.16866906042
Canas,3,0.228807488724,0.339145648745,-2.82720102505
Canas,4,1.64405042033,-0.415138422125,-2.1830578798
Coria,1,1.40518489107,-0.688116588633,-2.60157231229
Coria,2,1.28086418401,0.136523761078,-2.10592033794
Coria,3,0.640535757285,-0.188789097824,-1.49869936042
Coria,4,1.45090932222,0.894844742007,-1.02848222961
Coria,5,0.887259443089,-0.218870368384,-1.88994613873
Coria,6,0.248162711522,0.60119995379,-1.43733953019
Coria,7,1.03462934211,0.732587239518,-1.89373673031
Coria,8,1.40099383867,0.539024633727,-0.513652769271
Coria,9,0.462584330991,0.0604939955143,-2.6527320414
Coria,10,1.06099259386,0.855128016948,-1.62639573391
Coria,11,1.98803847094,0.359340047973,-1.7372227775
Coria,12,0.718925387918,-0.500711343036,-1.93324186592
Coria,13,0.423813451574,0.523182971922,-1.25749663796
Coria,14,1.07157502061,-0.371691594797,-2.47022389141
Coria,15,1.47324319558,-0.718835945666,-0.610723801991
Coria,16,1.51141100925,-0.556007283045,-2.43261995275
Coria,17,1.92926845088,-0.143911723596,-1.01911830094
Coria,18,1.87730238931,-0.327436790219,-0.389685289173
Coria,19,1.21336778074,0.179590897913,-1.83292751226
Coria,20,0.274329222145,0.176783534059,-0.709032009704
Coria,21,1.12812827385,0.23179302798,-1.11854862534
Coria,22,1.91301779936,0.131728956058,-2.25259504133
Coria,23,0.359021202583,0.113059130653,-1.75016199095
Coria,24,0.698313602294,-0.279444801573,-2.15517508167
Coria,25,1.29480052274,0.111030465301,-1.66099110236
Coria,26,0.542070749734,0.448462512071,-1.33680243119
Coria,27,1.22541318971,0.285850106933,-1.90190878271
Coria,28,1.7124528086,0.0288984715487,-2.31670615583
Coria,29,-0.201995166016,-0.0615758727019,-1.46140864963
Coria,30,1.51691726057,0.173829806277,-1.08263124078
Monroy,1,1.17752629749,0.464838137143,-2.13941584517
Ortiz,1,0.773933746273,0.800551966178,-0.948063639831
Ortiz,2,-0.327016079005,0.457074749559,-1.604714264
Ruiz,Polanco,1,-1.37028939926,0.431730362822
Backman,1,-0.490495167493,0.336674232104,-2.43863568451
Pleuger,1,1.42667509475,1.08025382357,-0.228262234265
Pleuger,2,0.552806166108,0.752771928661,-0.73437502389
Pleuger,3,1.33486299502,1.70432847624,-1.39320494945
Pleuger,4,1.12276227693,1.53791855174,-2.16333773276
Pleuger,5,1.23058304665,0.569767693352,0.0105940250108
Pleuger,6,1.4003718611,1.26361192482,-1.91673221771
Pleuger,7,1.02745663779,1.05599243902,-2.833495145
Frerotte,1,1.4241153777,1.07563254884,-2.0337602906
Cisneros,1,1.87051282327,1.07704163083,-1.84803782956
Franco,1,1.51480641209,-0.10152229563,-2.33083081108
Kuerten,1,0.955502931337,1.24185933963,-1.6117676084
Kuerten,2,1.85598043506,0.610056119652,-2.13448410198
Kuerten,3,2.26298036687,0.683643946366,-0.851185260508
Noboa,1,1.75823525283,1.19557340815,-1.15497171448
Terrazas,1,0.376334862051,-0.230177535193,-1.16297201499
Van,Sant,1,-1.18356672396,1.45857791789
Van,Sant,2,-0.670407562693,0.523733953617
Van,Sant,3,-1.38074901361,0.970107805029
Hiddink,1,1.99563673195,0.878739381546,-2.51077147792
Hemmings,1,0.78113668452,1.28657013666,-3.10431303459
Hemmings,2,0.595893765311,1.09083834766,-3.71552040501
Ritchie,1,0.00510909058311,0.858195094077,-2.11015203431
Ritchie,2,0.93196240407,1.6373253284,-1.44784198157
Verhofstadt,1,-0.0986823322767,-0.0066818603449,-1.6113046889
Peizerat,1,-0.351838250341,1.66434872162,-3.11601667449
Peizerat,2,-0.82507041471,1.81052252251,-3.23945606835
Peizerat,3,-0.145600056114,1.40370223078,-2.93505747294
Stefani,1,-0.611554372487,-0.369261580128,-1.63664775842
Paltrow,1,-0.684897990749,1.17087841943,-1.12882444912
Paltrow,2,-1.36718798387,1.46250669027,-2.07803491686
Paltrow,3,-1.68762765682,1.5382620464,-1.01365563243
Paltrow,4,-1.42874487713,1.7231706562,-1.96520338124
Paltrow,5,-1.45769019085,1.76842478013,-3.19662702435
Paltrow,6,-0.844659019118,0.94506942989,-1.97734869783
Hisham,1,1.07256214202,-0.688774155294,-1.34923243265
Rizieq,1,2.39390831312,0.919990067349,-0.970974032669
Rizieq,2,2.35582773518,-1.35259162765,-2.20049813866
Rizieq,3,1.44290658594,-0.932291422824,-1.35244485507
Rizieq,4,1.3274020689,-0.150256356129,-1.10363880604
Rizieq,5,1.43038467652,-0.617793344159,-2.00963919142
Bilger,1,-2.14772822396,1.13015990691,-3.43055682832
Fillinger,1,0.171654968063,1.72765853223,-1.11291154634
Gehman,1,0.908251666364,1.09839326517,-1.89071215947
Gehman,2,1.01313007649,2.06024432208,-1.92103322922
Gehman,3,1.35613781468,1.75160191185,-1.95875428134
Gehman,4,0.441447145355,1.47673846384,-2.40593460948
Gehman,5,0.672324132724,1.48947476631,-2.18726225475
Berry,1,-1.51147669301,0.922844289846,-2.39061112004
Berry,2,-0.482370792108,-0.811075664796,-1.17205264394
Berry,3,-1.34406810639,-0.370596644814,-0.565707837589
Berry,4,-1.66033140248,-0.462697839857,-1.29412344467
Berry,5,-1.24853347202,0.0222026582869,-0.43294081088
Berry,6,-1.22818883185,-0.658767525707,-0.867412415375
Berry,7,-0.870028316958,-1.17771806217,-0.128069105198
Berry,8,-1.34121227687,-0.582898944976,-0.345591374243
Berry,9,-0.595510878805,-0.43476135315,-1.21818475933
Berry,10,-1.84131673295,-0.121605407314,-1.8780274149
Berry,11,-2.3503551559,-0.55163965187,-0.990232469246
Berry,12,-1.57193713034,-0.358961507295,-0.595760856823
Berry,13,-1.97468596729,-1.06259586626,1.01515152877
Berry,14,-1.14804637929,0.751541404604,-1.70124600117
Berry,15,-0.432768093167,0.110155626567,-1.03559880047
Berry,16,-0.911681661853,-0.132340847346,-1.158709211
McCoy,1,1.21814629671,0.798818189582,-1.13256136179
Sellers,1,0.954405605263,0.835400913628,-1.36604653119
Sutton,1,2.38104021124,1.49765250896,-1.85581301557
Sutton,2,0.971605242539,0.602373221768,-0.0432928723209
Arba,Diallo,1,-0.214065944246,-1.17866686242
Bin,Isa,al-Khalifa,3.06606762383,-1.10543231423
Bin,Jassim,1,-2.27789462581,0.221762147177
Efendi,1,0.86477996139,0.774300301193,-1.83426014595
Karzai,1,1.25793229892,-0.138888538966,-1.54356692695
Karzai,2,2.22317511605,-0.0936000551613,-0.660339815987
Karzai,3,1.86235020664,0.286939862626,-1.1152960829
Karzai,4,1.28710986422,0.085796886951,-0.986754936655
Karzai,5,1.62096281184,-0.879731004756,-1.28194600436
Karzai,6,2.00261678104,-0.521055039254,-0.349274288
Karzai,7,2.07515029722,0.00727160503911,-1.4691409563
Karzai,8,1.70573952329,0.0347089833023,-1.39174886071
Karzai,9,1.55376527533,0.122346636538,-1.18993140233
Karzai,10,0.95788877123,-0.0705569833047,-1.88650540285
Karzai,11,1.42768791899,-0.361946803885,-1.23096633156
Karzai,12,1.71430882332,-0.343895280462,0.696713419216
Karzai,13,2.50324236208,0.648516374698,-1.62391853459
Karzai,14,0.936051710613,-0.0709435487237,-1.33578872153
Karzai,15,1.93171608074,-0.269508725345,-1.31131217012
Karzai,16,1.42804058962,0.132554779883,-1.85885905338
Karzai,17,0.58984692339,0.136761360172,-2.44653057879
Karzai,18,2.35030418371,0.190898983693,-1.67186669556
Karzai,19,1.32895170803,-0.393584105624,-0.677253838655
Karzai,20,1.36477775993,0.730550559139,-1.59428039411
Karzai,21,1.72132626433,0.0809631963672,-1.04911615232
Karzai,22,1.59973498717,0.173840347764,-2.07302616698
Reza,Asefi,1,-0.995284128292,-0.894762032019
Pong-sil,1,-0.507240707437,-1.49360488461,-0.960608104461
Atiya,Muhsen,1,-1.58322135644,-0.734555606519
Haz,1,0.85390100185,-1.65123731999,-1.72458716688
Haz,2,0.501189137838,-0.929119160164,-2.24249793607
Makhmalbaf,1,-0.931124225891,-0.265226989382,-2.93668407739
Ashrawi,1,-1.25460845381,0.578345385273,-2.40477384713
Ashrawi,2,-0.9634312236,0.341981899226,-2.38890142674
Sadiq,1,-0.449101235355,0.757344567513,-2.51606206908
Urushima,1,-2.5587952751,-0.0114258388112,-2.13570227817
Aaron,1,1.05500930446,-1.99815276645,2.41119685998
Azaria,1,1.76167836822,0.718194052725,-1.80856892879
Bass,1,1.49936531423,1.68423922081,-1.16731854855
McKinnell,1,0.563004263426,1.2115094403,-1.97601219834
Stram,1,1.91349674142,1.03972054284,-0.901418517203
Stockbauer,1,-1.1346051737,0.896852131009,-2.74092740736
Stockbauer,2,-0.622943519092,-0.0506710544706,-2.04379476169
Schumacher,1,0.488771615106,0.523817448963,-1.11935250257
Blix,1,0.454240452908,1.2840045016,-2.31648808261
Blix,2,0.55784059788,0.930981161789,-1.63325465931
Blix,3,-0.0330413736552,0.652772399626,-1.67856896312
Blix,4,0.81657615306,0.855512517453,-1.62556285323
Blix,5,0.750743441807,1.00639295052,-1.56814457597
Blix,6,0.500629206594,1.00030541026,-2.00137988678
Blix,7,0.649209572442,0.986704067866,-0.89778850156
Blix,8,1.07309953642,0.532575303636,-2.05789083038
Blix,9,0.827885072765,-0.249240881953,-0.97180847028
Blix,10,0.621687775606,0.5840587665,-2.1797654134
Blix,11,1.3371088461,0.797283045808,-1.34090001088
Blix,12,0.862202569852,1.30041481113,-1.19081063464
Blix,13,0.908335353278,0.882569187525,-1.0860367573
Blix,14,0.670367147683,1.37703843399,-1.48415424245
Blix,15,0.783665537363,0.507416264797,-0.948736430895
Blix,16,0.890658768228,-0.0677657834717,-1.04934537271
Blix,17,1.24518371755,0.0383235571132,-1.21079830179
Blix,18,0.831741541051,0.258139077865,-1.43080816402
Blix,19,0.501463714879,1.82688654917,-2.04419643769
Blix,20,0.847819622521,0.685585792042,-1.65487174365
Blix,21,0.0553555594128,0.894070092931,-0.824091953376
Blix,22,1.00622415117,0.59906782555,-1.82311130911
Blix,23,1.18904864859,0.555528216183,-2.7498696054
Blix,24,1.17602382887,1.15259906727,-1.19628865858
Blix,25,0.372454258726,1.51318209338,-0.510560634053
Blix,26,0.957516853771,1.17557344778,-0.676914821395
Blix,27,0.56464434645,0.538086696436,-1.35957069431
Blix,28,0.277416654122,0.419896699138,-1.14015431104
Blix,29,1.23358273101,0.605776364976,-1.92448648933
Blix,30,0.809189125674,0.992347495891,-1.53882296417
Blix,31,0.787256927965,1.10140041849,-0.593904539725
Blix,32,0.962766910492,0.931385134267,-1.27172055281
Blix,33,0.370383532487,1.49881038739,-2.33704287937
Blix,34,1.00139054907,0.55451699922,-1.17267878785
Blix,35,0.885876635184,0.812896393156,-1.72499724386
Blix,36,0.316937684153,0.432627098221,-0.191456594046
Blix,37,0.505235632278,0.183043447154,-1.43280424825
Blix,38,0.997553277421,0.306560116285,-0.848382238144
Blix,39,0.999335116243,1.06047978338,-1.2972164726
Schmid,1,-0.131634958593,2.18413987854,-1.68180889001
Corell,1,0.371618556314,0.0408680197711,-1.66724775571
Eichel,1,0.816841033746,1.13234949209,-0.794993002666
Eichel,2,1.53982476271,0.456765552776,-2.6485570818
Eichel,3,0.633936932105,1.02153264407,-1.6596564016
Leistritz,1,0.483283526061,0.984337237935,-2.04145009907
Peter,Briegel,1,-1.6899339159,0.812633040014
Sung,Joo,1,0.14914388452,-0.79106301503
Ringstorff,1,1.02544229969,1.35145458273,-0.893207920734
Singh,1,1.16205401024,0.481604463793,-1.30647938481
Singh,2,1.19606085785,-0.55762085252,-0.747356875252
Braun,1,1.4161540729,2.51695745488,-2.08459530471
Brown,1,0.969367408666,0.878939017954,-1.73774197517
Scott,1,0.39477404731,0.740922987544,-1.1806302886
Lessy,1,-0.73790637085,1.07145311804,-1.66117975387
Ford,1,0.425837551947,1.37383965309,-2.93473008848
Ford,2,1.37864502412,1.32350120952,-1.8888657647
Ford,3,1.04531649213,1.5474484442,-1.96491402326
Ford,4,0.354836395171,0.995338844934,-2.09519431596
Ford,5,0.334253714307,2.31277095729,-1.84392432299
Ford,6,0.432009012062,0.789253130699,-2.00723344632
Ford,7,0.462249794211,0.803131503132,-1.86818489805
Ford,8,0.915351662399,2.33283954706,-2.80482916139
Ford,9,1.01958232134,1.80619605288,-1.79451245178
Ford,10,0.744665672799,0.407166118275,-0.943906597147
Ford,11,-0.0939363502363,0.983398607084,-1.44607248917
Ford,12,-0.329994149525,2.37176816501,-2.28596159336
Belafonte,1,1.3848740755,-0.799659498593,0.222410849066
Belafonte,2,1.11382924028,0.801701296769,-0.884369141549
Kalas,1,0.73585245068,1.08512425473,-1.94834745588
Kalas,2,0.706395824724,0.876251439978,-2.89395006254
Schmidt,1,1.18208923125,1.83143078684,-2.78585104388
Schmidt,2,0.481138035426,0.550802226477,-1.92594083976
Schmidt,3,0.627250352143,0.803443316895,-1.89864038795
Schmidt,4,0.639455828104,0.0753426726798,-1.12985256718
Mehdorn,1,1.63808162492,0.231288224067,-0.478471716716
Fierstein,1,0.471823151987,1.01561803531,-1.06102933722
Wachsman,1,0.505645929961,0.451423486927,-1.14074677812
Weinstein,1,1.01240853637,0.693103121757,-2.1286082279
Weinstein,2,0.926617248634,0.191967840717,-1.83303861674
Wirayuda,1,0.848234143752,-0.175554741755,-0.454955904192
Tillakaratne,1,0.919433859286,-1.08485904923,-1.0954756082
Thaci,1,2.00162462371,0.504808304235,-1.99559805546
Thaci,2,1.63452923118,-0.191119071911,-1.46974098068
Bolkiah,1,1.06039705159,-0.85542408815,-0.949828141612
Nasrallah,1,1.80868489596,0.378712911047,-0.927435898283
Nasrallah,2,1.92630938376,-0.476906117619,-0.0499919626119
Wirajuda,1,0.854210669769,-0.728100091021,-1.84547455661
Wirajuda,2,0.0667234061072,-1.35703832521,-1.32299201345
Hasuike,1,0.229523832643,-0.0438661272396,-3.07734804121
Aliyev,1,-0.224762555304,0.689820199898,-1.69533363701
Panettiere,1,-1.45854523059,0.46649276649,-2.00059725102
Tullett,1,-0.38447678355,1.60513394905,-2.99065975708
Tullett,2,0.276980120524,0.320763232874,-1.65754867224
Chinnock,1,-0.467600404369,1.71097534668,-3.40737044946
Locklear,1,-1.8096030548,2.14650007534,-1.92627627556
Mills,1,-1.5680240768,1.50149875752,-2.86663850595
Mills,2,-1.64455304449,1.57892409871,-2.68559578143
Mills,3,-2.30539442658,0.940701259515,-1.83367033252
Mills,4,-1.81068522126,2.54949408298,-2.47724633358
Whitestone,McCallum,1,-0.770538281527,0.0477466795333
Willson,1,0.373875095338,0.976786991877,-2.42011022073
Ledger,1,1.32086325777,1.24140277397,-3.17308587705
Ledger,2,0.353341487766,0.850642458312,-1.41897887801
Ledger,3,2.17513966318,0.71997007391,-2.08962483448
Ledger,4,1.36410297532,1.42598323404,-2.28110559644
Babenco,1,1.7631994668,1.63381667021,-2.14907704559
Babenco,2,1.70764989809,1.07891769696,-2.44484842727
Babenco,3,0.885602278739,0.36661425784,-0.666613329871
Grullon,1,1.76926640379,-0.807883702949,-2.08492893153
Mitelman,1,1.65882839057,0.396986379351,-0.594998983942
Amin,Arsala,1,-2.15794974044,1.83976699374
Han,1,1.02795037444,-0.237776924206,-2.62723569362
Han,2,-0.154886979904,-0.595806907919,-1.03034559384
Han,3,-0.338551242169,0.0415708743438,-1.07190740002
Fleiss,1,-1.79948848811,-0.043457901818,-2.02899062948
Fleiss,2,-1.53373263223,0.983935770715,-2.08016555661
Fleiss,3,-0.371608554676,0.451797404023,-0.0923291328777
Fleiss,4,-0.82339685874,-0.451449254859,0.275247498154
Klum,1,-2.31140333111,1.00531925044,-0.836516137424
Klum,2,-0.26222336956,0.970398221922,-2.92195026906
Klum,3,-2.06756114275,1.55040705735,-3.04943964637
Klum,4,-1.36217699922,1.53523261534,-0.897078151953
Klum,5,-1.15051109384,1.89554919081,-1.57478615233
Wolfgang,1,1.49009843965,0.052993135426,-0.84853974049
Feldmann,1,1.19947936647,0.797515834159,-1.00442498746
Feldmann,2,0.813831457847,0.734476318437,-0.600526245343
Feldmann,3,1.41564466644,0.953124638165,-2.5208831799
Takenaka,1,0.742213549479,-2.65692410157,-1.97637896981
Takenaka,2,1.07202874806,-2.1517101842,-3.10141426538
Takenaka,3,0.335777470511,-1.99034328575,-2.39456479824
Takenaka,4,0.353221376109,-2.05434754818,-1.99220115947
Takenaka,5,0.479580209565,-1.58842344724,-1.88438250991
Takenaka,6,0.359368493268,-2.30579455329,-2.52779718996
Takenaka,7,0.349205402435,-1.22603436741,-2.40397467976
Takenaka,8,0.304617486524,-2.1969934867,-2.93742407015
Takenaka,9,0.709962150475,-1.91922612162,-1.94884422411
Alvare,1,-0.965151808834,0.447448856178,-3.11937039948
Schneider,1,-0.698805762965,1.51610980557,-1.02053801906
Clark,1,0.542833758398,1.00876821122,-2.60248493695
Clark,2,-0.310411767649,0.558063209471,-3.58808812971
Clark,3,0.196175849498,0.00771374541245,-1.88849799552
Clark,4,-0.0971166098697,1.02387862888,-2.59346108244
Darling,1,0.422428118606,-1.11928874433,-1.15362820845
Eksterowicz,1,-1.48534725493,2.16021041606,-2.14367313639
Castroneves,1,1.40577412796,-0.00393050437155,-2.28370027922
Rubens,Garcia,1,-1.74754762222,0.624932665832
Panke,1,1.05672505836,2.17521661823,-1.97092536515
Pinheiro,1,-0.62662612154,1.01832397937,-2.67116934489
Bekedam,1,0.638532426176,1.21772093962,-2.9843105271
Scherf,1,1.29939652932,0.170581079895,-1.31447509617
Proglio,1,0.86093051158,1.21974566928,-2.04439382421
Meirelles,1,1.63018967671,0.762729530145,-1.86755112251
Meirelles,2,0.735152398168,0.430285403494,-2.10970078657
Castellanos,1,2.4655523535,-1.11618069963,-1.38279152604
Hilow,1,1.55215190135,0.636225336503,-2.27021751246
Hyde,1,0.838500292627,1.47544282116,-2.09401273339
Kissinger,1,1.65587151993,0.111059147907,-1.19869518538
Suazo,1,0.700489351136,-1.01098956861,0.70688603422
Brooks,1,0.849287421387,1.07316815845,-2.11007724744
Dhaliwal,1,0.468617611957,-0.637796961768,-1.5911281678
Haupt,1,1.14069640835,1.27265051058,-2.65912006764
Hancock,1,-0.212865915916,-0.934425406972,0.0901876627526
Ritts,1,0.734773844947,1.68218438703,-1.3902749382
Sendek,1,0.691757524177,0.432929130979,-1.00160734941
Sendek,2,1.75207290971,1.31131808074,-2.54718123556
Sendek,3,0.584229913397,1.31874090856,-1.31103265066
Sendek,4,0.526666573503,1.20905296671,-2.04811458198
Harton,1,1.22308708535,-1.5578007839,0.765265349236
Edwards,1,1.8814090154,0.0419838086697,0.121115230887
Moore,1,1.65719199711,-1.42567059969,2.08043257786
Maier,1,1.14429640084,1.2527387619,-1.04916316448
Maier,2,-0.20473108967,0.572042983915,-2.04525628213
Gamonal,1,1.48906277676,0.0296406651097,-1.53915445716
Ebdane,Jr,1,-0.294720531598,0.350941876839
Crespo,1,0.905197130822,-0.422701510879,-1.46918896155
Daeubler-Gmelin,1,-1.05979439781,-0.0562429163352,-1.52410382301
Daeubler-Gmelin,2,-0.0066849192571,0.874428904904,-2.42392938945
Cloette,1,0.0228826430984,1.37792994959,-2.43921350481
Naemura,1,0.566966234057,0.239721763752,-1.45100321395
Naemura,2,1.08711630042,-0.397986347902,-1.95632877156
Matsui,1,1.1091763652,-1.77610824572,-1.35717727098
Matsui,2,1.53378848147,-1.32765266567,-0.380445209946
Sato,1,1.68801709701,-1.22102798795,-2.00985603248
Nakata,1,2.0458990445,-0.572708676552,0.222074318313
al-Azzawi,1,1.37572904502,-0.092196915912,-1.79927879764
Duff,1,-1.83762348063,1.03564902037,-0.454098432517
Duff,2,-1.87549188493,0.415376983978,-1.30252090017
Duff,3,-1.73569125118,1.19861267961,-1.34751775598
McKay,1,-1.43475779346,0.822547596561,-2.38371666478
Fortune,1,-0.711619622306,-0.26708558204,-0.0880498878574
Clinton,1,-1.36923414203,0.386169122468,-2.30403037026
Clinton,2,-0.648465534246,0.565897063008,-2.47628316247
Clinton,3,-0.762166210374,0.678583801261,-1.53091198227
Clinton,4,-2.27479145728,2.17819572729,-2.14100890119
Clinton,5,-1.85741121097,1.25954673529,-3.37921884795
Clinton,6,-1.64975604141,-0.0354240076458,-2.03561321272
Clinton,7,-2.15941669385,0.739534639258,-2.28200282142
Clinton,8,-1.75946336798,0.407502454341,-2.35997917623
Clinton,9,-2.68989612523,0.86077661697,-2.563692475
Clinton,10,-1.62337227331,0.788472482032,-2.82918529567
Clinton,11,-1.318688735,0.394413667285,-1.75664171258
Clinton,12,-0.668637674132,1.02439724929,-2.68928497621
Clinton,13,-1.46200907448,0.392256918284,-1.6039670714
Clinton,14,-0.785536819023,0.567541230523,-1.41374616836
Akin,Zorlu,1,-0.318645490188,0.283844321723
Ozkok,1,2.19185555627,1.16633423257,-3.45090075996
Ozkok,2,2.68879314912,0.394636651218,-2.42212049534
Rebu,1,0.72968386485,-0.255395047491,0.88472042442
Mejia,1,1.16963153023,1.7956512441,-1.70325341574
Mejia,2,1.47810981637,1.73921076706,-3.06166865328
Mejia,3,0.840511950997,1.56160029193,-1.78515347094
Mejia,4,1.0994448225,2.01121883684,-1.64661604047
Gomi,1,1.74918108377,-0.487034864387,-1.96040366388
Yoshino,1,0.954297140689,-0.308857105566,-1.97247249498
Oguchi,1,0.976147796351,-0.509394558956,-1.79260802756
Oguchi,2,0.940260272671,-0.988939725721,-3.35319090805
Owada,1,-0.171103690016,0.175889376164,-1.01566865915
Halawi,1,1.50830962138,1.39839126468,-1.51328046082
Soga,1,0.132507597648,0.603518800965,-2.45554517818
Soga,2,0.0307188871535,0.526836675698,-2.57222561738
Soga,3,-0.111879961458,-0.263966689809,-1.8187725374
Soga,4,-0.0595117320153,0.682259009165,-2.34281073488
Soga,5,-0.803029232499,-0.871535360422,-2.59213250654
Oshitani,1,1.12505394236,0.652646379291,-2.22583291952
Tanaka,1,0.824162338862,-0.327536225835,-2.75304959184
Asfor,1,-0.532159807747,-0.948705679878,0.288690877028
Hunter,1,-2.12822694106,1.76098004225,-1.85970026312
Hunter,2,-1.4874133288,1.92993863975,-2.18713983296
Hunter,3,-1.88369949588,1.43205145676,-2.35845009586
Hunter,4,-1.1126403538,0.862682236445,-1.27144201959
Hunter,5,-1.27339457055,0.997482980613,-2.62916335992
Hunter,6,-0.828050103503,0.547823193121,-3.12964752552
Hunter,7,-1.78596054137,1.06930703446,-3.34539292221
Robinson,Peete,1,-1.21691234008,-0.698725848215
Myung,1,1.32270214927,-2.15885179365,-2.74513649709
Johnson,2,1.4220902248,-0.562301263714,-0.574526042886
Donovan,Reid,1,-2.03228869144,-0.792024106638
Newcomb,1,0.778557860266,1.2097826616,-1.97988143171
de,Jesus,Montoya,1.12130357256,-1.16567006237
Julio,Pina,1,-1.86765826388,1.7202086779
Koehler,1,1.17551732494,1.18110740171,-1.54751990777
Koehler,2,1.7780732226,0.353083770271,-1.7311309837
Koehler,3,0.448670533077,0.785481851241,-2.61692258317
Mubarak,1,1.07859263905,-0.648086439879,-1.83964622959
Mubarak,2,1.02488366391,-0.360889095889,-2.33368462009
Mubarak,3,0.807805676991,-0.213631468202,-2.73063889845
Mubarak,4,0.859992469632,-0.496283533608,-2.8654003253
Mubarak,5,1.00077004011,-0.400003742246,-3.05677210448
Mubarak,6,1.02610779661,-0.295705507673,-1.11726961383
Mubarak,7,0.0340672755037,-0.554930264435,-1.71483444189
Mubarak,8,1.50269901181,0.610201473366,-2.52117759942
Mubarak,9,0.453479976895,0.437092266574,-0.859032886096
Dean,1,1.14318862887,0.820168517945,-1.47013783338
Dean,2,1.26708305265,1.63835249255,-1.05470440092
Dean,3,1.10953577363,1.83415269165,-2.61981174869
Dean,4,0.824491816938,1.06264619534,-2.78714940327
Dean,5,1.0945581362,2.01196940181,-2.06182867709
Dean,6,1.31692285931,0.981400433275,-1.40555950746
Dean,7,0.885650207444,1.1427202533,-2.80667930463
Dean,8,1.35980887159,0.810363335908,-0.869333760143
Dean,9,0.791487628268,2.33660628932,-1.73391406836
Dean,10,0.739594257922,1.2912589157,-1.08437619097
Dean,11,1.06462425749,2.35833999351,-2.55415354072
Dean,12,0.877216586343,1.20936536599,-2.07419095794
Ross,1,0.714666926316,1.34505650337,-1.17988174904
Schultz,1,0.836108659091,0.372223051421,-0.684769815923
Schultz,2,0.365955348233,1.72654712511,-1.38819233059
Smith,1,0.729330625042,1.72137763507,-1.06238074685
Smith,2,0.949667783239,0.182510449424,-2.6944733373
Stern,1,-0.766858894371,0.621809876962,-1.93381107171
Stringer,1,0.38602018757,1.60154749562,-2.70963576776
Wilkinson,1,0.52631361956,2.18492027797,-2.10243659929
Roshan,1,1.65839915582,0.211375663896,-3.09634988879
Chung,Yi,1,-0.915795357342,0.45423095406
Suey-Sheng,1,1.48542278909,-1.15912080216,-2.42338482943
Green,1,0.661904828804,0.301956132437,-3.34697013942
Brown,1,0.607922899922,2.32627069834,-1.93739613427
Campbell,1,2.10007104808,2.23472892904,-2.56616042678
Carey,1,2.16694856112,1.94799024638,-1.92058191819
Grant,1,0.547110573185,0.84751270975,-2.00508319426
Grant,2,0.913927799995,1.07469556877,-1.68303008124
Grant,3,0.494853589024,0.476869225037,-1.57227141651
Grant,4,0.517717731541,0.690089615855,-2.10475702559
Grant,5,0.857863193229,1.09021237416,-1.33187062564
Grant,6,0.607828212759,1.87327630416,-2.17824382695
Grant,7,-0.113627873129,0.314152235343,-1.55794213561
Grant,9,0.319391205522,2.22774666457,-3.06630953813
Hefner,1,1.35164815753,1.54699777823,-2.13056920147
Jessiman,1,1.47675362652,0.989605581181,-1.71068112866
Miller,1,1.24143859224,0.598369998703,-0.869629100915
Chavez,1,0.651830286919,0.29796992824,-2.31876090932
Chavez,2,-0.0490227521846,-0.8756584101,-2.91644018869
Chavez,3,0.841009310054,-0.0466935604022,-1.70781374363
Chavez,4,2.02772594561,-0.305765981321,-1.5703084015
Chavez,5,1.56978528872,-0.678740389232,-0.416626412815
Chavez,6,-0.208159137596,-0.929122015649,-1.67855264199
Chavez,7,0.468355785794,0.547408272846,-2.52278102968
Chavez,8,0.791165124327,-0.853686320685,-0.452906106131
Chavez,9,0.743116863186,-0.239421001372,-2.2198105744
Chavez,10,1.00448965574,0.610374535521,-1.94034995566
Chavez,11,1.32869130881,-0.553582441329,-1.26595191835
Chavez,12,0.747358165381,0.147366338388,-2.59983939385
Chavez,13,0.931407803029,0.618512699392,-2.03342822551
Chavez,14,0.94186706951,-0.376959401924,-2.03087608452
Chavez,15,0.683529902308,0.474199558999,-2.07095654264
Chavez,16,1.46561460005,1.36455730801,-1.98967087891
Chavez,17,1.0156398467,-0.39125270247,-1.66742578733
Chavez,18,0.721248115186,0.416204674175,-2.25895923987
Chavez,19,0.654792914697,-1.0927354777,-1.4493317484
Chavez,20,0.444413931942,-0.332409600845,-1.05793379817
Chavez,21,1.97704827277,0.0433858623198,-1.78191894463
Chavez,22,1.18078634495,0.733646264129,-1.11027225125
Chavez,23,0.950782767757,-0.389697905715,-1.14671759253
Chavez,24,0.0504592265131,-0.0869053433157,-2.43202399363
Chavez,25,1.69497745497,-0.699374917929,-0.391021711234
Chavez,26,1.69539669636,0.0684742002532,-1.91740168232
Chavez,27,1.23528394691,-0.212439420457,-2.05917738908
Chavez,28,1.44734740074,-1.02133096542,-2.11322356913
Chavez,29,1.27491897299,-0.714221789307,-1.12024470823
Chavez,30,1.75511665292,0.348142800764,-1.79850856907
Chavez,31,0.704297338476,-0.99129521207,-0.556920900932
Chavez,32,1.17226008197,-0.0360916702066,-1.85009658683
Chavez,33,0.56982521818,-0.577740562523,-1.42369453538
Chavez,34,1.76827487569,0.342744612635,-1.93666154751
Chavez,35,1.15573327755,-0.76915265846,-1.0004049104
Chavez,36,-0.0889895823171,-0.53348316985,-0.738653686113
Chavez,37,0.920648898592,-0.243726742567,-1.14280611502
Chavez,38,0.352392207333,-0.7846920265,0.727028576973
Chavez,39,0.128902921216,0.375997126896,-0.956602956445
Chavez,40,0.145458535159,-0.641649018347,-1.07641583392
Chavez,41,1.04018498916,-0.802441921929,-0.198583980956
Chavez,42,0.962032672647,-0.313239710347,-2.41703004202
Chavez,43,1.26606531946,0.0878109658559,-3.11753377286
Chavez,44,0.884843596289,-0.225104358662,-2.5405348063
Chavez,45,1.26051475297,0.701725402774,-0.866909089473
Chavez,46,1.41667132869,-0.505004293706,-2.49125704344
Chavez,47,-0.0925964523869,-0.773777139872,-2.40453713594
Chavez,48,0.646555564646,-0.300674977041,-1.90932440988
Chavez,49,0.624348277005,-0.524441551223,-0.918802572928
Chavez,50,0.135240685504,0.298453981463,-2.4447130072
Chavez,51,0.994905416396,-0.397129875897,-1.85032369665
Chavez,52,1.08348567705,-0.475265029751,-1.99473042127
Chavez,53,1.30514792228,-0.843756851397,-0.697504214225
Chavez,54,1.29796029129,-0.45771624981,-1.74259613216
Chavez,55,0.864462879007,-0.845288704802,-2.03470964782
Chavez,56,0.912184326319,-0.432172120896,-1.78162023827
Chavez,57,0.926199895209,0.0259856338647,-1.75960262817
Chavez,58,0.187396275808,0.174436007926,-0.896718956098
Chavez,59,0.299592519319,0.223088042515,-2.76468613786
Chavez,60,-0.120929291617,-1.00398768858,-2.29091595886
Chavez,61,1.15035138231,-1.0234519811,-1.43790101487
Chavez,62,1.9879059368,-1.41342045402,-2.07063411318
Chavez,63,1.48303154787,0.396334202425,-0.934873208089
Chavez,64,1.06234668658,-0.0544278867456,-2.78071828027
Chavez,65,1.68654501792,-0.0339666181912,-2.40920275525
Chavez,66,0.779696536639,-0.183096706611,-2.54193057774
Chavez,67,1.25387570963,0.367938802673,-1.73637382254
Chavez,68,0.399272268091,0.728728849908,-2.09494379722
Chavez,69,0.046308919489,0.23006630622,1.09978155219
Chavez,70,1.29280443388,0.756070600796,-1.24381779093
Chavez,71,1.54796768079,-0.250204586961,-1.32165048556
Colace,1,1.85478001947,0.563367860634,-2.33196928779
Jintao,1,1.04676061435,-0.420981327503,-1.30382884474
Jintao,2,1.43023753718,-1.48412841305,-2.09870470455
Jintao,3,1.26230635291,-0.853047173059,-1.62461338005
Jintao,4,1.15699738837,-0.857170177578,-2.40846865133
Jintao,5,1.39624693471,-1.19571617616,-1.60281420793
Jintao,6,1.77449892328,-1.43563534037,-2.30365904773
Jintao,7,1.60831569991,-1.13755163362,-2.78758863014
Jintao,8,1.82603104778,-1.21829078147,-1.74776691017
Jintao,9,1.14373045612,-1.10036989476,-2.44390900276
Jintao,10,1.35805896037,-1.69464546852,-2.34125712459
Jintao,11,1.01014174749,-1.684797924,-2.99666144047
Jintao,12,0.791951001823,-1.01485159539,-2.919317237
Jintao,13,1.81944600932,-0.890272191113,-2.75401994822
Jintao,14,1.54100964304,-1.51860956127,-1.68823015911
Jintao,15,2.05955642621,-1.94481810875,-1.47316316819
Maoyuan,1,1.87780322187,-2.35096483737,-2.14674593512
Coelho,1,1.57953769432,1.20955322812,-1.54760899099
Espinoza,1,0.386029907011,0.581073650626,-1.39870453104
Wan-ting,1,-0.645575768914,-0.849061645715,-1.99468267998
Sen,1,1.16276898004,0.122393356103,-1.32666874046
Sen,2,1.67656902902,-0.81499302057,-1.13805734726
Sen,3,1.2891011499,-0.557726367162,-1.34067972549
Sen,4,1.11778458518,-0.542543792003,-2.33551809547
Bates,1,0.724360485917,1.10484660898,-1.63128267207
Kemper,1,0.0922361271089,0.641956743877,-2.18268895028
Zebari,1,2.01211671144,-0.885005539131,-2.19391590992
Mohammed,Amin,1,-1.18135359794,-0.243598300671
Malik,1,1.38751835784,-0.0468906596163,-1.67900443363
Mandala,Putra,1,0.488805333727,-1.06652792874
Doo-yun,1,0.826712484883,-0.903001903987,-1.61398145363
Anderson,1,0.820261124414,0.906888003669,-1.27298907695
Duncan,Smith,1,-1.09712557034,0.647914108367
Duncan,Smith,2,-1.20885025862,0.100194085984
Duncan,Smith,3,-0.545844356593,0.811511187487
Duncan,Smith,4,-1.22618749318,0.575744311591
Richmond,1,0.0706524344161,1.67310726199,-1.95859875061
Campbell,1,1.29022392737,-0.459252448531,-1.03994507538
Gillan,1,0.824469389067,0.73854785678,-1.76565692025
Huntley,1,0.780776217884,0.207453556566,-1.12399127408
Knop,1,0.250999869901,0.268702660791,-0.995966257096
McKellen,1,1.11020272156,-0.0570759891895,-1.28108497973
McKellen,2,0.939540812857,0.985151161966,-3.00868788036
McKellen,3,1.57078806943,1.11053206117,-2.02922146202
Moran,1,0.457175712042,0.414815363008,-1.95742732221
Smith,1,0.253580821492,1.36092472235,-1.47008411958
Thorpe,1,1.0700158455,0.869206536954,-1.37340484272
Thorpe,2,-0.112076882436,1.18300672293,-1.26095764937
Thorpe,3,1.00032380048,0.716758517525,-1.89348889437
Thorpe,4,0.276185182226,1.20238288871,-2.11831952436
Thorpe,5,0.431564750387,0.78096783851,-2.18082808115
Thorpe,6,0.96722155868,0.80790194509,-2.53687109026
Thorpe,7,1.28809795353,0.837301100054,-1.32666121939
Thorpe,8,1.14900797211,0.41648710273,-1.1042173848
Thorpe,9,1.07785780995,0.957222947412,-1.25320191792
Thorpe,10,1.38905636887,0.728938365467,-2.60218474563
Wilmut,1,0.855383206494,1.65389450081,-1.51805285727
Mayo,1,0.718554827887,1.21469423326,-1.78581742266
Mayo,2,-0.137058287672,0.798851413921,-1.41088763774
Al-Marashi,1,2.38529118686,0.54376017587,-2.91428139702
Haddad,1,0.71484440064,0.983668699422,-2.50460469473
Hilal,1,1.60414053537,-0.512338894075,-1.67815916804
Jaafari,1,2.77807299866,0.538638844622,-1.27735316278
Jaafari,2,2.15916267857,0.119765101985,-1.70495804077
Rugova,1,1.38893388768,1.25275958473,-1.05881057314
Amin,1,-0.0924083590413,-1.48166908505,-0.633195530193
Antonio,Velasco,1,-0.662544046558,0.215799695223
Wang,1,0.78182809996,-0.733547236331,-1.43740161374
Ivanov,1,0.840192865491,1.01668615163,-0.956477709374
Ivanov,2,1.64277771786,0.879477681977,-1.38612194273
Ivanov,3,1.6241467734,0.96149427788,-1.89438211198
Ivanov,4,1.76519308533,1.22521344479,-1.0377680104
Ivanov,5,0.626218954897,0.248906880671,-2.31114918831
Ivanov,6,0.0295518843381,1.01867267893,-1.67683388151
Ivanov,8,0.985733543356,0.721995463044,-1.85498291283
Ivanov,9,2.44786687994,1.16369641403,-2.21184825456
Ivanov,10,0.839719160439,0.571211640219,-1.4084583235
Ivanov,11,1.23120040659,1.18043469982,-1.83862908403
Ivanov,12,1.51062547863,0.601498822732,-2.94563627392
Ivanov,13,1.19669602141,0.0106352936556,-0.934759468111
Ivanov,14,1.76884469516,0.298812693603,-0.496861815688
Ivanov,15,1.89863914148,0.917032815054,-1.3637308483
Ivanov,16,1.87155037036,0.62914537199,-2.89516643907
Ivanov,17,1.86339889961,1.02077303663,-1.9209813161
Ivanov,18,0.931254385835,1.21585756096,-1.98023657277
Ivanov,19,1.55988511972,0.895807722743,-2.51684972086
Ivanov,20,1.17899326407,1.28151224836,-3.01189200163
Trunov,1,1.94366273255,0.719395752396,-2.62830007359
Goldfajn,1,0.412092326179,0.351178780599,-1.53632996875
Ramon,1,1.23404384203,1.82695048788,-2.36582281087
Ramon,2,1.94750212205,2.08016605464,-2.42473016325
Ramon,3,0.463834225895,0.99271747166,-1.36958867355
Aliev,1,1.89718615473,-0.464629704045,-1.76898851104
Nastase,1,0.649131186822,1.1517445895,-0.885001892079
Khadduri,1,1.73269791692,0.783698399158,-1.64921698632
Moustapha,1,1.82030715349,0.899223827904,-1.77722328034
Moustapha,2,1.44597932513,-0.0216804690559,-1.98622748931
Samudra,1,0.879202984896,-1.19527666449,-1.45008437174
Marcos,1,-1.22703603315,-0.831643243155,-1.27238483755
Khan,1,2.4047831962,0.95232375381,-1.37244350493
Kertasz,1,0.655264040331,2.20657931,-2.36049908458
1,1.41616839708,-0.627549307967,-1.30475235732,-1.97514290129
2,0.870384038412,-1.75241537497,-1.60139586726,-2.3150981691
Cristina,1,-0.937753250748,0.462106234223,-2.81900680031
Hall,1,-2.45781580336,0.870516246194,-2.72940427468
Betancourt,1,-1.33175273189,-1.09442121737,-1.34290541542
Arias,1,1.03901088102,0.598206444539,-1.59025581202
Arias,2,0.984377965223,-0.362511540279,-1.93858610007
Ajouri,1,-2.35275530089,-1.36250137107,-2.75218484671
Ajouri,2,-1.41355434868,-0.737144495909,-0.895736474913
Ajouri,3,-1.05249733848,-0.972541062895,-1.54076682548
Iliescu,1,1.45360991123,-0.109622196717,-0.236359574846
Tiriac,1,1.28325579013,0.860377452575,-1.64123419655
Einhorn,1,0.470138360709,0.926336895703,-1.3817642936
Brown,1,-0.683853557744,-0.739601910913,-1.44652017025
Kahn,1,-0.560592956506,-0.912751385535,-2.88585875755
Ahmed,1,1.67855094603,-0.627949066237,-2.61503219164
Framtsova,1,-0.188161902001,0.715927488679,-2.76760670785
Lobacheva,1,-0.476203847854,0.904506204213,-2.87379392894
Yatchenko,1,-0.234243811938,-0.204879028281,-3.08080806258
Nathan,1,1.09513235298,0.102496624768,-0.925008776563
Fadzi,Idris,1,0.613054124798,-1.90778154948
Moraes,1,-0.219238546541,1.24012452962,-1.37831837428
Rossellini,1,-0.260954591229,0.652610449102,-2.68671627592
Rossellini,2,-0.0521563778047,0.987194832727,-2.26547431377
Rossellini,3,-0.799117212545,0.942640649447,-2.39711053056
Huppert,1,-0.887857572122,0.722215383416,-2.64833751843
Huppert,2,-0.618501945826,0.770074202866,-3.21270560934
Orellana,1,-0.0899035523778,-0.271502959798,-0.735468606211
Washington,1,0.82483315817,-1.23102555958,0.812718901046
Washington,2,1.05902842337,-1.74966896405,-0.0315704501128
Shahryar,1,0.762695502747,0.969513765963,-1.77009972743
Shahryar,2,0.821923552604,1.05839063608,-1.83653363303
Pastor,1,0.423487039218,1.10492499573,-1.50116889988
Karimov,1,2.69664757466,-1.4122201644,-0.658831354736
Miranda,1,1.1419775755,-0.298152429072,-0.92982909513
Abu,Shanab,1,-1.48193293555,0.289523838015
Cem,1,-0.187859485215,1.30012116772,-1.95174743013
Khan,1,1.74520352096,0.525563914058,-2.04837851174
Merchant,1,1.76610996822,0.212706254757,-2.01398569637
Merchant,2,1.80167141248,-0.637737489869,-2.32946934558
Franco,1,0.634035880832,0.729251737104,-0.908463358593
Perlman,1,0.616335936469,0.62713729012,-1.43132751337
Majoli,1,0.970875829871,1.21650760263,-1.83068856939
Majoli,2,0.478223065695,1.49042000157,-2.66464582878
Trump,1,-0.859022663705,2.68890358086,-2.00442343507
Helguera,1,0.760458176072,-0.447788457418,-1.24643437948
Lee,1,1.63808780264,-2.594905146,2.20237153719
Shvedoff,1,0.368447203704,1.3202530795,-1.9560414064
Stambolic,1,0.961557296427,1.25108542129,-1.26282832379
Benesova,1,0.463380809542,1.81398478481,-2.82284608193
Dubs,1,0.133671160039,1.57210810813,-2.81642812129
Ibrahim,1,1.31441032146,1.49492882425,-1.61601554659
de,Hoop,Scheffer,1.07295625001,-1.64619050273
Goodman,1,-0.440146451422,1.51764000987,-2.47830958484
Grubman,1,1.23193483075,0.639558873258,-3.14039032161
Grubman,2,0.700937853866,1.49640403141,-2.57110726208
Chan,1,1.49144780411,-1.40135109759,-1.6649548717
Chan,2,2.36606722441,-1.13113187823,-0.673175192454
Chan,3,2.10125769434,-0.837114699113,-1.78270488394
Chan,4,2.27695754034,-0.497949828672,-2.43240713831
Chan,5,1.65208218358,-1.12085404245,-3.1835036078
Chan,6,0.0706758871527,0.0942471393754,-1.31480691319
Chan,7,-0.00947388405392,-1.36291782722,-0.708756887515
Chan,8,1.34071982782,-1.75661289116,-2.54685628699
Chan,9,0.911577335427,-1.49602495022,-0.95162279523
Chan,10,1.75382563404,-1.18590880328,-0.568953369644
Chan,11,1.15221427086,0.423124496244,-1.72244907795
Chan,12,0.935169913901,-1.00327472615,-1.12943612649
Chan,13,1.8657018564,-0.257721978191,-1.4423637527
Dennis,1,0.1537378144,-0.36106755914,-0.405609049316
Sherrill,1,1.55942651774,1.60466144851,-2.52386296594
Knowlton,1,1.11111179281,0.88178151054,-2.37141012378
LaLanne,1,0.247666472994,0.216660712097,-0.603131994836
Nicholson,1,0.334861549541,0.615623236713,-1.94171414296
Nicholson,2,0.748507196354,1.33045997148,-2.09463028456
Nicholson,3,0.881312429172,1.16964117294,-0.841467307498
Osbourne,1,0.105122165154,0.225477670799,-1.60257815063
Smith,1,1.28815404003,1.19643552339,-2.61878392938
Straw,1,1.8068803967,-0.251767952289,-1.72656107687
Straw,2,1.60097315645,0.423910129934,-2.37701564438
Straw,3,1.44594785046,0.605500835641,-2.31231303916
Straw,4,0.543613200145,1.94113136668,-0.810118600247
Straw,5,1.86944998175,1.34114508426,-1.07372711738
Straw,6,1.29411679157,0.286321286176,-0.370102458128
Straw,7,0.962245302257,1.02607164459,-0.370200947039
Straw,8,1.18712632442,1.76400111964,-0.493971158657
Straw,9,1.81027151183,1.09681244031,-1.42935583328
Straw,10,1.43688697746,1.09238147363,-1.21791480346
Straw,11,1.10821990367,0.901829206315,-0.893651611363
Straw,12,1.73274233842,0.832150634241,-2.50712926883
Straw,13,1.1253858027,0.725192714384,-1.6473735375
Straw,14,1.07906172439,1.58025462119,-2.24723947553
Straw,15,1.27880406453,1.43902747607,-1.25720816985
Straw,16,2.00718487242,1.40095191729,-1.69037995721
Straw,17,1.77974618441,0.337471567771,-1.24871527555
Straw,18,1.81957702474,0.95865721526,-1.19514532165
Straw,19,1.97720701671,1.62935861241,-1.80143117844
Straw,20,1.84281344662,2.13407784207,-1.67599784767
Straw,21,0.906756490817,0.597777640092,-0.942739296109
Straw,22,1.93670616157,1.67577940011,-1.80123192289
Straw,23,1.30608319119,1.05930735788,-1.20075889112
Straw,24,2.27559144497,1.55189744639,-1.46340206833
Straw,25,1.58151170093,1.70842247862,-2.0522342405
Straw,26,1.79726767081,2.48974233613,-1.44466201741
Straw,27,1.40253008099,1.34889396116,-2.1879576154
Straw,28,1.79442093311,1.52283797364,-1.83072564996
Valenti,1,0.714802492921,-0.40613196235,-1.42610352772
Welch,1,0.808032221183,1.95997040579,-1.71996837098
Cheung,1,1.43782257269,-0.87383659779,-1.75260176031
Frenkel,1,2.0984590511,0.591539831495,-0.677267841422
Edwards,1,0.933283950471,-0.708606656495,0.630761421003
Gold,1,-1.69980023942,0.805416937829,-1.27906681669
Marris,1,-0.907404565266,-0.428367205993,-0.996817998302
Obradors,1,-2.82378524747,0.308092452068,-2.58872148799
Obradors,2,-1.46990969572,0.234389181793,-2.36274214891
Chirac,1,1.10331782875,1.27284769496,-2.64284508485
Chirac,2,0.794691573862,1.2528163648,-1.48010867884
Chirac,3,1.19782359373,1.85062607512,-0.786623069129
Chirac,4,1.07750439279,0.388950465577,-1.30551806555
Chirac,5,1.98890624814,0.943796810477,-2.19088508801
Chirac,7,1.14696961131,0.68464150044,-2.11909648978
Chirac,8,1.48315422441,1.66654236725,-1.96014464895
Chirac,9,-0.0902464344235,1.34488236166,-2.67536156022
Chirac,11,1.85401067091,0.336525705119,-2.33027841965
Chirac,12,1.00237032257,0.192215971524,-1.79689434411
Chirac,13,2.06659410794,0.731133031916,-1.82165492737
Chirac,14,1.99065873888,1.13389476817,-2.20708904893
Chirac,15,1.62979053152,-0.544298971769,-0.903904449877
Chirac,16,2.02127352547,0.843956774996,-2.47033038192
Chirac,17,1.09189620895,-0.411163352857,-1.32777048281
Chirac,18,1.60227580557,0.29452582277,-1.46099620341
Chirac,19,1.67096523054,1.63172525103,-1.78817313076
Chirac,20,2.0497630975,0.801696601598,-1.28055351978
Chirac,21,1.74958519487,0.354993706426,0.25395220376
Chirac,22,1.73809908028,0.909292542346,-2.13035822929
Chirac,23,1.5259301717,1.00688707587,-1.89934157651
Chirac,24,1.76955337852,0.638150089257,-1.7025471581
Chirac,25,1.66477630537,0.393401361875,-0.742757658331
Chirac,26,0.536274314085,0.832797947349,-2.40205334084
Chirac,27,0.828004781162,1.13760116068,-1.72190647449
Chirac,28,1.02449597998,0.759593315091,-1.83817202123
Chirac,29,1.07078745852,1.15957346793,-1.81688725357
Chirac,30,1.21704695296,1.41103475238,-1.20598004278
Chirac,31,0.5710100678,1.39904745358,-1.44116258009
Chirac,32,1.25442456625,-0.263242076168,-0.633135854009
Chirac,33,1.03885369243,1.24078170258,-1.77036887614
Chirac,34,0.567245689906,0.707941635882,-2.19207570616
Chirac,35,1.45912686689,1.20783102379,-1.72112208023
Chirac,36,1.51976384196,0.63370672566,-2.33968092531
Chirac,37,1.26592611482,0.0519847446636,-2.6745213213
Chirac,38,1.62745915696,1.38459739366,-2.02330143074
Chirac,39,1.86004922124,0.80876604301,-2.20298155773
Chirac,40,1.11392166749,0.323018983004,-1.93994519044
Chirac,41,1.75472100811,0.639976535854,-0.82781301658
Chirac,42,0.784075279888,0.786948917762,-2.72218720143
Chirac,43,0.208269209997,1.35706125468,-3.59411293162
Chirac,44,0.107395415797,0.731711312041,-0.430656580878
Chirac,45,1.81666564686,1.79615504481,-2.67765639957
Chirac,46,1.40072703152,0.801899795634,-2.45025931283
Chirac,47,0.56942817787,0.96144911957,-1.50654225444
Chirac,48,0.0973745221978,-0.276759682108,-1.02535827393
Chirac,49,1.51343506772,1.15849214707,-2.69448179156
Chirac,50,1.98870672826,0.916885446607,-2.25674418091
Chirac,51,1.09717741408,0.643312138455,-2.12713081973
Chirac,52,1.06423951488,0.414701182819,-1.5515233607
Kallis,1,0.748162304055,0.440212924529,-1.60026492841
Rogge,1,2.26684926219,1.64986106771,-2.32184314187
Rogge,2,2.79297556039,0.305453228587,-1.21314977534
Rogge,3,1.47057734489,1.50193069883,-2.90396979787
Rogge,4,1.85557381864,1.88270070368,-1.88292629168
Rogge,5,1.13172780949,1.73236465773,-1.07568988032
Rogge,6,2.54138952182,1.46445090884,-2.12298697101
Rogge,7,3.41471283517,1.06781200301,-2.95040955277
Rogge,8,1.69371152093,0.858245887725,-2.36749367125
Rogge,9,2.09553829134,0.880602252614,-2.24824463524
Rogge,10,1.7857840685,1.01943369673,-1.80139678972
Villeneuve,1,0.97695730124,0.808681245744,-1.54434902701
Pinkett,Smith,1,-2.08222889204,-0.899623733359
Pinkett,Smith,2,-0.48248655099,-1.71856125657
Jagger,1,-1.27392269467,0.914530661665,-1.20082678991
Umar,Thalib,1,-1.21249240735,-0.838990036113
Orti,1,2.47886879519,0.691728309657,-2.21712271282
Pressly,1,-2.65703843719,1.55103361837,-1.53538500368
Brace,1,1.07781039912,1.05178937618,-0.712610886676
Gyllenhaal,1,1.28950976916,0.997451224198,-2.46966279662
Gyllenhaal,3,1.4257345156,1.4797608951,-2.6862310325
Gyllenhaal,4,0.816309395905,0.392669927332,-1.77051689206
Gyllenhaal,5,1.73033567411,0.824945277173,-2.1437820745
Plummer,1,1.64251150938,1.3686370193,-0.72835487893
Kellenberger,1,0.793132355064,0.496914625761,-1.04519330786
Talabani,1,1.12325255022,0.548534900801,-1.05708995432
Rose,1,1.91576763809,-1.47916686219,-0.0981263880411
Baker,1,0.261612718453,2.26630369671,-1.64664028607
Ballenger,1,1.46783197619,1.19645086978,-2.52706486773
Barksdale,1,0.306847705575,1.05091794981,-2.27747006477
Becker,1,1.66245482847,0.691962499768,-1.71082557948
Blake,1,0.726324551478,0.15919448361,-1.86505335855
Blake,2,0.379456565049,0.258804878413,-1.54889718785
Blake,3,0.91182987124,-0.831864596678,-1.34764838249
Blake,4,0.271105544925,-0.247858779125,-1.05394027115
Blake,5,0.918135195865,-0.82684845743,-1.32126598735
Blake,6,0.538652298071,-1.0241603036,-0.915583726959
Blake,7,0.705734459627,-0.305676113828,-1.95580231818
Blake,8,0.210419608796,-0.608806756422,-1.36177334502
Blake,9,0.171680498525,-0.386406374542,-1.33531046481
Blake,10,0.930426629804,0.130773464861,-0.383527384216
Blake,11,0.219643676875,-0.743312312626,-1.05546340659
Blake,12,0.0411044494497,-0.362541584989,-1.766832068
Blake,13,0.94957238165,0.946352262395,-1.8371689503
Blake,14,0.78959860903,-0.297276738936,-1.63545143756
Brazelton,1,1.18050681655,-0.0779615796845,-1.30204214842
Brosnahan,1,1.19065886865,1.91350086937,-1.04411532001
Brown,1,0.0928807269224,-2.19712727314,0.76777867667
Butts,1,1.36622925878,-0.624132600825,-0.495552713579
Butts,2,1.19911277611,-1.34197426728,0.340427242649
Caan,1,0.844436705079,2.57740457264,-2.38765420662
Caan,2,1.52347671408,1.82451110407,-2.57230188936
Caan,3,1.97875406504,1.10555735159,-1.19580603043
Cameron,1,0.617251919042,0.417354399918,-2.12273664962
Cameron,2,0.215611524712,1.05900852156,-2.5375501259
Cameron,3,1.25947690084,1.17049419833,-2.13740245892
Carville,1,0.827225709907,1.15926270485,-1.7007531447
Coburn,1,1.12784468999,0.035116334167,-1.10886637104
Collinson,1,0.414655054802,0.921727646749,-1.42143428303
Comey,1,1.15159413022,-0.104450612739,-1.51760815673
Coviello,1,1.01982074566,2.19443698358,-1.03043677217
Cunningham,1,1.52545086827,1.50506962408,-2.33136149565
Cunningham,2,1.54976818721,0.636889148186,-1.42984196522
Cunningham,3,0.915834177953,1.4157362995,-2.96604554514
Dingemans,1,1.84461030094,1.44007439129,-1.1276388795
Franco,1,1.51774049901,1.31962057416,-2.23600411885
Franco,2,0.915848451566,0.343245588745,-2.98062598257
Gandolfini,1,0.637361485717,1.86208692506,-2.07484039895
Gandolfini,2,0.367726873339,0.410627646039,-1.33704920593
Gandolfini,3,1.38918964518,0.197900880411,-1.49753990332
Gibson,1,1.8935521111,1.26319360375,-1.86611490139
Hakett,1,1.89739456168,1.40792867481,-1.20877396193
Hallock,1,1.12635657265,1.08178702859,-1.53302713353
Harris,1,1.16839322959,-1.10935788113,-0.486175271597
Hill,1,1.45454127384,1.35797851735,-2.61190590665
Hoffa,1,1.63370705197,1.23031815256,-2.43930738583
Hughes,1,0.528980508336,1.18550885193,-2.41217789857
Ivory,1,0.0738093759089,1.14933621301,-1.30743418088
Ivory,2,-0.201246915835,1.07549473274,-2.23432343778
Jones,1,-0.110851834841,1.31396666053,-1.44619189904
Jones,2,0.862589660268,1.76491191495,-2.85196398298
Kelly,1,0.784950171811,2.07774624962,-1.15689285696
Kelly,3,1.11190654182,1.36704610219,-3.13210148651
Kelly,4,0.920272900727,1.01442191578,-2.0135568186
Kelly,5,1.11336098842,2.08124907874,-0.978426354409
Kelly,6,1.28184385669,1.49710521465,-1.79714005509
Kelly,7,1.32338746208,1.01326456141,-1.50773063448
Kelly,8,1.21226451369,1.04449428243,-2.12738830275
Kelly,9,0.887454520291,1.5069174334,-0.982710092842
Kelly,10,1.6327823191,0.921907245717,-1.73463883735
Kelly,11,1.44167870853,1.56297045379,-1.40500799383
Kirtley,1,0.798152518186,1.84095454303,-2.58224578146
Kopp,1,0.0923320664956,0.825420892965,-1.69179690374
Kopp,2,-0.258909013026,0.428385461146,-2.50541576416
Kopp,3,0.301170538569,1.55262333396,-2.8608485617
Kopp,4,-0.476978080819,0.768712906658,0.00628506699495
Layug,1,0.653937209656,-1.99541801918,-1.0079776785
Lockhart,1,2.01031923108,0.149601151881,-0.968278900656
Maguire,1,0.475100713265,1.79002270069,-1.958112432
Maguire,2,0.655422319211,1.21187140612,-1.38876531398
Mathis,1,1.86185726748,-1.9059524796,1.66033106642
May,1,1.44044280335,0.0890291520432,-1.56622176931
McGreevey,1,1.56780427004,-0.336318250162,-0.766034196258
McGreevey,3,0.524525173053,1.02777405139,-1.70829469931
McGreevey,4,1.21155729453,0.28757939213,-1.25391270577
McMahon,1,0.911471270074,0.603540599853,-1.57078570725
McPherson,1,1.87344672135,0.744534614908,-1.05986146745
Meeks,1,1.73628062195,-1.30548468995,1.2850487315
Meredeth,1,0.863045102965,-1.47738751323,0.755740835905
Morris,1,0.921588389943,1.73234988493,-1.53460395131
Morris,2,1.1879456339,2.17632104617,-1.64992971699
Murdoch,1,1.0388157223,1.34708038115,-2.34347426325
Parker,1,0.973038501153,0.0961524537409,-0.994022292994
Parker,2,1.56454575611,0.0598479096823,-1.8956408557
Phelps,1,0.0411718233043,2.20044421022,-2.70426478858
Roberts,1,0.443753826164,2.57710115604,-1.78274825029
Robertson,Jr,1,-0.498973006665,0.603048019927
Schultz,1,0.985745995147,0.0940610441215,-0.147235295096
Schultz,2,0.790620873297,0.279153534222,-1.48352166299
Sensenbrenner,1,0.298942596807,1.46964982137,-1.9017410328
Smith,1,0.329412607666,1.85032504106,-1.18288777605
Smith,2,0.542153291073,2.20044180221,-2.31198101187
Spalding,1,1.40692289327,1.48332918954,-2.33664186447
Traficant,1,1.3433433687,1.13480798084,-1.43992300327
Traficant,2,1.95069274812,0.596312959642,-1.34854223963
Traficant,3,2.18992292472,1.82121833662,-1.79521429239
Wallack,1,0.716941581443,1.12292334388,-2.28226926493
Wattana,1,1.04481107987,-0.0301995419251,-2.36499705315
Watt,1,0.613275222498,-0.0863074590793,-0.875398631042
Williams,1,0.14458819544,2.14901229412,-3.01805482535
W,Kennedy,1,-1.85115029737,1.31609227558
Wolfensohn,1,1.14101441275,1.41476228901,-2.427742492
Wolfensohn,2,0.902388109044,1.07337259042,-1.8875670273
Wolfensohn,3,1.22322319641,0.791728106107,-2.14457650737
Wolfensohn,4,0.691694333973,0.437565676535,-2.38267752945
Wolfensohn,5,0.606529819242,0.694344012325,-2.10035827973
Young,1,0.978046062504,1.08496596316,-1.99709803835
Carey,1,-0.141061155858,0.354629519058,-1.76783166299
Cooke,1,0.781184268682,1.90085089457,-3.00607546674
Dimon,1,0.269312279291,-0.278079204079,-2.06597926222
Kellner,1,0.936511123139,1.72652603481,-2.43909409173
King,1,-1.57438265374,0.730099847613,-1.37711559219
Lee,Curtis,1,-1.30608956433,0.741917492652
Martin,1,0.48827069826,0.657912860735,-2.07880134014
Olis,1,1.12986817088,-1.59462438813,-1.81363973976
Villafane,1,1.12796483324,1.60099398626,-2.56580369393
Villafane,2,0.92776446618,1.50676731913,-2.97297312474
Miller,1,2.29778978424,-2.02526521266,1.38547134235
Norgay,1,0.440616647319,-0.80048251955,-1.46013290939
Norgay,2,-0.30652670621,-1.25647894059,-2.41202260971
Henke,1,0.481714356685,1.2549445544,-0.569094661967
Pittman,1,-0.420604852273,1.23699522569,-1.86456231083
Bjoerklund,1,0.141613002918,1.11915340506,-2.32074989946
De,Bont,1,-0.980896487837,0.815172112121
Clayson,1,-1.25208606668,0.885399693106,-2.11293517141
Fonda,1,-1.00628330836,1.04646689905,-1.25020353246
Kaczmarek,1,-1.6743392911,0.866786677283,-1.41529958385
Kaczmarek,2,-1.83364207162,-0.237772606557,-0.961709848398
Krakowski,1,-1.42886225038,1.08518480857,-0.213964001033
Jara,1,-0.413314900857,-0.283963186919,-2.50438422363
Leeves,1,-1.45783006817,0.684895864388,-3.64364464129
Menelaus,1,-1.86633605014,1.3659536948,-2.68205432979
Pauley,1,-2.0347831646,1.26215284708,-2.665181756
Pauley,2,-2.67341215455,1.5772014975,-2.24963325864
Riley,1,-0.430566671215,0.94344414606,-1.30147013811
Rooney,1,-0.699666638548,0.749452037316,-0.965148015553
Russell,1,-0.152923686021,0.670924150051,-1.43274571691
Chandler,1,-0.648833170954,0.0514616253017,-1.01888019536
Crawford,1,-0.971146088744,-0.7645882962,-0.872185036369
Ecker,1,-1.08183848108,1.54572237831,-3.3743119579
Horvath,1,0.106450464363,0.850964679102,-0.740158432995
Leigh,1,-1.1768007405,2.20567727758,-2.58279747372
Napolitano,1,-0.55797157508,0.426048309735,-3.42558250587
Napolitano,2,-0.907876300764,-0.0899243305633,-2.6950475223
Napolitano,3,-0.655567211958,1.16437147462,-2.40726534806
Napolitano,4,-0.256707125529,0.531131410102,-2.53517776487
Husarova,1,0.585771936403,0.0113165094541,-1.46857768962
Thorpe,1,-0.337489538975,1.17382547361,-2.16116056678
Thorpe,2,0.159795133629,0.363543611962,-0.585110055235
Walker,Wood,1,-1.68288623564,1.93308937583
Drnovsek,1,1.03654563735,0.827937053196,-0.708713689248
Kostelic,1,-0.190160919194,0.275909275905,-3.36556250479
Kostelic,2,-0.652124431178,2.02019915349,-0.921868140798
Abreu,1,-0.435383958615,1.6412543799,-2.07584988577
Goldfinger,1,-0.311706652681,0.897053103764,-2.27161505
Pietsch,1,-1.11004761197,0.664473732656,-1.76871115568
Ruth,Coulter,1,-1.96707717828,2.01817029881
Gambill,1,1.12748476466,1.19837503118,-1.80529763956
Gambill,2,0.178255913071,1.30168141601,-1.79447929085
Gambill,3,1.91465614995,1.48163356429,-1.69040639416
Paul,Miller,1,-1.70187268752,0.286426029616
Peter,Balkenende,1,-1.5117602107,0.791277077858
Petersen,1,1.58417962743,0.177363585178,-2.09751868391
Pronk,1,1.29174208398,0.0499067008395,-1.38033044101
Ullrich,1,1.68496231318,1.634125241,-1.50930083643
Ullrich,2,1.40376470152,1.61444910753,-2.4960231469
Ullrich,3,1.35134827473,1.21516624628,-1.83052371711
Ullrich,4,0.688830607178,0.375332279961,-2.80279318654
Ullrich,5,0.0938911225292,-1.62767926577,-2.18392823773
Ullrich,6,0.998106066453,1.2025397717,-1.29204609581
Kaminski,1,2.76743458923,-0.050585884545,-1.73854410595
van,Breda,Kolff,1.96594209326,-1.19448313591
Gharib,1,0.77783381008,-0.27698815946,-0.0195132261736
Godoy,1,-0.700666242743,-0.446346523375,-0.480547153127
Jagr,1,1.78468070445,2.42017943003,-3.23463615319
Alexander,1,1.79260554729,1.73218655244,-3.39761670995
Alexander,2,0.944914570821,0.645922605898,-2.54263794617
Bentley,1,1.92446426291,0.817641732772,-1.42437063423
Biggs,1,0.529260418115,0.567604606086,-3.321737442
Campbell,1,1.51342372762,-2.0082290877,-0.806274107357
Clermont,1,0.872206209637,1.41637153504,-2.31856879643
Gardner,1,0.471621437943,-0.880516166051,-0.722678504464
Jennings,1,1.17602433988,2.04898158842,-2.50494577896
Jennings,2,1.08756589475,1.99264780279,-2.57945944202
Kapono,1,1.2265112366,-1.0055209526,-0.679915577204
Keep,1,0.525232559955,1.61882588335,-1.70516902805
Kidd,1,1.21214480379,0.992866687993,-1.0435711904
Kidd,2,1.04390467243,1.3059097749,-1.27450234989
Kidd,3,1.62879080017,1.57860996568,-0.570086742313
Kidd,4,1.41205632552,0.630883986751,-1.48869698132
Kidd,5,0.94278539001,0.138976651025,-0.727036726884
Kidd,6,0.58010561011,0.826575144131,-1.13854219377
Kidd,7,0.588430756057,0.346718264593,-0.422469634636
Kidd,8,1.18412595773,0.894933923302,-0.748179291777
Kidd,9,1.68387932622,0.473315592828,-0.409703484462
Kidd,10,0.427352687276,-0.101398932507,-0.559998422465
Lezak,1,1.18699369577,1.37807650828,-1.33055933431
Lezak,2,0.526660196874,2.10100415013,-0.649116293665
Mewes,1,0.00368947291995,1.84897563472,-2.47495235001
Petty,1,1.79655410954,0.826397254425,-2.12248769756
Priestley,1,0.946580148135,0.612517035355,-1.85179566626
Sehorn,1,1.65160805729,0.22602279797,-1.41793275776
Sorens,1,1.0454126532,-0.161182187044,-2.90717107138
Statham,1,1.01126001088,0.781354180035,-2.36085910372
Vale,1,2.67337271968,0.86383220965,-1.12621934648
White,1,0.84881644702,0.766743384372,-1.77457062025
Bardem,1,1.49157127853,0.197770805277,-2.42979068594
Camara,1,1.68673500165,0.71518102764,-2.11038211626
Delgado,1,1.28194001983,1.20806803137,-1.66661630237
Saviola,1,0.989382337752,0.400202042695,-1.93847316981
Solana,1,2.20199624454,0.17922106877,-1.67122337998
Solana,2,1.54527267098,0.843403698944,-1.36965178634
Solana,3,2.05352447054,0.192605589286,-1.84367015878
Solana,4,1.3820346061,0.498986876964,-1.8043491702
Solana,5,1.92060720762,1.41880775483,-2.00759753876
Solana,6,1.51871267547,-0.0940094013383,-2.76495649183
Solana,7,0.772169752246,0.788122924257,-0.67432523892
Solana,8,2.43320125844,1.1763160195,-2.83284730651
Solana,9,1.17843944038,0.503273127252,-1.84648380707
Solana,10,1.99081000885,0.369431725414,-2.44372610358
Vargas,1,0.771322874052,0.257791272033,-1.96194561291
Vazquez,1,0.979362601727,-0.0324164771639,-1.05904318751
Weber,1,1.04799170219,0.602351547577,-1.43111047429
Weber,2,1.16223704579,0.53649088083,-1.99356084023
Weber,3,1.15845451269,-0.129410691636,-2.56685608902
Zanetti,1,0.859498017885,-0.0706183591015,-0.908388112159
Boulus,1,1.85348943186,-0.462258929069,-2.57752569124
Garner,1,0.895588120841,-0.415589668182,-1.79729030371
Garner,2,0.67318686257,0.836825321245,-1.24476757416
Garner,3,1.33572449016,-0.0955689975482,-0.377584871785
Garner,4,1.14725541016,1.40717209668,-1.17090210487
Garner,5,0.472385021609,1.15323451164,-0.449061275695
Garner,6,0.423003987052,0.608612247024,-1.43108086842
Leno,1,1.09547552903,0.0211198269119,-2.0932940947
Leno,2,1.27804203998,0.329290208214,-2.27568317471
Leno,3,0.503803153113,-0.0515810427513,-1.91420070039
Crabb,1,1.35338996405,0.681102479599,-1.37206794545
Yarris,1,0.531300884218,1.35066881588,-2.11409387667
Rasulo,1,1.51377363496,0.796515610246,-1.51260239283
Rasulo,2,0.653961381651,0.57198506143,-2.08412937457
Williams,1,1.39310337223,-0.0390562685978,-0.837802708921
Williams,2,1.67085910816,-0.690541792137,-1.97536899747
Williams,3,1.62799607957,-0.380385539732,-0.524449469058
Chasez,1,1.13860977452,1.07086358722,-3.13386759736
Brumley,1,-1.18163990136,1.24466232418,-4.14324011177
Brumley,2,-1.00750810151,0.872670367741,-2.67788619255
Carnahan,1,-0.736863194649,0.61826818211,-2.21521542891
Carnahan,2,-1.20994291745,1.49790125806,-2.81160456888
Charest,1,1.09166754675,1.64221090043,-1.24767228711
Charest,2,0.0698465196064,1.20903711067,-0.885724506752
Charest,3,0.0667957450082,2.21882352416,-2.16949358073
Charest,5,0.889222246492,1.31288432825,-1.81506869426
Charest,6,-0.331960202767,1.19474587172,-1.40334953635
Charest,7,1.59620004666,0.888757198382,-0.801534974401
Charest,8,1.78950092946,1.54606934405,-2.07739278126
Charest,9,0.844426872584,1.36837192982,-2.77745627203
Charest,10,0.917926201768,1.15511375021,-1.16803545393
Charest,11,0.943128947882,2.30635633038,-2.20318911266
Charest,12,0.322000892154,2.00155689794,-2.16037152863
Charest,13,0.401259947242,0.985566649764,-1.2312690657
Charest,14,0.918290878059,1.98370188105,-1.83767093537
Charest,15,1.40892569196,1.40576390855,-1.6300582548
Charest,16,0.806866609307,1.3184206046,-1.82665336847
Charest,17,0.406288138357,2.5150667169,-2.90057914421
Chretien,1,1.43183688167,0.92476988855,-1.63392062475
Chretien,2,0.773092471088,0.25132096961,-1.01500654889
Chretien,3,1.67254455794,1.57595001345,-2.30881835383
Chretien,4,1.01301578144,0.407328874527,-2.01604591129
Chretien,5,0.776535831357,2.58460303067,-2.2633382717
Chretien,6,1.33154171719,0.442466884959,-2.47655684137
Chretien,7,-0.223293048204,0.190286104799,-1.46900607856
Chretien,8,1.35518821201,0.460507477952,-0.64434471468
Chretien,9,0.840326264601,1.07864004831,0.0686981643668
Chretien,10,1.45464788051,1.38320861974,-1.79132048229
Chretien,11,1.42714402514,1.27162937916,-1.80015010134
Chretien,12,0.978829216122,0.789983334705,-1.61968136078
Chretien,13,-0.0351191473583,0.775530770341,-1.90278530909
Chretien,14,1.59991893246,1.17558268507,-1.16337682124
Chretien,15,1.60074507588,1.52104421867,-2.06809875605
Chretien,16,0.547208120959,0.706965966733,-0.959783253627
Chretien,17,0.748783301764,1.33996360762,-1.31314143663
Chretien,18,2.65102710234,1.18750496642,-1.02262370076
Chretien,19,1.07820763508,0.954222586769,-1.00491686169
Chretien,20,1.50597810723,0.81464206015,-1.42276543599
Chretien,21,1.49223195313,1.30839556858,-2.33543922399
Chretien,22,1.4720809986,0.937165855068,-1.86535991049
Chretien,23,0.913043315361,0.313759068112,-2.01797270144
Chretien,24,0.13069401115,0.409503371807,-0.795479910679
Chretien,25,0.380658761252,1.57620595451,-1.89663651741
Chretien,26,1.55737572548,0.668070461989,-1.80875474429
Chretien,27,0.902685777551,1.09754343075,-2.38169005217
Chretien,28,1.07245235892,1.49171321272,-1.72842677848
Chretien,29,1.56930238621,0.874628191724,-0.857739571485
Chretien,30,-0.74817783894,0.493654108225,-2.93546632971
Chretien,31,1.77075905005,-0.166236938513,-1.8077836405
Chretien,32,1.16351570019,0.51146740163,-0.318201302196
Chretien,33,1.65754964015,1.14641141662,-1.87690870281
Chretien,34,1.00878358021,0.495988045129,-2.00443983859
Chretien,35,0.751185974972,1.31220601623,-1.35994817725
Chretien,36,1.12027204317,-0.213941935632,-1.29184437267
Chretien,37,1.61193949361,0.148769625715,-1.09701193582
Chretien,38,0.806449156736,1.27435280258,-2.34366697994
Chretien,39,1.04872502446,0.661555578138,-2.45684082698
Chretien,40,1.00490303284,0.424491025917,-2.23750287142
Chretien,41,0.56447844551,0.125192181232,-1.59861868918
Chretien,42,1.29233664687,0.125969927755,-1.32584326689
Chretien,43,1.41218743138,0.597584381256,-1.72011612067
Chretien,44,0.710490076387,0.642941353118,-2.06126626295
Chretien,45,1.64882913591,1.3145666563,-2.07430705894
Chretien,46,1.57883171582,0.243523730344,-1.29538773428
Chretien,47,1.05120639315,-0.462779097629,-0.670773418286
Chretien,48,0.905648678207,0.516378504219,-1.32045947342
Chretien,49,1.89370278724,0.563385248813,-1.61980748995
Chretien,50,0.499693483803,2.07314422998,-1.83903092416
Chretien,51,1.6562014347,0.388837407368,-0.812121326064
Chretien,52,1.67341713693,0.625804990027,-1.5680365258
Chretien,53,0.416983221529,0.868050670199,-0.88807792537
Chretien,54,0.423641496237,1.64136510505,-1.67642028585
Chretien,55,0.737356160601,0.52209232423,-1.68278486236
Braquet,1,1.59735958332,0.261773041113,-1.67703899867
Braquet,2,1.19665539548,0.734471591355,-1.89754219816
Juncker,1,1.56654204641,1.66946398446,-0.927464353666
Juncker,2,1.7612021315,0.743083148745,-1.62726926459
Trichet,1,1.2769421597,0.588514601138,-1.04396557732
Trichet,2,1.52179279188,1.1096970497,-2.02217938837
Van,Damme,1,-0.621038680412,0.666645564822
Levitte,1,1.70208077658,0.28532146575,-2.09250332525
Levitte,2,1.34959775392,0.361091665133,-1.24571115741
Levitte,3,1.8646373862,0.807244663635,-1.88760596796
Levitte,4,1.65339783748,1.267461039,-0.596600755152
Levitte,5,1.91075808767,1.49906802018,-0.806456713976
Levitte,6,1.82933879053,1.23185661561,-2.49685947368
Levitte,7,0.970031843172,0.645165847879,-1.61869876296
Levitte,8,1.91768519688,1.75686933212,-2.18998062277
Levitte,9,2.26057811359,0.182948148011,-1.92521652558
Kirkpatrick,1,-0.302255174047,0.629145354224,-1.39227246908
Gray,1,-0.142197733251,0.0806230350389,-1.65604607723
Stauffer,1,0.13361095928,0.42873130287,-1.72658539034
Lemounier,1,1.85723494657,0.614507510508,-1.79221123651
Pontal,1,0.286682106009,-0.839613433592,-1.34383801807
Pontal,2,1.80921681316,1.01591409057,-1.88975123814
Pontal,3,0.102468130569,-0.227383453175,-2.65928701967
Bideau,1,2.57584023884,1.08054215692,-2.30088236529
de,La,Sabliere,-0.0113863248426,-1.28609993544
de,La,Sabliere,1.05449180163,-1.11651948862
Olive,1,1.55843591403,1.36359127887,-1.32135469097
Nagel,1,-1.34178758724,0.767874134778,-1.79338359888
Anne,Schroeder,1,-2.43073998474,2.15837239744
Moreau,1,-1.54541424953,0.948280522121,-2.16931265916
Moreau,2,-1.75514510174,1.12809123449,-3.07694538452
Biedermann,1,-0.364031764049,0.697939451636,-2.27091295974
Nazon,1,1.07680008401,1.21997147119,-1.18891025953
Bemba,1,1.57877634395,-0.49494644859,-0.184588975494
Raffarin,1,0.372459616112,0.115645074274,-1.93818208037
Raffarin,2,0.634757779106,0.419530022162,-1.34070763325
Raffarin,3,1.04623429874,0.801476087307,-0.747845841456
Raffarin,4,0.746080000457,0.337261252638,-2.86883653051
Raffarin,5,1.29980177606,1.53647452168,-2.51988097123
Raffarin,6,0.746015233011,0.264700928854,-1.85299627934
Raffarin,7,0.878217903803,1.1947004402,-2.06059982402
Fourtou,1,2.14030153702,0.810542872857,-2.39967410387
Giguere,1,1.4787443015,1.38297817526,-1.66241677946
Giguere,2,0.947719754069,0.0251160463955,-1.2837501786
Todt,1,0.169975665942,0.928770184721,-1.73934010633
Bush,1,2.37092917666,0.533493379576,-1.48985162112
Bush,2,1.08988263065,0.823193408597,-2.43072306211
Bush,3,2.11437564701,0.857780876047,-1.89813800155
Bush,4,2.34799602306,1.07328600533,-1.64745485876
Bush,5,1.81392831736,0.974376544579,-2.43288375522
Bush,6,1.21289082342,0.685285517859,-2.04815649112
Bush,7,1.90402148431,1.27615164433,-1.82345575767
Bush,8,2.11814126848,1.17806176506,-1.6446995157
Bush,9,0.775334582716,1.61746631315,-1.57740684467
Bush,10,1.93883488779,1.24709357469,-1.2384615572
Bush,11,1.41491954462,1.97465173039,-2.00953553475
Bush,12,0.710232420837,2.08295816531,-2.36298499138
Bridges,1,0.813558232236,1.62784018411,-2.63888852014
Bzdelik,1,1.56262241244,0.316145035847,-1.81943596082
Dederian,1,1.86538473282,1.47301410692,-3.29328662749
Perez,1,0.677142989276,-0.621280043496,-0.234097217077
Perez,2,1.75859571507,-0.64631055496,-2.10826340192
Hendren,1,1.31018526917,0.677902144102,-2.14916218978
Strelzin,1,2.0549411826,0.187567758108,-1.8406740458
Feldman,1,0.577999815722,-1.01056469962,0.0905939149176
George,1,1.63371689966,1.39617352184,-2.29012403381
Hornacek,1,1.53622382911,1.22971895166,-1.29709098338
Archer,1,0.657697327115,0.560478120731,-1.39214222302
Archer,2,1.45169763077,0.873154702415,-1.37246109727
Ashby,1,1.44580649491,-0.596401789914,-1.74047745875
Donaldson,1,1.88328817902,0.818507212845,-3.04108831876
Immelt,1,0.498740965138,0.344250402802,-1.6169117918
Immelt,2,0.68971867734,1.01237249351,-1.98856478887
Jones,1,1.56075017432,1.21413102287,-1.95617608456
Jones,2,1.37965449149,0.966414293673,-1.95382357086
Katzenberg,1,0.75075518716,-0.550159553238,-0.0361134172694
Scott,Postell,1,-1.08212128581,0.424856290983
Scott,Postell,2,-1.33447556969,1.51077887938
Roehm,1,0.709900007535,1.33232400516,-1.81844653029
Schiffner,1,0.853047971627,0.549143092079,-0.991913983719
Van,Gundy,1,-1.69630030597,1.53278136844
Van,Gundy,2,-2.36161630921,1.19378658553
Van,Gundy,3,-2.26580133367,0.918092616322
Weaver,1,1.3123094011,-0.583924177157,-1.58531478291
Dokic,1,0.548728056902,1.17773747888,-2.28098848689
Dokic,2,0.819623546066,1.70756145121,-2.32290339723
Dokic,3,0.405774894941,0.850958364872,-1.58882617253
Dokic,4,0.51394515724,0.779110457704,-1.14369683283
Dokic,5,-0.483813820425,0.529583425817,-2.28842311074
Dokic,6,0.333779958552,0.642777081166,-1.48307256457
Dokic,7,0.507100443224,0.374957026717,-0.817113698712
Dokic,8,-0.708255713645,0.475358302212,-2.12841541408
Bice,1,-0.763192396524,0.286079166228,-1.62731499032
Elfman,1,-1.56967624764,1.26118521914,-1.19928992705
Bradley,1,0.88270717421,-2.84717180664,-0.0234338724978
Finch,1,-0.523384571325,1.07496897101,-1.67413993804
Garth,1,-1.82629761663,0.986362562628,-2.39984083955
Aniston,1,-1.44143171166,0.0984528596505,-0.827644455143
Aniston,2,-1.10384211669,0.77639200664,-1.07623623094
Aniston,3,-1.19197401052,0.550432916894,-0.570438396259
Aniston,4,0.201607671966,1.45587989049,-1.72218628569
Aniston,5,-1.28714799309,0.977144880606,-0.168852595845
Aniston,6,-1.52633463884,1.42143789246,-1.84662492529
Aniston,7,-2.6401013994,1.56006716024,-2.58951397632
Aniston,8,-1.94251355153,0.652013601438,-1.28040604729
Aniston,9,-1.18700823239,0.862619400167,-1.92469133373
Aniston,10,-0.915775036648,1.20683839159,-2.64165684498
Aniston,11,-1.11863248021,0.117585871621,-2.5861267683
Aniston,12,-0.998333420262,-0.0972063494532,-0.668050658035
Aniston,13,-1.6881392007,1.85892449036,-1.94360836481
Aniston,14,-1.64788814997,0.430543641957,-1.18522168601
Aniston,15,-1.45282550917,0.993766564309,-1.30619548633
Aniston,16,-1.98420722504,1.58231811928,-2.71232526745
Aniston,17,-1.02470816554,1.87701227103,-1.88587003596
Aniston,18,-1.76772754977,1.10286130768,-1.4889625313
Aniston,19,-0.885277304412,0.936526988784,-1.88444792151
Aniston,20,-1.64808836382,0.796462774461,-2.98869375038
Aniston,21,-1.04642560719,0.257084228195,-3.05188644219
Capriati,1,1.48935381909,-0.0228725795577,-2.01823851599
Capriati,2,-0.258342501098,1.23592455341,-1.58704244073
Capriati,3,0.355638990385,1.27245935493,-1.9209511181
Capriati,4,0.331984148401,0.953103588263,-1.42567380615
Capriati,5,0.398431258645,0.960979740211,-1.55628963695
Capriati,6,0.107414880497,0.0274053941319,-0.838443620121
Capriati,7,-0.694314030477,0.972278258291,-1.85738645387
Capriati,8,0.441657777076,0.191229795398,-1.08330796543
Capriati,9,0.445002473722,0.956298560229,-1.37348171787
Capriati,10,-0.233225878547,0.992418961019,-1.45339232768
Capriati,11,0.553224384426,-0.0489656058833,-0.56756220441
Capriati,12,0.464299070128,0.0850187066314,-2.18442765124
Capriati,13,0.491908373758,0.824929619157,-1.70831279548
Capriati,14,-0.0258336225506,0.715908609582,-2.03023784241
Capriati,15,0.893854774826,0.201650087047,-1.20971447305
Capriati,16,-0.255045300103,0.365312061619,-0.581491964817
Capriati,17,-0.95935724577,0.356233857111,-0.945468331493
Capriati,18,0.618032925976,0.582694878804,-1.22160672418
Capriati,19,1.03815971506,1.1971795569,-1.41940016617
Capriati,20,0.411737607448,0.670766295526,-1.10882391747
Capriati,21,-0.686772467532,0.743054788744,-1.23610099491
Capriati,22,-0.515880023936,1.88933198392,-2.99754816144
Capriati,23,-0.258654129539,0.604672946224,-0.798855183211
Capriati,24,0.559201760653,0.754265001691,-1.58131138142
Capriati,25,0.802026335843,1.37456475574,-1.50588091603
Capriati,26,-0.169816570635,0.514394320142,-2.20880432842
Capriati,27,-0.259762739199,1.14125883226,-3.00401738291
Capriati,28,-0.293136910416,0.778159737298,-1.16754446506
Capriati,29,-0.363268043875,0.382494245732,-1.25106892727
Capriati,30,0.26009194343,1.1469288087,-0.807484201457
Capriati,31,0.745439707804,0.330866859689,-2.6180482385
Capriati,32,-0.170663932302,0.0617168094298,-1.87505532482
Capriati,33,-0.0549824353583,0.364945232216,-1.46303555883
Capriati,34,-0.129566232451,0.129683100631,-1.23386910992
Capriati,35,0.282463706465,0.20058295897,-1.59525718704
Capriati,36,0.537335090252,0.228422067476,-1.45729544955
Capriati,37,-0.0324724247584,0.500128191933,-1.5867928894
Capriati,38,0.833177289829,0.119040223501,-1.27573557274
Capriati,39,0.45818954181,-0.119243746023,-1.17250387935
Capriati,40,0.40096506475,0.153090215565,-1.69472497098
Capriati,41,0.51727776042,0.715081391079,-1.54113382842
Capriati,42,-1.41105790807,-0.805366972578,-0.141674824296
Connelly,1,-1.72378940804,1.85159959018,-2.46165171233
Connelly,2,-1.54365515045,-0.0508212430022,-3.60052874038
Connelly,3,-1.91556530847,1.52988037941,-2.71359245891
Connelly,4,-1.46218644305,1.50718797493,-3.41167002308
Furminger,1,-1.288529892,-0.0364198873992,-2.21934592883
Garner,1,-0.980321481616,1.79936699789,-2.31394885473
Garner,2,-0.954873648973,0.914319329899,-2.80767898724
Garner,3,-2.31952070903,1.43834648202,-2.35425079942
Garner,4,-0.895725747476,0.278898543186,-1.2062164556
Garner,5,-1.22863458334,1.77356803957,-3.20957177715
Garner,6,-0.36445276111,0.866252505454,-1.96476520513
Garner,7,-1.5639230335,1.10634898939,-2.39384176123
Garner,8,-0.66893666667,1.90856930195,-2.529030024
Garner,9,-1.00984199177,1.80828872445,-2.40278448185
Garner,10,-1.47734846898,1.25917182018,-1.82371325327
Garner,11,-1.38790952386,1.06008009518,-2.80503644974
Garner,12,-1.82098500739,1.36895278528,-1.92332851387
Granholm,1,-0.471040930064,1.01897166723,-1.95802675878
Gratz,1,-0.957080507952,0.199876372839,-1.04235307331
Keller,1,-0.509974394127,0.407495662882,-2.76066543929
Keller,2,-0.754081837496,-0.101736597015,-2.71499632852
Keller,3,0.343465836919,0.601743077593,-3.23149791896
Keller,4,-0.754056772885,0.204660424388,-3.5634344001
Lopez,1,-1.44733494046,-0.369352488698,-0.0375967605142
Lopez,2,-1.09561959541,0.46598526159,-1.63995217089
Lopez,3,-2.74227029394,0.469057101093,-1.20602754696
Lopez,4,-1.13775037522,0.221074929556,-1.34241529427
Lopez,5,-1.36717347301,0.527211962028,-1.04997138354
Lopez,6,-1.91726741493,0.404100515392,-1.24901868662
Lopez,7,-2.29403855177,0.909002290228,-1.00799546485
Lopez,8,-1.1771144306,0.365585548052,-1.01736202767
Lopez,9,-1.51144162662,0.847702369704,-1.88252855869
Lopez,10,-1.96519038898,1.17420733501,-1.06022630539
Lopez,11,-2.05093062912,0.753367111892,-1.14296107309
Lopez,12,-2.26268847681,1.57425218376,-2.34179044225
Lopez,13,-2.70060878338,0.549228692488,-1.41557770534
Lopez,14,-1.67527357309,0.648629854729,-0.692908643658
Lopez,15,-2.43053903916,0.53451452732,-1.23654958624
Lopez,16,-2.15293793823,0.093194637681,-1.09018683533
Lopez,17,-1.89748125994,0.448535606459,-1.83501140011
Lopez,18,-2.17031339923,0.32246666312,-1.10871399098
Lopez,19,-1.27928007219,0.056116346633,-0.894757074523
Lopez,20,-1.0506034325,1.06686642464,-2.55220007397
Lopez,21,-1.77814574191,0.396413588307,-2.03228685494
Love,Hewitt,1,-1.19957053421,0.651705305531
McCoy,1,-1.34460648092,1.55484992584,-2.42715407645
Murray,1,-0.777198903492,1.37452725251,-2.70477869547
Pena,1,-0.972082122709,-0.398913422214,-2.0631918348
Reilly,1,-0.953649148235,1.00417143055,-2.75169464832
Reilly,2,-1.30808540838,1.06877376031,-2.95393665594
Renee,Short,1,-0.596277052942,0.0440160212831
Rodriguez,1,0.278014533899,-0.494927731595,-1.07380368327
Rodriguez,2,0.224441560322,-0.0634384364252,-3.68471684526
Thompson,1,-0.0629167628718,1.04545518458,-1.4431131786
Thompson,2,-0.435811969817,1.52502899049,-1.35688651185
Tilly,1,-2.7411832341,-0.735679052668,-2.01768323399
Romero,1,-0.68480791517,0.0857778686122,-2.49245153301
Schefft,1,-2.39867053363,1.37401785761,-1.44581168191
Lehmann,1,0.655193945347,1.03661901068,-1.61955581852
Se-hyun,1,1.62337850885,-0.97778440521,-1.17835202864
Se-hyun,2,1.74738657905,-0.706590543742,-2.83573802067
Se-hyun,3,1.83171324627,-0.446335683614,-3.23169696146
Se-hyun,4,0.239579085763,0.156737503968,-1.67645802944
Se-hyun,5,0.670651085791,-0.466082495102,-2.00481682524
Se-hyun,6,0.785144491773,-0.102381350651,-2.66985747793
Se-hyun,7,1.58646019564,-0.642898871597,-1.87239009766
Se-hyun,8,0.984052656457,-0.883057245098,-2.71651082541
Se-hyun,9,1.27301698918,-0.977082080004,-1.35655439251
Kraus,1,0.0604605932212,0.151043378744,-1.62637101714
Fogel,1,1.98747185592,0.142618150684,-3.89917944314
Gompertz,1,1.02497996055,1.67314770935,-1.81023783137
Greenstock,1,1.48857037184,1.29536494071,-1.78099157308
Greenstock,2,1.96185820762,0.238559305023,-1.9225191438
Greenstock,3,1.78216869797,1.23186111888,-2.8636322161
Greenstock,4,1.4687542521,-0.765877687917,-2.11526839999
Greenstock,5,1.53407564044,0.354493146803,-1.70327760585
Greenstock,6,1.27228728545,1.00413895972,-2.73270761089
Greenstock,7,1.24810840163,0.135793408724,-1.35255049396
Greenstock,8,1.34949242968,0.627593124489,-2.51016062905
Greenstock,9,0.919118750439,-0.00145939457851,-2.22810639122
Greenstock,10,0.71228588413,0.171529710525,-2.85709639657
Greenstock,11,0.112647456202,0.233661637661,-2.29362745214
Greenstock,12,-0.0186084315457,-0.376106452914,-3.24260774491
Greenstock,13,0.774137488859,-0.203854322826,-1.53849063134
Greenstock,14,0.974180755011,0.447807012908,-2.61410866736
Greenstock,15,-0.172604441461,0.12814500176,-2.46694157258
Greenstock,16,0.906393111126,-0.387795162743,-1.77895171994
Greenstock,17,1.18473561714,0.570351855291,-1.63607922774
Greenstock,18,1.22141477061,-0.350292323697,-1.71342004978
Greenstock,19,1.79311094599,1.09810346746,-2.19437417323
Greenstock,20,0.815029266577,0.287747830394,-1.73951521984
Greenstock,21,1.19797577689,-0.205141588557,-1.72519811128
Greenstock,22,1.6232593566,1.09502131496,-2.19933352898
Greenstock,23,0.312434098279,0.570571472568,-1.40380804139
Greenstock,24,0.944182843887,0.103507389827,-2.10639267951
Shockey,1,1.10785163713,0.495148351758,-2.83291100089
Shockey,2,0.712445682813,1.23990355498,-2.46441993868
Wotherspoon,1,0.482489642328,1.14711231728,-2.80778789797
Ryan,1,-1.48565180846,-0.431340699504,-0.818850362731
Golmard,1,1.46076343421,0.846300531943,-2.48178922818
Jenkins,1,1.00054474234,-0.83261426428,-0.547057833604
Angelo,1,1.0160937248,0.566698454463,-2.26339542844
Bruckheimer,1,2.27367747795,1.30810569828,-1.36397793876
Colangelo,1,1.13668816198,1.11740257436,-1.30721258643
Falwell,1,0.135563797962,0.861016470992,-2.17728504107
Falwell,2,1.07466945275,0.415127531446,-1.15503481641
Hall,1,-1.65164302016,0.693019307651,-1.74401615973
Jones,1,1.30843802399,0.22315451115,-0.21078186052
Lewis,1,1.61649081006,-0.366409224079,-1.52687855894
McEntee,1,0.361580378163,1.10410558647,-1.55197307534
Oliver,1,0.527824462834,-1.21685397737,1.58408515131
Pauley,1,1.09239523829,0.712070664073,-2.43477179547
Regier,1,0.45502531632,2.00997684067,-2.65734440449
Regier,2,0.650508907236,2.16477964287,-2.89769857204
Regier,3,0.282600909622,1.78464312341,-2.15582796207
Regier,4,0.874579078073,1.83881884162,-1.49829721962
Seinfeld,1,0.923888937352,0.314445713367,-0.858233053345
Sexton,1,0.608224093684,1.35764012177,-1.22997063446
Sloan,1,1.15424630861,1.46828918836,-1.73754339356
Springer,1,0.472782323552,0.640234043178,-2.11342190924
Springer,2,0.888860163035,0.684430212952,-1.8687748213
Springer,3,1.56234333437,1.45629738286,-2.1376196238
Springer,4,0.476633752187,1.72936219777,-2.5854949012
Tarkanian,1,0.693184936342,0.49913723311,-0.557339307107
Parnevik,1,2.3011650518,0.893466545796,-2.42671441897
Harris,1,1.09397119222,-0.0942866029555,-1.67799160358
Harris,2,0.0617721264126,0.210483397684,-1.69378800298
Harris,3,0.208957798605,0.588782747827,-2.14055458868
Helms,1,0.362347051543,1.43035117069,-2.04460809247
Jackson,1,0.35683772265,-0.239680145967,0.0648778156863
Jackson,2,1.08519808914,-0.528100480993,-0.356705997082
Jackson,4,0.78320919817,-0.646174342531,0.679512303601
Jackson,5,0.758590400731,-1.25651394274,-0.209430105967
Jackson,6,1.80145014467,-1.54366472988,1.46590731425
Jackson,7,1.0512172531,-1.00690647601,-0.0780045118784
Jackson,8,1.82251103454,-2.13679486926,-0.834120665797
Jackson,9,0.48854014351,-0.575136550198,-0.31307320951
James,1,1.3636103509,0.655428238125,-0.90735873871
James,Leija,1,1.03363423009,-1.81541371173
James,Leija,2,-0.531201469469,0.336867462869
Ventura,1,2.07305792511,1.82357281761,-1.76976017948
Ventura,2,1.16271665727,1.18495127819,-1.84621484828
Ventura,3,1.3272404981,0.932037213293,-0.0846400704381
Alba,1,-2.68677810296,0.101508633149,-1.5241962422
Alba,2,-1.92433728888,0.576309266742,-1.62168821294
Biel,1,-0.841359187041,0.989116419481,-2.81393430628
Brungo,1,-0.652663142837,0.623941793764,-1.28896564737
Capshaw,1,-1.12407623123,1.0691999364,-1.24723936437
Lange,1,0.339875351473,0.900199096944,-1.83160678696
Lange,2,-1.02319441552,0.783345341706,-1.957975241
Lynch,1,-0.299501267482,0.254484847089,-0.694686780724
Lynch,2,-0.802415060312,-0.111602241829,-3.18495286587
Simpson,1,-1.28158260189,0.563184705413,0.0625815002829
Cardenal,1,0.755070974487,1.0203402641,-1.74970703145
Howard-Taylor,1,-0.415789820773,-2.35435037746,1.17154042334
Zemin,1,0.329387609153,0.787878957495,-0.635055176223
Zemin,2,0.270375472105,1.31110257766,-1.76106200457
Zemin,3,0.878627627426,0.487712751378,-1.16780526893
Zemin,4,-0.373317948314,0.132206090943,-1.63808538549
Zemin,5,0.406274617968,0.00338783919894,-0.20606213716
Zemin,6,-0.320241070178,0.623786092893,-2.93480898076
Zemin,7,-0.900885677897,0.205988565187,-0.935992792803
Zemin,8,0.781220776124,-0.202371772144,-0.946725285409
Zemin,9,1.2450934883,-0.167650581187,0.691395283277
Zemin,10,0.28771325546,0.506146277538,-1.00642508363
Zemin,11,0.954343492733,0.326862878236,-0.852817685464
Zemin,12,0.92026059466,0.136553216836,-0.923726759299
Zemin,13,0.808668437713,0.85492024846,0.224998677898
Zemin,14,-0.221789998102,0.950436910454,-0.633099096891
Zemin,15,1.17800416974,0.109068640914,-0.949517266714
Zemin,16,-0.478752903622,-0.180937849086,-0.145867020327
Zemin,17,1.01431953021,0.297239747381,-1.53815641125
Zemin,18,0.871673131266,0.328764642799,-2.07434290899
Zemin,19,-0.483465706424,0.817101633682,-1.77991553027
Zemin,20,1.07523904337,0.334370777331,-1.70855068911
Qinglin,1,1.09574331289,-1.48134875763,-1.36323271403
Qinglin,2,1.51938060066,-1.75992738734,-2.51672171328
Abbott,1,0.778458099663,0.136479750989,-1.59443044616
Ahern,1,1.26849754877,0.450270486992,-0.726488060215
Anderson,1,1.50451656743,0.636178479943,-2.98564551915
Beattie,1,1.07749894305,2.13518419493,-2.07354372959
Bollman,1,-0.277334137814,0.438102723978,-2.42597755048
Bunning,1,1.32811572415,1.37372331381,-1.6954256554
Calhoun,1,0.100144987602,1.31088081868,-1.60454223245
Cantalupo,1,0.0431963123175,0.735475416799,-1.11479228562
Carrey,1,-0.284384768094,-0.0795374851712,-1.33296798275
Carrey,2,0.362239434984,0.116871382278,-1.92916538694
Carrey,3,0.638963782154,0.394988750229,-2.36708683958
Doyle,1,1.28682425913,2.18367247849,-1.54752391864
Edmonds,1,1.02729973215,1.21301908685,-1.52548348751
Edmonds,2,2.95257000045,1.50903993982,-1.64105937652
Fassel,1,1.80514437141,1.41765841421,-1.78000097662
Flaherty,1,1.28550680761,0.899740494974,-1.66165520421
Freudenberg,1,1.08923401043,0.792156425167,-2.03077337846
Furyk,1,0.805735084921,0.789521828997,-1.37481553302
Furyk,2,0.42619242779,0.375848785673,-2.04260729657
Furyk,3,0.438615516719,0.762127967229,-1.96164069881
Furyk,4,0.0483672435265,0.384164677447,-1.9818405011
Furyk,5,0.785162123742,0.942416839185,-2.20456262264
Furyk,6,2.11047834861,-0.411981258806,-1.98795560729
Greenwood,1,0.221746044452,0.507326390708,-1.65299948478
Hahn,1,1.63164874393,1.31162601565,-2.35937304664
Hahn,2,1.79024619603,1.85725912906,-2.41897027732
Hahn,3,1.62262466373,1.0470690557,-2.40077640019
Hahn,4,1.37111129361,0.576455675537,-1.33806622357
Hardin,1,2.35101947464,0.938480444742,-1.52629058519
Harrick,1,1.64246939695,1.13452926617,-1.82858256419
Harrick,2,1.91790022258,0.724999150266,-3.04823956968
Haslett,1,1.61890717797,1.65557279908,-2.2556029786
Hendry,1,0.353693400804,1.60628993102,-0.823213079784
Jeffords,1,1.24785307025,1.69025357735,-1.01204338586
Kelly,1,-0.0363553153947,0.136422246964,-2.77570723975
Leach,1,1.26846306265,2.62489552079,-1.79490575415
Letten,1,1.76874238633,1.84360560032,-2.5271386512
Carter,1,1.25194056918,0.469397519715,-0.84847252001
Carter,2,0.812206566422,0.67135584689,-1.17211655259
Carter,3,0.918370917867,1.16025761978,-1.36997841048
Carter,4,0.0468410661572,-0.0980425470853,-1.46833959575
Carter,5,0.476486186307,0.624103678832,-0.543318351186
Carter,6,0.2384828066,0.780716446903,-2.00817762547
Carter,7,0.135157621505,0.331578120761,-1.16926888536
Carter,8,0.576515567001,0.00957115404412,-2.51485353906
Carter,9,0.651212790003,1.03902024556,-0.98258032495
Gobble,1,1.12285560395,-0.101246077236,-1.49165169979
Gurule,1,1.44439029349,0.227534882469,-1.46528732287
Iovine,1,0.974736333485,-0.0983246483087,-2.72132955755
Jimenez,1,0.931816352258,0.973288219768,-1.28147986291
Kimmel,1,0.692955232083,-0.00962213234624,-1.47239788364
Kimmel,2,0.47086217422,-0.132372975166,-1.47687699107
Lee,1,1.46480240171,-1.07087421224,-1.90393317905
Smits,1,-0.0111930807219,0.38634785354,-1.85672588133
Szymanski,1,1.2235014369,-0.201477159703,-1.60039831546
Nochols,1,0.936507854027,2.30523055786,-2.06150490326
OBrien,1,0.4111380407,0.730300085755,-1.63296140402
OBrien,2,2.09370348139,0.611427943924,-1.44552076721
OBrien,3,1.71943065409,0.998542469455,-2.27085275882
Otto,1,0.251973981109,1.16136846101,-1.04584488968
Parque,1,0.427944139601,-0.0414661749316,-0.949591305174
Paxson,1,1.91731935802,0.739570343106,-2.1942711474
Piper,1,0.926352779673,1.02454706655,-1.55489844266
Ryan,1,1.60445006096,1.62767531574,-2.75791444303
Schwarz,1,1.02884496991,1.57687469044,-1.19543063462
Spinoza,1,1.06558202212,1.22174032443,-1.83267094371
Sterk,1,1.34227599712,2.09896850363,-2.76598987556
Talent,1,1.12079418505,-0.102540756503,-0.97077181353
Taylor,1,1.89985466682,0.9930417612,-1.89922552482
Thome,1,0.28407034592,1.13928949688,-2.58893880791
Tressel,1,2.01638698595,1.07458083322,-2.21314830672
Tressel,2,1.39536367385,1.28858915623,-1.54872343806
Tressel,3,0.308296040488,-0.353613833698,-0.821124938301
Tressel,4,1.11707950225,1.42927596215,-2.38245944345
Wall,1,0.939294918848,2.59405488332,-1.54208319911
Wessling,1,2.00051653075,1.08749850101,-1.97210936698
Wong,1,1.51285920186,0.0998314923497,-1.62259372713
Zorn,1,1.17145906933,0.971444916774,-1.37626100709
Novak,1,0.314748829237,0.940164650177,-2.51130758043
Novak,2,1.85006399612,1.44888444434,-1.29200676588
Novak,3,0.868087614149,1.44101270687,-1.21197113575
Novak,4,1.38804880506,1.50239356113,-2.70716379658
Novak,5,0.661066184691,1.32782019446,-2.11214410901
Novak,6,0.453506543628,0.590470262773,-2.61929613926
Novak,7,0.42499243512,1.24287478564,-2.26416941316
Novak,8,1.32118339715,1.86800481138,-2.02747361591
Novak,9,1.34722039411,1.77079924271,-2.23215397256
Novak,10,1.05587219446,2.44402597188,-2.61925731129
Novak,11,1.49974575951,1.61871932807,-2.07953259689
Redick,1,0.735158933177,0.25923663135,-1.30808758341
Redick,2,0.513848874651,1.64993869659,-2.18750635956
Rowling,1,-1.06182097203,1.0532869342,-2.48045724877
Rowling,2,-1.33992383937,1.43514028175,-2.65928164328
Rowling,3,-0.447015481968,1.65382272876,-1.84599730954
Rowling,4,-0.963757835335,1.18537826996,-1.94362496352
Rowling,5,-1.84051696009,1.36516650488,-1.71992763259
Rowling,6,-0.73135394808,1.03548042949,-0.894482862131
Claybrook,1,1.0044811669,0.837453430402,-2.98143244943
Claybrook,2,1.09272555139,0.550440209347,-2.05179644455
Collins,1,-2.44557041261,1.16330706275,-3.12838845816
Dangerfield,1,-0.309524353029,0.983670251475,-2.48312603539
Jett,1,0.110344498189,0.864923176827,-1.70854081277
Laporta,1,2.50027256516,0.914006037171,-0.81920042648
Laporta,2,1.59503038983,1.19242685083,-2.00003223411
Laporta,3,2.38472569694,-0.141697538391,-1.4521650233
Laporta,4,2.45813995466,0.405282173535,-2.15119035568
Laporta,5,1.678995968,0.90738435742,-2.19098242212
Laporta,6,2.59080367112,0.913719775954,-2.32588582982
Laporta,7,3.05897956702,0.0582577023458,-3.27049599426
Laporta,8,1.77530483227,1.00681494022,-2.00348218919
Laporta,9,2.38031912812,0.450567139212,-2.0414155307
Poitier,1,-1.36448623975,1.75026146394,-2.58037931101
Duquette,1,0.715659139795,1.79861941717,-1.89392160466
Woodward,1,-0.00460373761952,1.2474875232,-2.21386705663
Rocha,1,0.309188269872,0.0998447017705,-2.07085961766
Levy,1,1.84468749873,0.0368386848087,-1.35178480816
Rodriguez,1,1.94783223116,0.869170707441,-1.80577119037
Phoenix,1,2.29380390402,1.15658533154,-1.4965282241
Sanchez,1,1.33513485802,-0.636283366083,-1.74287347357
Cohen,1,2.00269519013,1.4045551707,-2.26871102484
Cohen,2,1.8957510209,1.50911911857,-1.53738012304
Dee,Messina,1,-1.35227363771,0.250288801945
Dee,Messina,2,-0.564558374655,-0.366373049449
Foster,1,-2.45455396548,0.641555253135,-0.680233844792
Foster,2,-1.75063228777,0.850138196542,-0.927683119149
Foster,3,-1.07508770918,-0.508243945945,-0.175898725607
Henry,1,-0.962331507842,1.49665734275,-2.58627341687
Kidd,1,-0.595572536361,0.910907179801,-2.07508880767
Richards,1,1.52094740464,0.775130327658,-0.263018467281
Calzaghe,1,2.11250576168,1.46060572341,-1.88980699536
Calzaghe,2,1.89243191922,1.51968745449,-2.7373172384
Carnahan,1,1.38093634381,1.46369328257,-2.05186928885
Cocker,1,1.42631351812,0.456672356301,0.121096193414
Cravens,1,1.72903085617,1.02757265731,-2.18062795524
Crede,1,1.81002198095,2.30699898285,-1.78318730136
Darrell,1,0.871314407171,0.923847158657,-1.81133325461
DeLamielleure,1,0.880229803315,1.05501454133,-1.81993872742
Dicaro,1,1.78805885447,0.72754566747,-1.02936101653
Dumars,1,1.17394206182,-1.2505071916,0.893401985065
Dumars,2,1.02305467016,-1.93239050264,1.83510263812
Finley,1,1.38172943961,0.147497279555,-1.34401553405
Friedberg,1,0.494099050962,-0.726740505414,-1.33199051094
Garner,1,1.42673079588,0.774851776111,-2.36845431615
Gatti,1,1.98048759581,1.29689756531,-2.39151946504
Gatti,2,0.954718203179,0.363713558279,-1.83314312678
Glover,1,1.60964089665,1.04238449512,-2.77557600935
Leonard,1,2.36400332926,1.47398774067,-2.15800959656
Gallen,1,1.92388822727,-0.210061357056,-2.19685198704
Lieberman,1,-0.565808057692,1.14673464369,-0.772252898483
Lieberman,2,1.38221189661,1.66200320533,-1.36710056023
Lieberman,3,0.910172119406,0.774134547836,-0.156208029593
Lieberman,4,-0.596764440945,1.36135107064,-1.76784603548
Lieberman,5,1.41252766029,1.37929053525,-1.85950013283
Lieberman,6,0.179549104562,0.527743094872,-1.66275510142
Lieberman,7,0.651810643006,0.703507964522,-1.13563717009
Lieberman,8,0.205748382899,0.828845734955,-0.432248854857
Lieberman,9,0.461828079481,0.959240241463,-1.2865885791
Lieberman,10,1.00379567445,1.40068957423,-1.35397555435
Lieberman,11,0.882530610097,1.63317173313,-1.0849565837
Lieberman,12,1.06256855253,0.693178170171,-1.28443518897
Lieberman,13,0.778973226883,-0.136145944426,-0.672617462771
Todd,1,1.00796579998,1.10099265029,-2.19241840341
Mantegna,1,0.907215014743,-0.371365363502,-1.25559574699
Mantello,1,1.3995381269,0.015241717604,-1.26822234511
Mantello,2,2.16433403558,-0.673419586877,-1.67620478495
Mendes,1,2.02213444278,0.0759202012721,-1.54631674015
Metz,1,0.0322644346493,-0.0130485391078,-2.10089657337
Nichols,1,0.799302970501,0.534839915289,-1.50063026392
Nichols,2,0.750040420714,1.22178620043,-1.62009365993
Nichols,3,1.176056796,0.50458062257,-0.374982076623
Nichols,4,0.380671444065,0.795747833486,-0.661611371507
Pantoliano,1,1.78408973889,1.0610075662,-2.19352076202
Paterno,1,1.0753961655,1.26368110536,-2.1769175742
Plumeri,1,1.94027748904,-0.194418807515,-1.51316836311
Haider,1,1.30855444065,0.701293053447,-0.870106252124
Haider,2,0.814171387959,1.94369719071,-1.64779819242
Strummer,1,1.0524957953,1.61865457314,-1.53471999551
Torre,1,0.269090770908,0.504785724488,-2.43447719585
Torre,2,0.62932634759,0.435974149877,-1.80909167503
Torre,3,1.31700537295,-0.0269800221536,-2.12730656079
Torre,4,0.926337747038,0.935338510129,-2.30473887553
Vandever,1,0.535730665907,-0.091437890511,-1.05991936166
Buttafuoco,1,0.890615235699,1.51582320293,-1.88780811209
Harrington,1,1.40639218198,1.6756117015,-1.28086753139
Mantia,1,0.586428677727,0.226119287238,-1.88926552663
Bruyneel,1,1.01248847481,0.491734624609,-2.76282450613
Rau,1,0.353504092112,0.583757962956,-2.09169579603
Abizaid,1,1.80449197871,1.45116789189,-2.72215345717
Abizaid,2,1.93452409461,1.96212977103,-1.53660814561
Abizaid,3,1.6327883111,0.710903035824,-1.49415144322
Abizaid,4,1.99910424188,1.54435544231,-2.74426177881
Abizaid,5,1.53044972392,1.52336630511,-1.70616608945
Abizaid,6,0.235978449995,1.31962708275,-1.66278490582
Abizaid,7,1.81685729707,1.56876794977,-2.35641016162
Abizaid,8,1.78435575523,1.97036934968,-1.89288736789
Abizaid,9,1.79153062819,1.52048322893,-1.90789012492
Allen,Muhammad,1,-1.27074611093,-2.07172111069
Allen,Muhammad,2,-0.714327625663,-1.13942753272
Allen,Muhammad,3,-1.6201800233,-1.63553536735
Allen,Muhammad,4,-0.837885156033,-1.75816146061
Allen,Muhammad,5,-1.35350280041,-1.50182013053
Allen,Muhammad,6,-0.69230173584,-1.07884042549
Allen,Muhammad,7,-1.0702887139,-1.68100711695
Allen,Muhammad,8,-0.548227706955,-2.06687083469
Allen,Muhammad,9,-0.782022469606,-1.51996667423
Allen,Muhammad,10,-0.941278954299,-2.08209113299
Allen,Muhammad,11,-1.97750497479,-1.90321868999
Anderson,1,0.721950038772,1.82830745038,-2.50304886796
Ashcroft,1,1.07782829009,1.91122220246,-2.67136405157
Ashcroft,2,-0.326433571118,0.491123657268,-2.43923630183
Ashcroft,3,2.17985176027,1.0851680652,-2.65949487554
Ashcroft,4,0.475959639856,1.19556471402,-2.44755653146
Ashcroft,5,1.06771312638,0.281523588175,-0.966848509904
Ashcroft,6,1.06985585765,0.610920732591,-3.32020662157
Ashcroft,7,0.912587793304,0.0410903342153,-2.33754082078
Ashcroft,8,0.300397889711,-0.0838679536866,-0.746654117716
Ashcroft,9,1.28257857211,0.268358177079,-1.74052815564
Ashcroft,10,0.825008848667,1.32790033014,-2.02006056452
Ashcroft,11,0.329991255418,0.722521577662,-1.37288711593
Ashcroft,12,0.610159153256,0.660750795988,-1.54950606134
Ashcroft,13,0.375531060213,1.03141916248,-2.10911962053
Ashcroft,14,1.69271830533,0.764609899107,-2.21040814731
Ashcroft,15,0.748974875658,0.600903790038,-2.06172987566
Ashcroft,16,1.84367504558,0.838538142507,-1.84495039914
Ashcroft,17,1.1635818664,1.12965933444,-0.74706604137
Ashcroft,18,1.0278532924,1.14950026306,-2.31262299039
Ashcroft,19,0.939614755807,0.750789065481,-1.40325428663
Ashcroft,20,0.205012475139,1.11701317989,-2.18983300393
Ashcroft,21,0.411475547723,0.349199684011,-1.44632988717
Ashcroft,22,1.78465523818,1.25711764979,-2.2115047855
Ashcroft,23,1.2213887226,0.823230157364,-2.13773308348
Ashcroft,24,1.14730283906,1.39313707968,-2.40440077905
Ashcroft,25,0.385504383899,0.680301276295,-2.61243030543
Ashcroft,26,-0.141832582321,0.746938854131,-0.938405836548
Ashcroft,27,0.803881823078,0.645481595023,-1.91803949631
Ashcroft,28,0.761635362287,1.02097118845,-2.82668178369
Ashcroft,29,1.62930858581,1.4360832822,-1.70285968587
Ashcroft,30,0.955726968442,1.34100502778,-1.80987298194
Ashcroft,31,0.392465898907,1.77249765416,-2.11250211036
Ashcroft,32,0.695569051786,0.852254456268,-2.0795747813
Ashcroft,33,0.231230322955,-0.558045409742,-1.25007802604
Ashcroft,34,0.459913953191,0.0621779009752,-1.29183892943
Ashcroft,35,0.983667857258,0.864630316888,-1.54764996245
Ashcroft,36,0.779989147874,0.293895694781,-1.37810264322
Ashcroft,37,0.677967855649,0.516487486905,-1.28961615043
Ashcroft,38,0.868897954321,0.915359330182,-2.10462409521
Ashcroft,39,1.19670180643,0.442899713085,-1.73531358549
Ashcroft,40,0.957456199064,0.869232169581,-2.12989890744
Ashcroft,41,0.680193520275,1.05983321878,-2.6828056088
Ashcroft,42,0.748211372538,0.526536298008,-1.70821398574
Ashcroft,43,0.477050448806,0.83784568891,-1.64330215365
Ashcroft,44,0.111375560224,0.199943126606,-1.42511081059
Ashcroft,45,1.28696136169,0.739568857932,-1.89188702744
Ashcroft,46,0.670013720502,0.184309666932,-1.59547002023
Ashcroft,47,1.0150904078,0.562123916316,-1.67604271749
Ashcroft,48,1.05117389324,1.1231403134,-2.4047030829
Ashcroft,49,1.00671497588,1.26090843086,-2.06223156498
Ashcroft,50,0.975398372013,0.775255266558,-2.38747843687
Ashcroft,51,1.01492235844,1.26825242588,-2.09101326806
Ashcroft,52,2.09235057053,0.837048794466,-2.91785464182
Ashcroft,53,1.1972077895,1.18533150587,-1.71065915495
Baldacci,1,0.935152171669,0.00150069571458,-1.68805469166
Banko,1,1.19012381527,-0.418671838454,-0.305113851048
Banko,2,1.0518786225,0.467784406636,-0.811323575512
Barnett,1,1.91765188684,0.686568389972,-1.45118476897
Belushi,1,1.57015555201,-0.924555177758,-1.28351026976
Blaney,1,1.55653233694,0.155720925487,-1.81574567082
Blaney,2,1.51051170134,1.19827792604,-1.91751556718
Bolton,1,0.756320497552,0.146719799092,-1.65594798688
Bolton,2,0.527097140926,0.837770760391,-1.19426762148
Bolton,3,1.08093786875,0.640316259987,-0.959665024639
Bolton,4,0.650052778147,0.718298691109,-1.07022375009
Bolton,5,0.000407270078461,0.416291269972,-1.5942637653
Bolton,6,0.538704440538,0.4190882426,-1.58093426705
Bolton,7,0.941001189596,0.733830720241,-1.30669790407
Bolton,8,0.759418180947,0.0361047754476,-1.27089067235
Bolton,9,0.873237394561,1.07221401796,-1.86595670468
Bolton,10,0.653671493955,0.834254815316,0.133283976418
Bolton,11,1.18225806646,0.596523968036,-1.04774786827
Bolton,12,0.518602430281,0.723289227969,-1.69001256552
Bolton,13,0.648563574108,0.541425485151,-2.15339054717
Bolton,14,0.785263379968,-0.129883696778,-0.642376190777
Bolton,15,0.328389821071,1.24203609049,-0.0514822031649
Bolton,16,0.910896419234,0.157431508602,-0.813049839716
Bolton,17,1.0076108763,0.677420918657,-0.942518993312
Bond,1,1.25596059551,-0.390973348226,-1.17684879307
Brady,1,1.17335500179,0.635461190392,-2.04120561868
Brady,2,1.70896505727,1.05023269499,-2.93700431757
Burkett,1,1.1089754249,0.00700636506378,-1.76883799628
Burnett,1,2.24452701782,1.82183695309,-2.13954005938
Connolly,1,0.845873623929,0.677730884149,-1.8019486826
Coomber,1,1.4555545534,1.31963327962,-1.3442776338
Cornyn,1,0.569747800523,2.20500708389,-2.29451562368
Cruz,1,1.45787457298,0.500920008367,-1.71873394661
Cusack,1,0.928696519859,0.824779060449,-2.71164051003
Cusack,2,1.43453114701,0.523569263384,-2.35667605325
Dallager,1,1.25342122575,0.796874221325,-1.75791108296
Daly,Jr,1,-0.977938309074,0.869422756375
Danforth,1,2.31393121076,1.29528710149,-1.65755262376
Darby,1,1.36593124138,1.17145088782,-1.89109428349
Duprey,1,0.945238219955,0.648284827495,-2.02168113617
Eastman,1,-0.14270336565,1.42744405936,-1.57767083356
Eder,1,1.27318794405,-0.462872078851,-2.53685787207
Edwards,1,0.680480743509,0.94239243331,-2.21160813602
Edwards,2,1.74309976141,1.91089734286,-1.5094798272
Edwards,3,1.68442520695,0.591881372877,-1.55314126052
Edwards,4,0.475893140229,0.665181494074,-2.26729855845
Edwards,5,0.682909477304,1.55380819202,-1.71525169399
Edwards,6,1.77508443902,1.12489631474,-1.81532051842
Edwards,7,1.00673211239,1.17176343675,-2.42024233354
Edwards,8,0.447189094901,0.379790720602,-2.49814439003
Elway,1,2.40292671362,0.42853629124,-1.97707126576
Engler,1,0.0632014407731,0.793733850899,-1.45968895915
Fenn,1,1.79331362752,0.856030030204,-1.24968846922
Ferguson,1,0.76546839311,1.87544449575,-2.54037848887
F,Kennedy,Jr,0.707128323858,-1.72444997905
F,Kennedy,Jr,2.15489491874,-1.19881688065
Fox,1,1.11846750781,1.58463385147,-2.24729142442
Franco,1,1.54367031783,0.47296951898,-2.07520950927
Garamendi,1,0.366410252206,0.960488822193,-3.45073452602
Garamendi,2,1.19354663607,1.44952770734,-2.20063745978
Geoghan,1,0.517501365285,0.396921645457,-1.26419839962
Goold,1,1.56457616781,0.762234086847,-1.90607660617
Gordnick,1,2.63881050747,1.5183171831,-1.64652204377
Gruden,1,1.675729795,1.01124632479,-1.31139441473
Hartson,1,0.948380953473,1.28397116591,-2.67336914302
Henry,1,0.165260684543,0.932110837649,-3.46701754154
Herrington,1,1.8358236844,0.614968315016,-2.62473321356
Howard,1,1.37475181361,0.767694719453,-1.51125381933
Howard,2,1.77265659742,1.24493385633,-1.94562341697
Howard,3,1.050587005,1.5987256963,-2.68485367299
Howard,4,1.17462691627,0.787014678616,-2.69686687944
Howard,5,1.30823064346,0.826015203433,-1.71883287618
Howard,6,0.804110411331,0.502228241528,-1.43168792583
Howard,7,0.857408568604,1.41977412285,-2.55004793692
Howard,8,0.907650956688,0.0579644717672,-2.06012510896
Howard,9,0.775995665038,0.483478807805,-2.40488360356
Howard,10,1.32974214349,1.15192735442,-3.02410993404
Howard,11,0.45410039907,0.608530670155,-2.76033966191
Howard,12,1.6653799216,1.57929982761,-1.92778015603
Howard,13,1.2619995145,-0.108758770688,-1.74627552499
Howard,14,2.07659041435,0.444479835525,-2.14862643734
Howard,15,0.846331359381,1.16541301213,-1.93961214705
Howard,16,0.574680439788,1.27830259667,-2.44609791091
Howard,17,1.40451763171,0.637228960084,-1.6394224926
Howard,18,1.55620133431,1.33139322766,-2.01403752312
Howard,19,1.91997805027,0.37733586328,-2.27276447018
Jones,1,1.14118319594,0.786599685547,-0.932296788444
Jumper,1,0.785033531478,0.718314860298,-2.69268763173
Jumper,2,1.06838980987,0.88246123967,-1.90440315877
Kerr,1,0.597202938585,0.657756207238,-1.20720614505
Kerry,1,-0.130098946837,0.913068003277,-2.08394170528
Kerry,2,0.980360287756,0.661959835526,-1.24441460436
Kerry,3,0.793955510417,1.14778257189,-1.40555444337
Kerry,4,0.569204197463,1.33069438474,-1.74478006965
Kerry,5,-0.0679315122363,0.595360158264,-0.61399307968
Kerry,6,1.28532707405,2.40542397927,-1.45464878026
Kerry,7,0.476317665145,1.48835476311,-2.0414449347
Kerry,8,0.183908331146,0.133305849022,-0.872106973277
Kerry,9,0.372914841671,1.17899710584,-1.75300476088
Kerry,10,-0.0350764943247,0.684090199693,-1.29109600841
Kerry,11,-0.441025027521,0.710342603847,-1.2196994438
Kerry,12,-0.546177149977,0.299425231084,-2.35650266454
Kerry,13,0.189830325081,1.65976239537,-1.52504399537
Kerry,14,1.0413162073,0.900255361671,-1.80734242387
Kerry,15,0.129326512067,1.63997483337,-0.787557439003
Kerry,16,0.146614989506,0.607865083761,-1.73116752403
Kerry,17,0.991041848446,0.872033961909,-2.65659434116
Lawrence,1,0.00748332421783,0.548576405766,-1.7479298571
Leguizamo,1,1.22746934208,-0.14438360724,-1.55247795252
Lennon,1,0.348857513546,-0.500753487449,-1.73727016631
Lisowski,1,1.59640461741,0.773331651023,-2.4825681619
Lithgow,1,0.661590237311,1.86021693824,-1.70910474251
Lynch,1,2.45859757695,1.93478072251,-1.89141500108
Mabry,1,1.23725631251,0.735536413754,-1.61364615717
Madden,1,1.00719754786,1.29968164058,-2.51498710903
Malkovich,1,1.70757712579,2.22105735825,-2.58265671374
Malkovich,2,0.988571689265,1.35221996375,-0.654881361484
Malkovich,3,1.21213304229,1.86830627009,-1.68123670563
Manley,1,0.713765039344,1.37630706586,-2.3622030818
Manley,2,1.62649782981,1.01499364449,-2.23734241624
Manley,3,1.01082856092,1.86156631258,-2.46769781291
Manley,4,0.438812397732,1.33292440714,-0.857806463102
Manley,5,0.996246818864,1.31415978266,-2.47734290036
Manley,6,1.24411825539,1.40175463062,-2.82329187602
Manley,7,1.19497902787,0.753245856159,-1.59595387372
Marburger,1,0.221457797505,0.421622327702,-1.68572796804
Mayer,1,1.41180225227,0.647172161129,-3.58495656956
Mayer,2,2.07942736683,0.0810526712871,-3.03489295631
Mayer,3,0.808739375292,-0.0203821420816,-1.95426594676
McCain,1,0.644083422011,2.11564461241,-1.42431623962
McCain,2,0.537851606488,2.04308259202,-1.90191334907
McCain,3,0.911188889281,2.45920896332,-2.43141983327
McCain,4,1.37586731164,2.39178432888,-1.9407727391
McCain,5,1.67866416937,1.53905048255,-1.21176443617
McCain,6,0.570434223064,1.9062498329,-1.52392166356
McCain,7,1.19795104651,2.13667011769,-2.88245467819
McCallum,1,0.878682075305,0.704223331156,-2.22730826511
McCallum,2,1.48609041877,0.494321806724,-1.11309868821
McCormack,1,1.13815121151,2.3450565685,-2.6091888311
McCormack,2,1.11167253042,1.45726343545,-1.3127881714
McEnroe,1,0.316196031716,0.574534032356,-1.52629255303
McEnroe,2,1.4282885547,1.35569749149,-2.04745500682
McKay,1,0.543617299536,1.39177703869,-1.28411212092
Moe,1,0.587494783061,0.513282640786,-0.548503396754
Moxley,1,1.3948477782,0.914359065783,-1.39889675849
Nash,1,0.691941130437,0.580558076849,-1.46395114696
Negroponte,1,0.936513844096,1.08399036402,-2.5139407733
Negroponte,2,1.2340682595,0.795047835938,-2.09196816602
Negroponte,3,1.03257956302,0.85565199391,-2.15430099593
Negroponte,4,0.0052603076295,0.376838817269,-0.147482449028
Negroponte,5,1.02593354787,0.782322647794,-1.75486299673
Negroponte,6,0.959719388181,1.28581246693,-1.87009981995
Negroponte,7,1.08122645737,0.875757191331,-0.862585404903
Negroponte,8,1.16751273452,0.705225677176,0.498220933908
Negroponte,9,0.621497208332,0.959985681702,-0.551855321534
Negroponte,10,0.542065222888,0.961725415818,-0.841511401294
Negroponte,11,1.59774058069,1.44611001906,-1.79037368307
Negroponte,12,0.909239912599,1.90872710901,-2.35412278819
Negroponte,13,0.261915235028,0.852759486209,-0.936612862298
Negroponte,14,1.14238287804,0.751332999094,-2.67201864241
Negroponte,15,1.66086390077,1.51595856386,-0.864234186627
Negroponte,16,0.883773897613,0.571532980902,-1.27724648533
Negroponte,17,1.05979684984,0.507372166564,-1.63380358846
Negroponte,18,0.565970276028,1.14176263513,-1.69667493978
Negroponte,19,0.715107942534,0.825961227945,-1.66374319311
Negroponte,20,0.499489490833,1.7432145068,-2.89282162188
Negroponte,21,1.04100258019,0.575187213819,-2.20104236488
Negroponte,22,0.851198872986,1.33818058978,-1.5109027289
Negroponte,23,0.328171621882,0.0839181562068,-1.1305451893
Negroponte,24,0.387692378165,0.648310107467,-1.63899714756
Negroponte,25,0.844697345663,2.22734513954,-0.793507262193
Negroponte,26,0.236715487402,0.724563156305,-1.76868737417
Negroponte,27,0.758977618266,1.07601718634,-1.7895174476
Negroponte,28,0.934385920347,1.56915946828,-1.23580591496
Negroponte,29,0.413124280814,1.50189406239,-1.08941859466
Negroponte,30,0.335682844926,1.13641464834,-1.24100895357
Negroponte,31,0.920263243209,1.25908784191,-1.96104421843
Lynn,1,1.10735775313,-2.42624993255,2.05451897361
Nimmo,1,1.74177114336,0.656883120474,-1.64453866703
Norquist,1,0.822429181601,0.497051372353,-1.66010893687
Benson,1,-0.390617425397,0.407995818332,-2.83705207455
Carson,1,1.56063660225,1.13232957053,-2.19855767444
Carson,2,0.379985780191,1.41430570788,-1.83039679959
Depp,1,0.388398729964,-0.0722675238708,-1.3257067902
Depp,2,1.22628314853,0.174058941709,-1.63518766941
Hallyday,1,2.4089438948,-0.486302524662,-0.343971958332
Htu,1,-1.41342137926,-1.55262102696,0.0776797415346
Tapia,1,0.990913926848,-0.54335756827,-1.46053628058
Tapia,2,1.14881430343,0.760790735429,-2.00165455028
Tapia,3,0.623494195108,0.266833792008,-1.0186536318
Unitas,1,1.31545081897,1.9350953438,-2.19327024005
Unitas,2,1.49059085713,1.31932964048,-1.51837657813
Paul,DeJoria,1,-1.43723045601,0.938140966821
Paul,II,1,-1.38877185212,1.96433529572
Paul,II,2,-0.808937911086,0.747393893866
Paul,II,3,-1.68423718229,2.09342239404
Paul,II,4,-1.36233083751,0.691578630572
Paul,II,5,-1.49186859219,0.990787503635
Paul,II,6,-0.708552974067,0.235981398604
Paul,II,7,-0.480052763606,0.336691443391
Paul,II,8,-0.277360753432,0.896459501754
Paul,II,9,-1.49971484732,1.25287936426
Paul,II,10,-1.85915935384,1.59626550698
Paul,II,11,-0.325583136156,0.673244800882
Perrota,1,1.01789915415,0.769975518834,-1.2042310869
Petty,1,0.402618999708,-0.472447785742,-2.72327093111
Philip,Elkann,1,-1.53364246939,2.07455744636
Prescott,1,0.940544149473,0.705083965496,-1.36685239896
Reid,1,1.18064883879,1.37769290103,-0.99771721332
Reid,2,1.2015068267,1.18532281561,-1.97048227429
Reid,3,1.10078821665,1.77623949718,-2.24167195534
Reilly,1,-0.000422426977924,0.916489079762,-2.40759397441
Reilly,2,0.242741436666,1.88745623708,-2.11255616202
Richardson,1,1.70971094221,1.77000198565,-2.30833743874
Rigas,1,0.111552905709,0.500450441625,-0.689318512661
Rigas,2,0.0811192397353,1.34175844756,-1.30911143317
Robbins,1,0.146942026734,0.637507803957,-0.653865459485
Rosa,1,1.32785680349,0.967280723568,-2.15774546885
Rosa,2,1.01515074577,0.708964688367,-2.9282980052
Rosa,3,1.35593950834,0.35354699549,-1.8676970676
Rowe,1,0.900975578194,1.33897947331,-2.18643802618
Rowland,1,0.0443762528148,1.19448351126,-1.93479217958
Rowland,2,1.6415187082,0.756819827968,-1.17017915494
Ruiz,1,1.64102693381,-0.989818941923,-1.22150094008
Ruiz,2,1.28764099618,-0.712738982053,-1.68584998266
Rusnak,1,1.56355238906,1.73727375248,-2.63931552088
Salazar,1,1.62177371407,0.639478577758,-2.66886171662
Scarlett,1,1.78468856964,0.304106228766,-2.21340187978
Sidgmore,1,1.23260436635,0.831005672322,-3.26865687743
Snow,1,0.470809563851,1.45721871791,-1.88533057333
Snow,2,-0.152799744018,0.549982314156,-0.0209185296925
Snow,3,1.02105526848,1.61673628306,-2.5255796124
Snow,4,-0.0049539929226,1.06577594841,-1.69165505471
Snow,5,0.712464851905,1.88072457655,-1.84644025682
Snow,6,0.815335341495,2.10967368013,-2.4959588861
Snow,7,0.156767482567,2.12743656075,-2.80882458797
Snow,8,0.819717750121,1.0838919135,-1.90176812421
Snow,9,0.460795343613,1.08695266744,-2.42144636675
Snow,10,0.930157785198,2.05728032331,-3.00083584593
Snow,11,1.37929024646,1.78640199183,-2.51403307291
Snow,12,0.834353037994,1.44862643428,-2.20840131717
Snow,13,0.565171703321,1.40486963349,-1.85532453227
Snow,14,0.371649283243,1.16786584842,-1.33547839564
Snow,15,0.781034346484,1.14007615111,-1.45926844019
Snow,16,0.601595738701,1.26077531554,-1.64229332761
Snow,17,0.763653211962,1.06277264687,-1.78439077463
Panjaitan,1,2.27732658638,-0.986299260161,-1.34599117273
Panjaitan,2,2.14764122223,-1.0709160553,-1.15502721121
Spencer,1,1.50489804569,0.443723742193,-0.775663382117
Spencer,2,1.55967864259,0.519229126716,-0.0650480571572
Stallworth,1,1.22054360188,-0.617758450708,0.244310737426
Stallworth,2,0.735079991695,-1.54282623095,1.88403308382
Starks,1,0.938507921007,-0.266283508412,-1.61265684893
Stockton,1,1.40305041403,-0.873399965401,-2.55874365219
Stockton,2,1.00842691577,0.893435721209,-1.37415662098
Stockton,3,1.26846564292,-0.213070868261,-2.48320370922
Stockton,4,1.2792139191,0.930470105838,-2.75851890917
Stockton,5,2.17506287684,1.02957248911,-2.4763678481
Sweeney,1,0.585907911595,0.300270838156,-0.990638603516
Swofford,1,1.58561259005,0.135250994541,-2.47113608628
Swofford,2,2.14180426557,1.00848862326,-1.6175905383
Swofford,3,1.55463358962,0.0126177876195,-2.12406532997
Taylor,1,1.22191341273,1.53721762966,-1.13965747219
Taylor,2,1.57864267464,1.2364172282,-1.9571165325
Thune,1,0.588468101353,-0.324783609872,-0.209087165673
Timoney,1,1.34023421209,1.16128698049,-1.3594303295
Timoney,2,0.988902604238,1.46450476551,-0.456526787243
Travolta,1,0.556266989981,0.374802712181,-1.70088355263
Travolta,2,0.165644344435,1.20798504309,-1.40070426134
Travolta,3,0.462966211174,0.697239487178,-1.27215774448
Travolta,4,1.53233345575,0.884105430409,0.275728561057
Travolta,5,0.32601434921,0.627256768016,-1.77904912162
Travolta,6,1.812513624,0.790265102361,-1.43775458865
Travolta,7,0.146266584993,-0.234389282122,-1.5882253942
Tyson,1,0.466982851053,2.46268118613,-1.92734288744
Walsh,1,0.726160577572,1.07830010741,-1.68922471196
Walsh,2,1.33250830635,1.27277580452,-2.29268181998
Warner,1,0.585424335282,0.457812942824,-1.21011529797
Warner,2,0.712097402558,0.573558511872,-1.9049475031
Warner,3,1.35985031407,1.97538713561,-0.90390884894
Warner,4,2.45612725025,2.08885613173,-1.87496604961
Wayne,1,0.363680734563,0.620892468769,-0.76150835393
White,1,0.536837283451,0.765835475854,-1.55783948397
Williams,1,1.39024771995,0.122267168324,-1.46747525206
Wolf,1,-0.0195599165946,1.62018186637,-3.58048134398
Wolf,2,0.0791796704848,1.93987321487,-3.0508485844
Wright,1,1.61103575767,0.369235357783,-1.38798972102
Joong-hyon,1,0.78931053654,-0.465862476807,-0.51738694487
Kwasniewski,1,-1.45690531447,0.274263215875,-2.28091369247
Kwasniewski,2,-1.72294255432,-0.573133269629,-2.29539930914
Arden,1,1.88121095055,-0.0704212585894,-2.82527399522
Byrd,1,0.515710539952,-1.16584439422,-1.36859289629
Edwards,1,2.02733412232,0.914665318102,-2.23904002091
Edwards,2,0.790194069704,0.505778791864,-2.09845598745
Edwards,3,1.99692639535,-0.0404241140852,-2.00091860145
Edwards,4,2.10626483461,0.732916149364,-1.76860282982
Edwards,5,2.0146909089,0.38090984887,-1.16485191564
Edwards,6,1.5361673193,0.876615740323,-0.422527508903
Edwards,7,1.77703200163,0.662175560565,-0.589913893743
Edwards,8,0.613499398719,0.513310538564,-2.03441888883
Fine,1,0.7875601072,0.988552718493,-1.68732219494
Horton,1,0.735754400208,-0.278640770663,-1.41254191102
Karsh,1,1.21869361027,1.5140740418,-2.01026833476
Mostow,1,2.07922715901,0.394851446788,-1.3770597132
Mostow,2,1.76410382293,0.870754344777,-1.90945310234
Schroeder,1,1.32752680129,1.97549045046,-3.4479012289
Tiomkin,1,1.71072845514,0.92421141844,-1.08563775373
Woodgate,1,0.999332192307,0.881706048704,-2.36944644591
Constance,1,0.70807606489,0.475103873637,-1.79390026776
Corzine,1,0.776195246845,1.40317902931,-2.07867306295
Corzine,2,1.57652246936,1.09741195361,-0.952082868122
Corzine,3,0.5785851225,0.308406740924,-0.846965968251
Gruden,1,1.26887570868,1.69182767683,-1.18495705281
Gruden,2,1.74874864343,1.15965353639,-1.33565026584
Gruden,3,1.68633511851,1.51315096553,-1.27864135109
Gruden,4,1.07872025403,1.48611712388,-1.4651881649
Gruden,5,1.11261172387,1.47938860365,-1.95526579819
Gruden,6,0.738163851965,1.89438680703,-1.21219616392
Gruden,7,1.08286718098,1.08375116237,-1.78043588661
Thae,Hwa,1,-0.211947125305,0.394226759972
Thae,Hwa,2,0.579105678694,-1.07419728968
Wook,Lee,1,0.251604026483,-1.09583251124
Wook,Lee,2,0.698036370955,-1.40079738766
Wook,Lee,3,0.762061520763,-1.83131177502
Wook,Lee,4,0.630475774308,-0.45178329838
Kitna,1,0.940549577527,0.434061039035,-0.975067384769
Stewart,1,0.697878994147,-1.29874552264,0.812348021277
Voight,1,0.217841032191,1.59374190106,-1.74799550985
Voight,2,0.766224718164,1.89798396324,-2.25763783807
Voight,3,0.288937348059,2.00807696678,-2.76509462284
Alberto,Galindo,1,-1.32066848722,-0.0081884792666
Arce,1,0.453452933839,-0.0464219835005,-1.35140394779
Arce,2,0.963418150387,-0.242816359288,-1.33663314973
Batlle,1,0.882880780241,-0.181756709465,-0.760645014897
Batlle,2,1.1905996656,1.30062631086,-0.821651515923
Batlle,3,0.63599147199,0.566257777871,-1.91663091023
Castaneda,1,2.1406871234,2.21017960959,-1.53552915925
Castaneda,2,1.67002174269,0.0786873088591,-0.710920588302
Enrique,Jimenez,1,-1.39329977899,-0.294128272263
Marquez-Ruarte,1,1.82998042993,-0.410852748817,-2.26002926636
Moreno,1,1.15069667629,0.132457568523,0.405617638254
Quiroga,1,1.72487258515,1.16630369413,-1.33798304147
Rodolfo,Canicoba,Corral,1.07979554077,-1.39370625816
Rodolfo,Canicoba,Corral,0.729074837073,-1.30357597764
Valdano,1,1.51200569081,1.4784418072,-2.42160565791
Valdano,2,0.335441772005,-0.0706225163036,-1.9414785767
Huhtala,1,0.727018316062,2.33356538137,-1.17848471811
Fischer,1,1.17883637676,0.720333174961,-1.87254450449
Fischer,2,0.805417103795,0.929449571253,-1.67164645096
Fischer,3,0.975963650454,0.425574008172,-1.88801626944
Fischer,4,0.781340862025,0.888584697498,-1.73929863557
Fischer,5,-0.0847099734378,1.12969487493,-2.34124384478
Fischer,6,0.126006982385,0.985009740965,-2.47481068618
Fischer,7,1.35437088514,1.12752996021,-2.5847778999
Fischer,8,1.15571259637,0.520748385158,-1.00368798141
Fischer,9,0.60199899127,1.08450795217,-1.24454342278
Fischer,10,0.312183682982,0.924070383884,-2.73312131831
Fischer,11,-0.234710436929,0.422504855226,-2.74455851722
Fischer,12,0.728843554505,1.07369386638,-2.71574399075
Fischer,13,0.159817647913,0.268009734839,-3.17426295356
Fischer,14,0.574451925532,0.208092011041,-1.6688557765
Fischer,15,-0.0241421018755,0.361420949684,-1.39197268507
Fischer,16,0.819191665425,0.0675238227954,-2.61236609068
Fischer,17,0.14132983849,0.18767844095,-1.66359525607
Fischer,18,0.410383492609,0.803747349766,-2.87017828166
Fischer,19,0.364890649178,0.319799149294,-2.55467991878
Acasuso,1,0.834832911657,-0.852780839777,-0.407727104966
Alencar,1,1.92828283178,1.31292917328,-1.48817967392
Bove,1,0.874120226823,1.57792712933,-2.42015537143
Canseco,1,1.8352086809,-0.140015283629,-1.87420433016
Canseco,2,1.11991832004,-1.25470171057,-2.74279670654
Canseco,3,1.50532862006,-0.607680968763,-0.391167351452
Canseco,Sr,1,-0.834146097261,0.579786773391
Carlo,Fernandez,1,-2.30238634641,1.51103082104
Carreras,1,1.09085585515,-0.0648285097619,-1.73812600052
Cevallos,1,1.5192099924,-0.106934365853,-0.536813528078
Dirceu,1,1.74748671922,1.06876429661,-1.17658767548
Genoino,1,1.39425256186,0.771235151969,-1.92966249909
Jose,1,-0.247994760763,-1.08936970956,-1.74646925499
Lina,1,2.11877387536,-1.15341421161,-1.19012677258
Lopez,Beltran,1,-0.793928685104,1.06802230898
Luis,Chilavert,1,-1.51434445733,0.969859633243
Luis,Rodriguez,Zapatero,1.54584599034,-1.42418829421
Luis,Santiago,Vasconcelos,2.01338930643,-0.450630388502
Manuel,Durao,Barroso,0.00487669306903,-1.48183558327
Manuel,Durao,Barroso,-0.110731916408,-0.74366994454
Manuel,Durao,Barroso,-0.0184390353239,-1.12822603379
Manuel,Durao,Barroso,0.0981881121127,-1.79952688899
Manuel,Durao,Barroso,0.421412505507,-1.59441216386
Manuel,Durao,Barroso,0.878614954574,-0.888674366598
Maria,Aznar,1,-1.94621450077,1.05423019869
Maria,Aznar,2,-1.71531557206,-0.0842885176065
Maria,Aznar,3,-1.67345035566,0.863814939622
Maria,Aznar,4,-1.78597230096,0.784977661742
Maria,Aznar,5,-1.71896247338,0.656125812798
Maria,Aznar,6,-1.32225943451,0.800735530672
Maria,Aznar,7,-1.94975927712,0.943609179306
Maria,Aznar,8,-1.77843627739,0.510330478403
Maria,Aznar,9,-1.78096712426,1.27179177819
Maria,Aznar,10,-1.31792624684,0.904858021142
Maria,Aznar,11,-2.48407902771,0.78694424067
Maria,Aznar,12,-2.46616673225,0.716638135597
Maria,Aznar,13,-1.14505448191,0.924404377837
Maria,Aznar,14,-2.18813069831,1.03810201225
Maria,Aznar,15,-0.848791974145,0.558652674115
Maria,Aznar,16,-1.73374403354,0.966694788836
Maria,Aznar,17,-0.909874355098,0.629196622605
Maria,Aznar,18,-2.13679553259,1.40316352244
Maria,Aznar,19,-1.45529352944,0.350996462385
Maria,Aznar,20,-1.51985795424,0.372562761442
Maria,Aznar,21,-1.10351773073,-0.25289033916
Maria,Aznar,22,-1.62184103864,1.0527915188
Maria,Aznar,23,-1.12473702221,-0.0615967959073
Miguel,Aleman,1,-1.66061536325,1.35352661352
Mourinho,1,1.44843220826,-0.604041218018,-2.62904098426
Mourinho,2,1.99892216946,-0.368337849965,-1.1225339014
Biden,1,0.271704373616,1.08974185582,-0.954078929042
Biden,2,1.18216862714,1.01793409756,-1.30222023313
Biden,3,0.752976107846,0.948939204374,-0.93661149555
Biden,4,0.904946525496,0.505485208922,-0.532094847162
Biden,5,1.18063538827,0.626591870284,-1.01392862815
Blatter,1,1.03201833447,0.775623701822,-1.61243987018
Blatter,2,0.955316521699,1.40781249517,-2.3672357369
Deiss,1,0.897442237232,1.14296787075,-1.90224825847
Deiss,2,1.89484857339,1.43884186746,-2.22527325362
Deiss,3,1.65814446612,2.94686487368,-3.22183925582
Estrada,1,1.39240181128,-0.299775283309,-1.19401118219
Estrada,2,1.42994849806,-0.0789419515788,-1.84884897203
Estrada,3,1.24818644517,-0.985539731753,-2.36615786854
Estrada,4,1.00903774652,-1.1265051451,-0.787100964081
Fiennes,1,2.33348781336,-0.664662345172,-1.15377139314
Galante,1,0.336242675286,0.911199378563,-1.83649400225
Ganim,1,1.5446553516,1.3412698735,-1.53238219467
Hoy,1,1.00879013876,0.360379336443,-0.971009678626
Kabila,1,0.654794964764,-1.11367034491,0.968492665226
LePore,1,0.886956882509,1.58795337959,-2.30755555867
Lopez,1,1.40262953821,0.640591245709,-1.73831526147
Nacchio,1,0.748059545678,0.281789901979,-1.02976421266
Ralston,1,1.52064063456,1.40874287478,-2.26100704209
Ralston,2,1.29719663598,0.524222925031,-2.00282930538
Safra,1,1.23840354134,0.396113010204,-2.16992888364
Salgado,1,1.55856387695,0.336096162599,-3.16940191892
Rosado,1,1.36576070599,0.611621506709,-1.31196600491
Santos,1,2.93699196068,0.143269731079,-2.40657312227
Sarney,1,1.2883226872,0.204650939525,-2.97836888436
Sarney,2,1.65795193249,1.5468512863,-2.48343250317
Sarney,3,1.64472177661,0.781393106967,-1.90045456005
Serra,1,1.48293318961,-0.0990080655808,-0.887028445711
Serra,2,1.84314270884,-0.114018208373,-0.514592690695
Serra,3,1.30314476884,1.82416109723,-2.4074515628
Serra,4,1.59378043253,-0.157741982023,-1.02474112939
Serra,5,1.78447841193,-0.24994649008,-0.808112569171
Serra,6,1.15114293907,0.244841970312,-0.683160496241
Serra,7,1.20391915312,0.376389806371,-1.19113406468
Serra,8,1.17783315902,-0.487416446344,-0.782089823227
Serra,9,1.32221256924,0.610832705618,-1.46328928291
Theodore,1,1.38043873983,0.282618490685,-1.53859811824
Theodore,2,0.482373424604,0.42404490365,-2.34601701028
Vicente,Rangel,1,-2.16652352643,0.988973682049
Viegas,Filho,1,-0.291422038915,0.0987976760399
Viegas,Filho,2,-0.676612632339,-0.14252490442
Woldenberg,1,0.107671756749,-0.420041725613,-1.45973122301
Childress,1,1.37686271602,-0.285290272071,-1.32675728549
Evans,1,1.42138387345,-1.64121799277,1.28768772245
Kronfeld,1,1.06694997494,0.533216372359,-2.20750988508
Davey,1,0.889859948915,1.40885869071,-2.70449389925
Gracin,1,1.18391029684,0.779068499853,-1.71725553755
Harapko,1,1.00116760295,0.517295688136,-2.39674840365
Perper,1,1.0365731306,1.32507457242,-1.81190003093
Garcia,1,1.8565618217,0.394819483563,-1.77527686049
Bryant,1,-1.46212153522,-0.95153181676,-0.391542614508
Lee,Sadler,1,-0.557417282947,0.058701412993
Suarez,1,0.826395610549,0.334022268872,-1.39614344996
Snow,1,1.51096152316,0.702494061481,-1.40474052075
Antonio,Samaranch,1,-0.933576262382,1.08134248705
Carlos,Ferrero,1,-0.455186024081,0.358651554089
Carlos,Ferrero,2,-1.74899543994,1.22404273839
Carlos,Ferrero,3,-1.38294023532,2.01035176986
Carlos,Ferrero,4,-0.890426032652,0.933146542067
Carlos,Ferrero,5,-1.00521101835,0.171750499932
Carlos,Ferrero,6,-0.360233345668,0.373539386384
Carlos,Ferrero,7,-0.548475643345,-0.0766431991205
Carlos,Ferrero,8,-1.39146834189,0.520519927702
Carlos,Ferrero,9,-0.0178044427495,-0.207089253931
Carlos,Ferrero,10,-0.0458790868431,-0.268471836808
Carlos,Ferrero,11,-0.394203883935,0.253303489024
Carlos,Ferrero,12,-1.3967437926,0.804610406631
Carlos,Ferrero,13,-0.476062384503,0.428911726171
Carlos,Ferrero,14,-1.19259320284,0.516552638512
Carlos,Ferrero,15,-0.707500293272,0.453880300798
Carlos,Ferrero,16,-1.01264318183,-0.0456107683606
Carlos,Ferrero,17,-1.25062851536,-0.416633671793
Carlos,Ferrero,18,-0.400430458381,-0.504542843168
Carlos,Ferrero,19,-0.778298574184,1.06475543781
Carlos,Ferrero,20,0.253699843092,0.0300870460431
Carlos,Ferrero,21,-1.55760949241,0.742665903005
Carlos,Ferrero,22,-1.40477194705,0.962167806378
Carlos,Ferrero,23,-1.37411776516,0.812523585575
Carlos,Ferrero,24,-0.255989601888,-0.0115603028298
Carlos,Ferrero,25,-0.968126574373,0.826919932775
Carlos,Ferrero,26,-1.27416440678,0.724281070155
Carlos,Ferrero,27,-0.987495331095,0.438641687329
Carlos,Ferrero,28,-0.941046341663,1.03070673198
Carlos,1,1.47227003425,1.35864867848,-2.28842246269
Carlos,Morales,1,-0.664691859024,-0.517138437859
Carlos,Ortega,1,0.0654474217205,-0.173613307596
1,0.971793814396,-1.74737772834,-2.65535987438,-2.2105186271
2,0.764759320833,-1.49349405129,-1.80382694271,-2.09670449413
3,1.09590910348,-1.81477087198,-2.49194107091,-1.230579837
Fernandez,1,0.193112687968,1.32219320779,-2.32766016365
Francisco,Palencia,1,-1.83984392843,0.765903228531
Ignacio,Chela,1,-0.886879076251,0.793530401185
Ignacio,Chela,2,-1.41278690038,1.32129283267
Ignacio,Chela,3,-1.80711322232,1.75425008244
Jose,Lucas,1,-1.42534105018,0.304601863029
Manuel,Marquez,1,-1.21787584205,0.817155586013
Manuel,Marquez,2,-0.962100388721,0.331943097196
Manuel,Marquez,3,-1.10417725146,1.11742503757
Pablo,Montoya,1,-1.00780729612,-1.50881326361
Pablo,Montoya,2,-1.75819714064,0.754277316315
Pablo,Montoya,3,-1.6167949516,-0.713542238801
Pablo,Montoya,4,-2.1274739295,1.08015265221
Pablo,Montoya,5,-0.568739859318,-0.877501595533
Pablo,Montoya,6,-1.25199066464,0.357508293515
Pablo,Montoya,7,-0.655937971708,-0.346261602933
Pablo,Montoya,8,-0.45290048138,-1.09735454635
Roman,Carrasco,1,-0.930318027953,1.02279520365
Roman,Riquelme,1,-1.27022838295,-0.569152415059
Sanchez,1,1.38389534707,-0.137816253548,-0.991819152736
Valencia,Osorio,1,-0.942286521357,-0.129591611983
Valencia,Osorio,2,-0.838152608744,-0.2499616186
Davies,1,2.24871392448,2.19689646129,-2.42870681623
Law,1,0.938035482063,-0.260600977877,-3.0648632809
Law,2,1.17249637549,-0.359821883935,-1.11438769861
Dench,1,0.569892087186,1.20204537782,-1.85173569054
Dench,2,-1.26125662128,1.88658219998,-2.02224400913
Patton,1,-0.777093740122,-0.267723210032,-1.15112186098
Nathan,1,-1.84175710257,0.348887271656,-2.37603805143
Dean,1,-0.267805690823,-0.360611392842,-2.97640773287
Genshaft,1,-0.502592294012,0.713123659708,-1.98419828189
Genshaft,2,-0.226073779719,0.591901905413,-2.03837329776
Locy,1,-0.700736505971,0.803179577084,-2.29631199187
Spreckels,1,-0.533741347262,1.55655662662,-1.54678289211
Vassar,1,-2.64817451893,1.77821192646,-2.45573954492
Braehmer,1,1.11217772836,1.63362917416,-2.43882955051
Chrobog,1,0.920824726894,1.86072770138,-0.851776323495
Peters,1,1.32423772109,-0.0801973397838,-0.91479650337
Peters,2,1.60033590935,0.363393874194,-1.47693966452
Schrempp,1,0.890341374787,0.630486246746,-1.93261646522
Trittin,1,0.488362176796,0.741892073404,-1.10120947311
Asner,1,-1.81652931516,1.40169013852,-2.47115350631
Glass,1,-0.694863740022,1.82833972497,-2.125357853
Battle,1,1.37510866048,-2.25553630424,0.341927361638
Fantino,1,0.98204148222,0.278188063812,-2.48393824119
Margulies,1,-1.96771312838,1.57599806656,-2.50731271441
Margulies,2,-1.84191893773,1.33605106337,-2.86906100993
Moore,1,-1.48032024809,1.0377275646,-1.11460061249
Moore,2,-1.95785882457,2.44217008779,-2.64662243047
Moore,3,-2.77460084856,2.09433353494,-3.31906969215
Moore,4,-1.61709697544,1.5909233776,-1.35324553852
Moore,5,-2.49342249271,1.78484095425,-2.95877404463
Moore,6,-1.21820644652,0.545967339802,-2.26414447174
Moore,7,-0.558624817926,1.45873017301,-1.83066327622
Moore,8,-1.27559792522,1.0097687467,-0.966442637396
Moore,9,-1.99738668533,1.8972079559,-2.9321527025
Moore,10,-0.714893037082,0.883449439317,-2.12957966463
Moore,11,-1.79776845432,1.88282235982,-2.45763544446
Moore,12,-1.56623371036,1.9055660986,-1.03123616295
Moore,13,-1.6302645074,2.16700647788,-2.24917191972
Moore,14,-1.84810189172,0.903514727045,-2.33759844627
Moore,15,-1.71510798058,1.77328015357,-2.00938611696
Moore,16,-1.59737170901,1.55112348557,-1.10268758089
Moore,17,-1.79327389806,1.89647699764,-3.11085838902
Moore,18,-0.508987903719,0.20246165044,-1.61477551098
Moore,19,-1.99268510813,1.60654637737,-2.70946453155
Ormond,1,-1.38625496428,-0.605904252469,-2.47080698362
Tymoshenko,1,0.354580458708,0.954778800423,-1.78298190316
Tymoshenko,2,0.207201654632,1.30173517111,-1.62464548576
Tymoshenko,3,-1.03046156575,1.44292216749,-2.31186849189
Andrews,1,-1.92673831742,1.81654443861,-2.5089708346
Gerberding,1,-1.54327409651,0.847734536876,-2.54380201901
Gerberding,2,-1.12302140741,0.916832841461,-2.06263887972
Gerberding,3,-0.144340267521,0.699352033301,-2.3270874676
Gerberding,4,-1.00170526836,0.899305011535,-1.1526222462
Gerberding,5,-0.985633035201,0.0428515306287,-1.42485213862
Gerberding,6,-1.21353174191,0.796564119755,-1.46153758231
Gerberding,7,-2.03870472971,1.26266658043,-1.94447188736
Gerberding,8,-0.775195933358,1.14952818819,-2.80518575929
Gerberding,9,-0.993371045133,0.297914926228,-0.389546091365
Gerberding,10,-0.60196405588,1.04651360953,-1.8295525549
Gerberding,11,-1.57811570785,1.40277249344,-2.00781928598
Gerberding,12,-1.70830396058,1.2226298926,-2.24896744403
Gerberding,13,-1.60825533328,0.872588957725,-2.28324381308
Gerberding,14,0.17275124372,0.319811383471,-1.87829172037
Gerberding,15,0.153798395285,0.278680188636,-1.47157543902
Goodenough,1,-1.64311784072,0.267516611342,-1.20013864402
Infante,1,-0.91781189038,-0.488152791093,-3.13961817499
Boutter,1,0.0498209745851,1.15510661178,-1.45599590521
Varlet,1,1.62718612916,0.535360389991,-1.43180502032
Taymor,1,-1.90234626156,0.633759639441,-1.93348527692
Taymor,2,-1.94120049231,0.361892059863,-0.959850772872
Binoche,1,-1.89828283479,2.80494923482,-1.90356147163
Lewis,1,-1.13980717691,0.9076250814,-1.95826265128
Cesar,Chavez,1,-1.89014369078,0.888843313405
Cesar,Franco,1,-1.06626534712,0.223687813085
De,Brun,1,-0.912949594948,0.906863207235
Iglesias,Jr,1,-0.402239715466,-0.00909328249338
Iglesias,Jr,2,-1.0693047939,0.335199021852
Rossi,1,1.11986384953,0.43749693563,-1.79129731726
Toro,1,1.6068068336,0.850000729569,-0.821886121017
Barnes,1,1.06303438712,-0.445601454446,-1.94116954824
Erving,1,1.7286375411,-1.018292061,-0.576070176623
Vysotskij,1,-0.70069269997,1.4192935226,-2.69347708229
Bong,1,1.213674307,-0.509966012977,-2.55107227423
Inamoto,1,0.560688599415,-0.544192398724,0.0353226889326
Koizumi,1,2.00025549691,0.191489803407,-2.55592729314
Koizumi,2,1.64266219775,-0.995793520763,-1.40205378039
Koizumi,3,1.82235708555,-0.628093136312,-1.75201230315
Koizumi,4,0.759479032606,-0.112232825121,-2.23258801435
Koizumi,5,1.00426327084,-0.921235840733,-2.65513889707
Koizumi,6,1.39299997495,-1.12481899021,-2.57935311711
Koizumi,7,0.401331626039,0.0133924588535,-2.22103096337
Koizumi,8,2.01001051044,-0.71097198996,-1.45377759231
Koizumi,9,1.00990189718,-0.174274788212,-2.37069237494
Koizumi,10,0.975297511737,-0.585938816824,-1.55038647184
Koizumi,11,1.67796957512,-1.05688879298,-1.18028606888
Koizumi,12,1.88945636008,-1.19689448756,-2.28258027468
Koizumi,13,2.11038550056,-0.496969985734,-1.62748409388
Koizumi,14,2.62158462457,-0.371478511224,-1.9617788095
Koizumi,15,1.10094526885,-0.621809147783,-1.84874626657
Koizumi,16,1.08879851964,-0.153824291442,-2.06523684294
Koizumi,17,1.12863334004,-0.746672677465,-1.68246732922
Koizumi,18,1.07244968659,0.568889490303,-2.51716896773
Koizumi,19,2.31541202086,-0.615530906289,-1.38938167359
Koizumi,20,1.21662445418,0.877970168376,-2.84280219951
Koizumi,21,1.28726076681,-0.764496246029,-2.2247702424
Koizumi,22,1.17637667599,-0.250346105842,-1.35172442799
Koizumi,23,1.50327083737,0.0938947877365,-1.42759805037
Koizumi,24,1.5160474938,-1.16797135652,-1.73213158954
Koizumi,26,1.88425697278,-0.346400023645,-1.67092363332
Koizumi,27,1.14769155615,-0.581360043331,-0.936938842314
Koizumi,28,0.947297733045,-0.580124926898,-2.65833798267
Koizumi,29,1.15451359547,-0.469296503509,-1.48485383085
Koizumi,30,0.818077366342,-0.256008088786,-2.25310987188
Koizumi,31,-0.367729485831,-0.552532007725,-0.108563461059
Koizumi,32,2.30465940423,-0.0390165286105,-2.03523555454
Koizumi,33,1.18120953661,-0.331563505938,-1.39817651069
Koizumi,34,0.837561523719,-0.29875910795,-2.24428983575
Koizumi,35,0.803837624307,-0.0100057548241,-2.48908205365
Koizumi,36,2.04192127628,-0.433546478194,-2.28573397835
Koizumi,37,2.09534395237,-0.286409499643,-2.02792601803
Koizumi,38,2.28329864697,-1.24028621068,-1.48709830477
Koizumi,39,2.01675606322,-0.676356437,-1.88219207278
Koizumi,40,1.2506913834,-0.707698325959,-1.93813499592
Koizumi,41,1.93889891167,0.35751128408,-2.4546236965
Koizumi,42,1.8615877231,-0.390707747534,-2.11550568904
Koizumi,43,1.68954163102,0.165097485021,-2.1869002056
Koizumi,44,2.27732344565,-0.787967471659,-2.51578984518
Koizumi,45,1.73476598763,-0.0629102545263,-1.91605577469
Koizumi,46,1.8400353554,-1.03362277526,-1.95961370689
Koizumi,47,1.45885463901,-0.44260903256,-2.36954930001
Koizumi,48,0.886692605556,-0.489094280291,-3.02000443078
Koizumi,49,2.17438496615,-0.511670827792,-1.31332644857
Koizumi,50,2.09581991892,-0.658753220607,-2.11050246572
Koizumi,51,1.72352220878,-0.212643060296,-1.98294319322
Koizumi,52,1.65556874062,-0.574089732545,-1.70122093459
Koizumi,53,1.00162661747,-0.585064935064,-1.46137130966
Koizumi,54,1.78974178018,-0.394422738036,-1.90288335148
Koizumi,55,0.572677558768,-1.13762957136,-2.5143133461
Koizumi,56,1.58463613758,-0.682369262342,-1.9764017695
Koizumi,57,1.24440993142,-0.495797602006,-1.94327033201
Koizumi,58,1.08561972816,0.251666083841,-1.69265598304
Koizumi,59,1.88652029049,0.0742140578241,-2.39163361922
Koizumi,60,2.24467573228,0.177625963578,-2.41801142363
Tabei,1,-1.33856755655,-0.460601157022,-1.33337975131
Henin,1,0.418015174502,-0.781310862768,-2.54076248965
Henin,2,-0.132812896153,-0.432631255369,-2.07601602452
Henin,3,0.097152219024,0.289316495043,-1.46059736653
Pasek,1,-2.34863874078,0.649928202565,-1.62296620646
Pasek,2,-1.82922779299,0.320397362481,-1.50823206153
Pasek,3,-1.63486819873,0.62768987187,-1.18964299961
Pasek,4,-2.09103710196,0.0134646705996,-1.62835024641
Pasek,5,-2.48668294223,0.443832590218,-1.36698851119
Pasek,6,-2.00881939103,0.403637375284,-2.31183851146
Pasek,7,-1.1148562661,0.915227776705,-2.11911683547
Gatlin,1,0.966185007601,-1.20618676555,0.97575821271
Gatlin,2,1.07818075091,-1.85410638623,0.816268697425
Guarini,1,0.769095317609,-1.06410448487,-1.85235896352
Guarini,2,-0.225140092298,-0.345310846366,-0.176099002718
Guarini,3,-0.141115535302,-0.65178558847,-1.36990388603
Leonard,1,0.38452124541,1.44542088815,-0.922489063985
Leonard,2,0.812975787611,1.81300992699,-2.43190028171
Leonard,3,0.39362642331,1.34506274227,-2.02030720333
Leonard,4,0.873863056793,0.314572914669,-1.87686760888
Marshall,1,1.26146446136,2.56335447254,-1.82664397004
Timberlake,1,1.04572831023,0.556034647049,-0.40196293585
Timberlake,2,1.03918834012,0.618202741455,-2.04336447969
Timberlake,3,1.05242540728,0.100132607708,-1.98344552929
Timberlake,4,1.58566892305,1.35524890835,-2.51851120525
Timberlake,5,1.25469801079,1.18323348875,-2.55895753089
Timberlake,6,1.29744174892,0.611732519884,-2.35225063921
Timberlake,7,1.46844984628,0.517722054488,-2.73896090659
Timberlake,8,1.37331384853,1.58102655839,-1.77594468655
Wilson,1,1.10546149735,0.965500254376,-2.28813868799
Almeida,1,0.612507331231,-0.748487502275,-0.588996825215
Bazan,1,1.22479485541,-0.543696950008,-1.63682162491
Ricke,1,-0.328706957935,1.58948839594,-1.99989025787
Bergqvist,1,0.0181936936077,2.36508262715,-2.63631837962
Kaid,1,1.31116300839,-0.617747405013,-1.04394392
Chawla,1,-0.521495671775,-1.03600334603,-1.80821356518
Chawla,2,-1.60598622334,0.156455598125,-2.21247510959
Chawla,3,-1.19660565302,-0.833686588559,-1.34010659712
Chawla,4,-0.766968034058,-1.34927933606,-2.16152898784
Chawla,5,-0.473344699,-0.60429786415,-1.57593592408
Kharrazi,1,1.92656981555,0.451609182489,-1.06594053169
Kharrazi,2,1.96346992977,1.41082960976,-1.65645698581
Kharrazi,3,1.68511479296,1.36727188743,-1.47246419513
Kharrazi,4,1.68941129626,0.522076262434,-1.63329945309
Kharrazi,5,1.82635593681,2.05192735764,-1.91270541384
Kharrazi,6,1.26482306597,2.23752447199,-1.82942797168
Morjane,1,-0.00366828454494,-0.602254593249,-1.88222657426
Gum-sil,1,-0.798028798568,-1.56493342606,-2.33690800355
Hasuike,1,2.02166673182,-0.26323321728,-0.18744096733
Lynn,Joyce,1,-1.64480662321,1.37451465452
Kapoor,1,-1.72691502718,0.601718003161,-2.39139897022
Allen,1,-1.068036898,-0.769159498236,-1.55740416269
Clarkson,1,-1.78562192954,-0.0178930353412,-2.73153914567
Lynn,Gorney,1,-1.62692761902,1.31285642462
Mok,1,-0.544484815571,-0.535478549457,-2.30163398184
Mok,2,-0.467986275223,-0.464928208793,-1.81182709646
Pereiras,1,-0.176542523482,0.469390683553,-2.28747755103
Sharpe,Kramer,1,-2.33912653216,2.46883282377
Pilsaeter,1,-1.15769638309,0.195087097431,-2.27256806815
Stoiber,1,-0.455684523394,1.33379007005,-2.97444533721
Stoiber,2,-1.50207098279,2.04106863109,-3.03101841377
Viard,1,-1.49330506092,0.760617854635,-2.15117844974
Rummenigge,1,1.55764449124,1.0268147915,-1.30905133689
Kucera,1,0.880007781711,2.24888465846,-2.84839688165
Villiger,1,0.905314464922,1.5705541386,-1.79970841712
Kollat,1,0.123001774762,-0.141507647676,-1.45853417912
Burton,1,-1.30544112339,1.24783548643,-2.37534187147
Capshaw,1,-1.40072658698,0.734819871654,-2.66296441145
Capshaw,2,-1.25366462171,1.34228340727,-2.00718856141
Hudson,1,-3.15132102518,1.14629170966,-2.82006468577
Hudson,2,-1.15562764725,-0.303403614212,-0.456441667749
Hudson,3,-1.46582549803,0.133489484149,-0.38403729866
Hudson,4,-0.990208562861,-0.00644378703059,-1.2390654057
Hudson,5,-1.96943967583,1.04273492122,-1.9512692373
Hudson,6,-1.45903416475,0.750235899482,-0.840566713524
Hudson,7,-1.91520919999,0.588264062378,-1.03995454054
Hudson,8,-2.33781215077,0.852991443359,-2.88765205476
Hudson,9,-2.73397527797,0.769054690357,-0.762717747813
Lee,1,-2.95249039824,0.016086330562,-3.25154352682
Moss,1,-1.43921793908,0.802212724586,-1.30698352546
Richardson,1,-0.119016812663,1.55147877776,-2.2007378405
Smrzova,1,-1.32820294895,0.434423773412,-1.01200457846
Starbird,1,0.536661315334,0.964977806643,-2.72457154106
Winslet,1,-1.04854842651,0.512129624402,-1.50862696707
Winslet,2,-1.59244666762,1.92947486349,-3.24836043572
Winslet,3,-1.94885432081,1.70311744611,-3.80256524469
Winslet,4,-2.1446924402,1.15976693794,-2.69133303579
Hepburn,1,-1.20075020842,0.808832936383,-2.25333707833
Harris,1,-1.61044250744,0.46154232617,-1.33529938131
Harris,2,-0.690800922405,0.567865645053,-1.61574342115
Harris,3,-1.30256698071,0.00614694550498,-1.31809740955
Harris,4,-1.77413550323,-0.0252620768488,-1.73703233868
Louise,Saunders,1,-1.62121731102,-0.272748731783
Abernathy,1,-0.091946639525,1.23695167231,-2.38780814822
Glynn,1,-1.80821645462,1.50298863631,-3.84291800583
Glynn,2,-2.13406306098,0.628258646584,-2.17857502072
Kennedy,Townsend,1,-1.13334801532,0.653128396078
Kennedy,Townsend,2,-1.10124665363,0.901640902051
Kennedy,Townsend,3,-1.35857041546,0.940429376563
Kennedy,Townsend,4,-1.508970398,1.51408434882
Bigelow,1,-1.71434954212,0.353878317693,-2.00491558586
Bigelow,2,-1.9336114975,0.0200286488048,-2.35894717514
Grayson,1,-1.40875304625,0.615044303366,-2.7448826628
Morris,1,-0.597071712783,1.87234445358,-3.12610478146
Tucker,1,-0.668426032199,-0.147189339491,-1.98763892253
Baker,1,-1.77980925166,1.40686747001,-1.68877745209
Bates,1,-0.964233952996,-0.725010363701,-1.75342238999
Gannon,1,-1.37689373244,2.6367865375,-1.73802436273
Winters,1,-1.31164494874,1.59007624019,-2.14359854145
Winters,2,-0.49177616171,0.888801440023,-2.7081939991
Boone,1,-0.713352403991,0.0875513925704,-2.11277060407
Couric,1,-2.03706716738,1.80283596638,-2.12518455864
Harman,1,-1.28921123575,0.619314966968,-1.61169352055
Harman,2,-1.76618317863,2.42263564356,-2.80277578956
Harman,3,-1.19603888186,0.53687733323,-1.51914615937
Holmes,1,-2.15614709537,0.116800357391,-2.88250933537
Smith,1,0.852285935272,1.1176314469,-2.56155168111
Wagner,1,-1.06752145852,0.433966833173,-1.3874399965
Riemann,1,-0.0786484205926,1.19629042823,-1.50166710815
Cartlidge,1,-0.982052919978,2.05918349908,-2.36604194459
Susi,1,-1.60266351012,1.63508195913,-1.4565410297
Bailey,Hutchison,1,-0.541018085113,0.808376168844
Behrensmeyer,1,-0.463897145648,0.743370975994,-3.03654807548
Young,1,-1.00004026029,-0.105857166385,-1.44583710374
Reeves,1,1.03738467852,0.555738660074,-2.04601469732
Reeves,2,0.594569388647,0.804171708095,-2.40445708672
Reeves,3,1.73654241415,1.04166208633,-1.99724259453
Reeves,4,0.729770773423,0.579314912331,-2.18769432359
Reeves,5,0.699608561928,0.432057174872,-0.602348265577
Reeves,6,-0.261296529499,0.823096345645,-1.13573052133
Reeves,7,0.832356309918,0.781657563762,-1.04452390323
Reeves,8,0.0883677013484,0.464696856159,-1.42156665213
Reeves,9,0.0759421511585,0.00834378684236,-1.90255064777
Reeves,10,0.68763975806,-0.0846173277842,-1.6006914433
Reeves,11,1.10604530228,0.13980414852,-2.3292632484
Reeves,12,0.841089333015,0.881633255472,-1.85307050441
Sofia,Fujimori,1,0.686335646581,-0.4906586986
Knightley,1,-1.5857058231,1.27957720527,-2.41428219099
Knightley,2,-1.26926740436,0.229945928449,-1.75394504691
Bishop,Jr,1,-0.448905361545,0.872201366942
Bogans,1,0.229731693048,-0.249168889162,-1.61257644475
Bogans,2,1.27181678664,-0.538484142079,-0.579529081174
Bogans,3,1.25090679311,-1.11253897552,0.491565205071
Brown,1,1.14814094305,-1.40225678776,1.76123737643
Fotta,1,1.59239147404,1.63498268395,-1.77685810495
Foulke,1,0.680962078604,-0.425049419295,-3.11103900215
Lockhart,1,0.713697535934,0.802782781993,-3.01798380427
Lowen,1,1.17614793195,-0.551735826193,-1.89537515143
Olbermann,1,1.27705333919,1.57484386869,-2.19515640348
Osik,1,0.93998358338,0.0242141649313,-0.4996325823
Rodriguez,1,0.726778756727,0.167636488724,-1.44133989539
Snyder,1,1.1328197379,1.29083425847,-3.24682790192
Tyson,1,0.760951463145,0.86460883963,-1.74291651362
Urban,1,0.00806092386382,1.27548725825,-1.2906083604
Van,Horn,1,-0.301895173235,0.874644894126
Yamada,1,-0.745585050933,-0.578153717019,-2.3805728896
Coffey,1,-2.14998299799,0.739767209109,-1.34866781446
Greene,1,-1.07811877357,1.33290697233,-1.62796237891
White,1,1.11680029203,-1.6111256258,0.274986005829
White,2,0.517671339947,-2.63926830544,1.94855907297
Clarkson,1,-1.54990006072,0.579132457027,-0.368264156958
Clarkson,2,-2.64307798553,1.14763092211,-1.67736168485
Clarkson,3,-2.11586987902,0.385044536995,-2.03766219332
Leigh,1,-1.91410534567,0.53686795396,-1.41551187042
Osbourne,1,-0.0950407932856,0.234717098279,-0.864259942123
Ripa,1,-1.96434740702,0.391818405106,-2.50225220984
Santos,1,0.0699432454862,-0.467670532829,-0.301816400291
Grammer,1,0.932424192625,1.28972417694,-1.29699523039
Sampson,1,0.822227281354,-0.474708683679,-0.926363181724
Sampson,2,1.36593956842,0.0321403571117,-1.7629800171
Sampson,3,1.11023911264,-0.933125475999,-0.50546155371
Dervis,1,0.973072324473,0.703474746744,-1.98447310072
Dervis,2,0.983090833847,1.92104407462,-1.76594230529
Dervis,3,1.72085187019,1.16368122148,-2.43408568023
Balk,1,0.588332921417,0.414836873463,-2.21851597368
Dorsey,1,1.22531285117,1.57917188206,-2.44109690435
Bekele,1,1.53352600578,-0.667065292272,-0.740353603345
Kutaragi,1,0.310649313174,-1.38939992228,-3.49993478746
Loach,1,1.30404317759,1.1355565293,-2.06528260701
Macha,1,1.01538131738,0.818659861711,-1.40100025776
Macha,2,0.847112288536,0.993223867885,-1.68618708947
Macha,3,0.488509101969,0.163493718174,-1.18546387693
Bowersox,1,0.828270850377,2.06803139726,-2.09558947786
Bowersox,2,0.420746930359,0.966537208511,-1.26487035254
Bowersox,3,0.58182445732,1.10340100263,-1.92745983052
Branagh,1,1.46020186349,2.05720750709,-3.04545955211
Branagh,2,0.623780958818,1.83112303718,-2.56667336996
Brill,1,0.225380396796,1.68569619419,-2.07735981843
Carlsen,1,0.593451829668,0.569951148359,-1.70456541718
Cooper,1,0.00161727838372,0.779848034149,-3.13829119881
Dam,1,1.08218572574,1.56727411717,-1.52517946888
Evans,1,1.11201551717,-0.531132004685,0.330868365004
Evans,2,0.471698778306,-1.26361060348,0.106723822823
Reichert,1,0.466896884407,0.836467574497,-1.97595744425
Brack,1,-0.623523765109,1.42347505538,-2.02838876151
Chesney,1,1.41569994311,1.62785730797,-1.77358015079
McCord,1,0.461086414804,0.756565338817,-0.919420282896
Robinson,1,1.44289291222,0.594846459677,-2.14183807225
Rominger,1,1.1946992452,0.992083169515,-1.79820151808
Rominger,2,1.30635115639,0.790896843653,-1.0595596832
Watanabe,2,0.637138022142,-0.276906088032,-2.1005571877
Wharfe,1,-0.224822596136,0.34139473313,-2.67988465799
Borseth,1,0.0838020640824,0.997656807975,-2.80838974626
Costner,1,1.58695706903,1.57968082236,-1.76483443516
Costner,2,0.60819646006,1.12632299001,-1.3932103399
Costner,3,1.28420096491,1.54366114489,-1.10416157483
Costner,4,1.20770812227,0.861480738033,-0.745847169736
Costner,5,1.56070433197,2.05383930661,-1.82719374091
Costner,6,1.75469781756,1.66016251927,-1.34389106472
Costner,7,1.75920951334,1.10635771455,-1.80960871938
Costner,8,1.44210352847,2.19744485526,-2.09409523479
Crane,1,1.2584003319,0.338703186661,-1.88956704749
Garnett,1,0.802839543694,-1.39380495223,0.742915619078
Gil,1,2.25555624026,0.647113053997,-0.976492783755
Harvick,1,-0.464488517561,1.33544086143,-0.854883329474
Hearn,1,0.954476237863,0.940916120159,-1.37561841504
James,1,0.87768764779,1.5584113896,-2.49878229577
Keegan,1,1.5160941647,0.494326566348,-1.41006514858
Marshall,1,0.297565015851,0.558373988302,-2.95969004365
Millwood,1,1.99600173511,1.76915774819,-1.92205552582
Nealon,1,1.40771331722,1.80931067235,-1.50377425093
Satterfield,1,0.341393551222,-1.03005384488,1.27661167784
Sorbo,1,0.727862906257,0.878673061297,-1.1046317886
Spacey,1,1.34587600093,-0.306158804476,-1.7142186303
Spacey,2,0.9574740112,1.37942930944,-2.64594284636
Spacey,3,0.822812572204,0.762802287617,-1.52310973911
Spacey,4,1.77877159015,0.538476039258,-2.07917075699
Spacey,5,0.804078324187,0.634666495926,-2.39980910601
Stallings,1,1.22414871874,0.943430608447,-2.67373294313
Stallings,2,0.669601077753,0.598570408799,-2.54259911693
Tarrant,1,1.47279463034,-0.523679165982,-2.19868459108
Rashid,Rahim,1,-1.05828129095,0.653134564012
Sawalhi,1,1.6818466397,-0.527144389214,-2.42939509399
Khannouchi,1,1.12039133507,-0.498604194663,0.155143440143
Qazi,1,1.84911539783,-0.254275716922,-0.668753913074
Mohammad,Zai,1,-0.813767039581,-0.534981768029
Nyunt,1,0.529707611165,0.499532133974,-2.3783867729
Bahadur,Khadka,1,-1.1619397759,-0.421738085082
Culkin,1,0.314321488943,0.611984154885,-2.94452918014
Prendergast,1,0.57263470246,0.904789053489,-2.45458478587
Prendergast,2,0.278557639434,0.900216996138,-2.16258250849
Ajouri,1,2.11984593954,1.14971341162,0.211247677952
Ajouri,2,2.39879362198,-0.0856696091278,-1.32793314625
Vandeweghe,1,0.555985813671,1.32777160412,-2.16060781249
Vandeweghe,2,0.231635002382,0.706217433774,-2.07236519357
Bruckner,1,-0.914930706927,0.442120646222,-2.29936018359
Stewart,1,-0.581543880618,2.13396434293,-2.17645051071
Cattrall,1,-0.24680650814,0.425490445143,-1.44819583278
Chinn,1,-0.711552133012,1.28735232879,-2.45981296037
Clijsters,1,0.590421226289,1.56524763997,-1.37878638216
Clijsters,2,0.25048074681,0.618993727817,-0.811970490208
Clijsters,3,-0.301471187467,0.910668081464,-1.1098805348
Clijsters,4,-0.630565117468,1.3239501283,-1.89961896939
Clijsters,5,-1.07594829586,1.62774783792,-2.5684655498
Clijsters,6,-0.535041351905,1.8928114645,-2.01566204987
Clijsters,7,0.583717010318,0.401246859087,-2.35200563154
Clijsters,8,0.266338027354,-0.248998427338,-2.63139213129
Clijsters,9,-0.0848539552634,-0.662578172695,-2.08401326463
Clijsters,10,0.419379821839,0.161110056724,-1.55910423826
Clijsters,11,0.198642458783,1.15940510856,-1.53952467327
Clijsters,12,0.541609356717,-0.0172332921941,-1.50337902803
Clijsters,13,-1.10772721273,1.61356168218,-1.04711366119
Clijsters,14,-1.32760526943,1.01459135402,-1.41297607475
Dae-jung,1,1.28589424383,-0.677278953693,-1.25952339139
Dae-jung,2,1.45818610164,-0.322130900415,-3.3972088559
Dae-jung,3,1.11034871028,-1.30800543583,-2.0624038906
Dae-jung,4,0.114764114498,-1.09459557522,-4.44720926804
Dae-jung,5,0.838519778687,-1.44598581334,-2.40933749605
Dae-jung,6,1.02081878166,-1.48786985895,-1.77816139911
Dae-jung,7,0.809123643599,-0.820197704794,-1.90213417688
Dae-jung,8,0.175544023438,-1.44936221399,-2.56245443523
Dong-hwa,1,1.43361320416,-1.51489397891,-2.50175999095
Dong-tae,1,0.433580537509,-0.765133474878,-1.14684630995
Gandy,1,-0.634893794353,0.415952427378,-2.54171788236
Hong-gul,1,0.699993755352,-0.502007339506,-3.01050281676
Hong-up,1,1.84631026798,-2.42416236241,-2.62332477103
Raikkonen,1,0.771838385237,0.551781944742,-3.29062250062
Raikkonen,2,0.336778971562,-0.00997586188555,-1.02049360899
Raikkonen,3,1.43308259261,1.31517926723,-3.14006705937
Jin-sun,1,1.50492597344,-1.30244356158,-1.31860077319
Jin-sun,2,1.43183327813,-0.905354136491,-2.34751261048
Jong-Il,1,0.131933279841,0.632612154225,-1.44949945106
Jong-Il,2,-0.808093991029,-0.38732650363,-3.02775935087
Jong-Il,3,0.301934572871,-0.143648091417,-2.20817122821
Jong-Il,4,-0.451446132574,-0.0630931704595,-2.63185039091
Lee,1,-1.9311888429,-0.778512742071,-1.29553431451
Ryong-sung,1,2.19503339286,-1.79986901342,-2.73253521973
Ryong-sung,2,1.71954920859,-1.11480916367,-2.49674011977
Ryong-sung,3,2.24364048461,-1.29267587226,-2.67636456438
Ryong-sung,4,1.57620326363,-0.819698062057,-1.56772335001
Ryong-sung,5,2.78557555661,-1.51615913373,-2.6723876589
Ryong-sung,6,2.46049822517,-1.73450847461,-2.91632942012
Ryong-sung,7,1.37850214241,-0.742763433186,-3.70642135243
Ryong-sung,8,2.23022954149,-1.38182594387,-3.47699074469
Ryong-sung,9,2.0268070727,-0.454745883248,-2.25430989432
Ryong-sung,10,2.56360815853,-1.77342911398,-3.30451614303
Ryong-sung,11,1.15505983374,-0.110717858772,-2.16075526679
Su,Nam,1,-0.0565876083162,-0.311311267736
Weeks,1,-1.88049256304,0.637196081286,-3.51610180629
Yong-il,1,1.24579686876,-0.19800875384,-1.87743681383
Yong-il,2,0.745821776239,0.433758027272,-2.50415928546
Yong-il,3,0.340882488506,0.0275997747649,-2.49622887283
Yun-kyu,1,0.83271111748,-1.299247362,-2.34050674644
Abdullah,II,1,-1.58887266419,0.361829877999
Abdullah,II,2,-1.03676985377,1.31147067894
Abdullah,II,3,-1.63421773961,0.82883418399
Abdullah,II,4,-1.52584658926,1.59056818915
Abdullah,II,5,-0.822341870474,-0.346566085016
Bhumibol,Adulyadej,1,0.0222305829293,-0.185705420037
Gyanendra,1,1.26925281282,-0.477443717103,-1.65748631952
Puckett,1,-0.522555779802,-0.480301556501,0.173604211375
Doerger,1,2.50621124356,1.32279438018,-3.02831751058
Douglas,1,0.519816595743,1.61145512415,-1.97469253778
Ferentz,1,1.05845826297,0.345968061447,-1.33657477965
Ferentz,2,0.567999546142,0.649152439656,-1.96300225834
Franklin,1,0.75494853004,-1.21900955434,0.697357504088
Johnson,1,0.261250990836,-1.59789710561,-0.121783381411
Johnson,2,1.14594064737,-2.05580966468,0.519226628835
Johnson,3,0.945583166849,-1.75505206688,0.619670188826
Clark,1,0.208199660264,0.554695798553,-2.89800985179
Dunst,1,-0.996471239669,2.20268869594,-2.80121148519
Gilham,1,-0.882786808205,1.32253015387,-2.08699419097
Bond,1,0.932654318573,1.12747615776,-2.10601275701
Munoz,1,0.971555629351,0.256465023581,-1.43884898609
Magne,Bondevik,1,-1.82242372544,1.00758764751
Magne,Bondevik,2,-0.828486455728,1.09288707991
Magne,Bondevik,3,-1.33355297828,1.52614525863
Schwab,1,1.16837018438,0.50465345429,-2.06698824549
Zwickel,1,0.724973330674,2.20115268945,-1.44898615147
Zwickel,2,0.443660452482,1.45300107245,-2.50371790067
Bryant,1,1.80510992303,-1.39870532204,1.61938554677
Bryant,2,0.412906753725,-0.246990776648,-1.16170469499
Bryant,3,0.836570515525,-1.08902253386,0.154838314681
Annan,1,0.472852651399,-1.28410396304,2.47300408483
Annan,2,0.682587549698,-1.78623875769,1.83449068853
Annan,3,1.52802973239,-0.982736655619,0.725397534708
Annan,4,1.17953741067,-2.04194307579,2.32786861499
Annan,5,1.14506897966,-1.69713286,1.18054929115
Annan,6,0.999556923402,-1.89309850828,2.38429145261
Annan,7,0.243205003382,-0.910322877491,-0.119958944647
Annan,8,0.987951274761,-1.97222646182,1.93240723878
Annan,9,0.658687380808,-2.05047556398,0.967086622989
Annan,10,-0.270746924616,-2.17340797289,2.65974967915
Annan,11,0.919811992861,-2.16486364472,2.7060610405
Annan,12,0.947368820798,-2.00761634894,2.24504995358
Annan,13,0.780064676551,-1.40064203727,1.44940781435
Annan,14,0.6680401705,-1.79323676144,2.27682103085
Annan,15,1.16121827368,-1.07664629193,0.937364203895
Annan,16,1.26624868822,-1.18811998332,0.720546013265
Annan,17,0.830932107079,-0.697801936486,1.86233853149
Annan,18,0.477130089729,-1.44040430598,1.4355012756
Annan,19,-0.0534112610764,0.0628882997654,-1.32629578097
Annan,20,0.178676333546,-1.98336737683,2.12066717882
Annan,21,0.379522726845,-1.55998966111,1.95542628116
Annan,22,1.19692622657,-1.62333110855,1.91913836881
Annan,23,0.0941067172532,-1.56357391248,1.96811837178
Annan,24,0.692345006242,-2.39062767317,1.93978096096
Annan,25,1.2546148483,-2.48591145363,1.57799169248
Annan,26,0.348408064622,-1.61304839619,1.65843668567
Annan,27,0.327801493381,-2.73595932805,2.99696076537
Annan,28,0.55100257908,-1.28348922256,1.74096062769
Annan,29,0.609028613903,-0.501500142199,1.45456409665
Annan,30,0.447918158083,-1.33724073963,1.95812596851
Annan,31,0.77006074554,-2.06701138928,2.49866234
Annan,32,0.926572554906,-1.16339218978,1.54454344691
Haraguchi,1,0.131527046302,-1.53746323937,-1.1022168007
Matsuura,1,1.59330464697,-0.636505966021,-1.98758157969
Tanaka,1,0.38160556832,-1.38280831645,-2.22772912302
Uehara,1,0.829690648006,-1.87793987148,-1.28971692556
Quan,1,0.354221084719,-0.711635660777,-2.42199620157
Tszyu,1,1.89420268013,0.609833684033,-2.38966509673
Kitajima,1,1.68026707658,-0.940403952718,-2.67352226062
Kitajima,2,0.914770151858,-0.470472366825,-1.51232968174
Bhadur,Mahara,1,-1.08366939708,-0.0348236570943
Loken,1,-1.80257179685,1.23106269032,-1.66391310662
Loken,2,-1.71559469588,0.119265827275,-1.44176592981
Loken,3,-0.583027245846,0.223181259935,-1.62926800448
Loken,4,-1.17211480718,0.108335519087,-0.470048965332
Loken,5,-1.64536860191,0.824021092055,-1.41535676608
Breitweiser,1,-0.287627281762,2.44080677851,-2.57596835275
Breitweiser,2,-0.504057251123,0.687448227414,-2.07498596768
Breitweiser,3,-0.309347035012,1.47885172817,-2.31271072065
Rivera,1,-0.271538765987,-0.0147572704307,-1.44411704995
Chenoweth,1,-0.00197153451656,1.50924334617,-3.20443503344
Davis,1,-2.444271198,1.51674656088,-1.92768664599
Davis,2,-2.36385875309,2.09688363792,-1.95103973074
Davis,3,-2.10293113732,0.902936016017,-2.2375293557
Scott,1,0.125313507339,-0.0107932241581,-1.09551644416
Scott,Thomas,1,-0.567206112645,0.295369702453
Curry,1,-0.787452850623,0.455416084765,-1.36694797677
Woods,1,0.867719919087,0.00322694463247,-2.89198176926
Budke,1,0.720887905426,1.40015352917,-2.75938498773
Busch,1,0.668944762697,1.12640994398,-2.38706674982
Busch,2,1.47348123619,1.7393392251,-1.5681274302
Hellstrom,1,0.915090859206,0.878975278675,-2.33522151028
Russell,1,1.40388188259,1.23938813142,-3.11066703613
Russell,2,1.21182465867,1.58087167156,-3.13967086875
Schottenheimer,1,0.754092505918,0.285332844252,-1.64881418853
Suzuki,1,0.690680205953,-0.791765618894,-1.50837912279
Tanabe,1,0.293771497458,-0.536704014992,-2.01811868849
Thomas,1,1.912811558,-0.668569958979,0.455343056333
Warner,1,1.91494490016,0.816968455205,-2.30811145517
Warner,2,2.7304202397,1.14113201025,-2.86641398916
Warner,3,1.8120262082,0.89402818374,-1.99392702746
Warner,4,1.97079845889,1.97198902326,-2.02061738404
Warner,5,1.88035395845,1.09856101286,-0.344520961383
Kilpatrick,1,0.655291664098,-1.02161389093,0.362201300237
Mfume,1,1.72119342354,-0.342223958774,-1.27111928382
Yang-sook,1,-1.95534612938,-1.31763092093,-2.86860186297
Yang-sook,2,-1.54440271936,-0.830993708589,-2.69540142931
Yang-sook,3,-1.17191988223,-0.99819459637,-3.17020774853
Young-gil,1,1.35845106914,-0.456838778102,-1.02755084473
McLaren,1,1.48211061352,1.47681544901,-2.53417621491
Shewfelt,1,1.30821194139,1.86971056124,-2.48197302122
Nakayama,1,0.544163636557,-1.2438017179,-2.00903310406
Sedgwick,1,-1.12245050306,0.603034596646,-1.8885295442
Murdoch,1,1.23670672702,-0.144621954172,-1.62067032619
Ali,1,-1.65225078819,-0.15356162981,-1.77013209193
Ali,2,-0.58849010414,-1.4556293215,-1.55077532581
Ali,3,-2.08518080469,-0.447253224344,-0.911687428843
Clarkson,1,-2.43776473486,1.79658162041,-1.69131295507
Clarkson,2,-1.44302866324,0.748020422234,-0.783382010435
Armstrong,1,0.822523899849,1.24527645295,-1.3111147839
Armstrong,2,0.0516859133783,0.307376969337,-1.67473384145
Armstrong,3,0.746828411421,0.251043483991,-0.692018765495
Armstrong,4,0.72544426895,2.5032469901,-1.35126875688
Armstrong,5,0.315855777483,0.595038982244,-2.27361858835
Armstrong,6,0.576233706031,1.04450508255,-1.63732611022
Armstrong,7,0.655223061099,-0.208480426986,-1.17636615859
Armstrong,8,0.639103063662,1.22909080583,-2.75375847536
Armstrong,9,1.66451992712,2.17592413534,-1.2502919499
Armstrong,10,1.05854770919,2.40413571291,-1.11559464326
Armstrong,11,0.920093469127,-0.393755984416,-1.83150021025
Armstrong,12,0.719730630725,1.67570809038,-0.917083374323
Armstrong,13,1.22122751722,0.559043439886,-0.744594083321
Armstrong,14,0.021211710693,-0.00944851363631,-0.966218445136
Armstrong,15,1.09203551961,0.750001461251,-2.88031860652
Armstrong,16,0.581803917265,-0.872443699858,-2.61220142512
Armstrong,17,1.18621873866,2.36481787015,-1.16699884619
Armstrong,18,1.69883749943,2.19059799274,-1.37500123307
Bass,1,0.720101899166,0.505825195098,-2.21268588452
Bass,2,0.133701887987,0.463046840993,-2.27471269114
Bass,3,0.601422858086,-0.156826627392,-2.20415232069
Bass,4,0.995322005172,0.149637569293,-2.57753592755
Bass,5,0.402462758646,0.103489057297,-3.15662334086
Donovan,1,1.58177296794,0.79242031549,-1.00300264778
Bryant,1,-1.42968338961,-0.361750560932,-2.21040546791
Odom,1,0.381177985118,1.95098212518,-1.62564820503
Logan,1,-2.70477867182,2.24844867157,-2.32862485418
Tate,1,1.57851837077,-2.12793478354,0.660950299393
Anderson,1,-0.422106390124,0.580619274919,-0.867418753896
Beinfest,1,0.81583542526,0.971928590074,-2.13289655737
Bowa,1,1.40154431885,0.726345188753,-1.74614120247
Bowa,2,0.755256206034,0.845704766891,-1.07821688522
Brown,1,1.43751709499,0.773109684407,-0.665273714831
Brown,2,1.24070907173,-0.383238242016,-1.43722550253
Brown,3,-0.151727551814,1.19626802144,-2.36157959011
Brown,4,1.04432920681,0.2431490026,-1.61784311342
Brown,5,0.460712880777,-0.0639319931028,-0.979796142031
Brown,6,0.768456073473,1.05952777914,-1.40433875395
Brown,7,0.174924594714,0.177373345369,-1.73174251351
Campbell,1,0.19839147903,1.2430383159,-1.55948759724
Coker,1,-0.383412664662,1.40301666496,-1.94874643075
Coker,2,0.399151093852,1.47780745077,-2.3652048667
Coker,3,1.18394188132,1.503979768,-1.773824295
Coker,4,0.787471565493,0.993458900593,-1.4462640889
Donald,1,1.08785126587,-1.65476706811,1.28595022457
Ellison,1,-0.131670708932,1.478842093,-1.65293473392
Ellison,2,0.491687924414,1.2114683384,-3.21035690442
Ellison,3,0.406765736948,1.29511241827,-1.90511312518
Eustachy,1,0.670298479005,1.00130931312,-1.54080257328
Flynt,1,0.274694087623,-0.142516659452,-1.19156984445
Greene,1,1.8585205072,1.06355443096,-1.96810994835
Hagman,1,0.7286845331,0.734462980638,-2.24416911809
Hahn,1,0.384067742983,0.916535899899,-2.45509497948
Harris,1,1.41708843021,0.921236043811,-2.12040414027
Johnson,1,1.90785560742,-1.88344221903,-0.223015614924
Johnson,2,2.48387508329,-1.15056074535,-1.21077453046
Lindsey,1,1.46442334237,1.9255652212,-2.74883726425
Lindsey,2,0.795343608044,1.69296293545,-2.96830633945
Lucchino,1,0.458286059014,0.192138272652,-1.8027328316
Lucchino,2,1.22348518829,1.59184805394,-1.13703173061
Nichols,1,0.52293040228,-0.424314929315,-1.91901415949
Pleau,1,1.17743396016,1.91933022964,-1.94921511531
Ralston,1,0.755362391932,0.492728369794,-1.69088144044
Tanenbaum,1,0.531629717104,0.714034697928,-2.55834321905
Templeton,1,1.34688951436,1.31356567007,-1.58389266044
Thompson,1,0.020287040903,-1.69883938185,0.681498114539
Thompson,2,-0.49810098009,-1.85828348011,0.694444121587
Thompson,3,1.37387818125,-0.997618228447,-0.643691650185
Thompson,4,0.783523153104,-1.1765430528,-0.6254050412
Wilmore,1,0.0869728873153,-0.595370337252,-0.738518500603
Burgsmuller,1,1.05940204948,0.646209579966,-0.59043885535
Von,Trier,1,-0.650743666935,1.51124127632
Von,Trier,2,-1.82204648517,1.51479122164
Von,Trier,3,-0.119526840567,1.67436812416
Kovacs,1,0.769256325088,0.820818775724,-2.1063279298
Sprewell,1,1.15099917473,-1.75927820037,-0.244899226762
Sprewell,2,1.08993285625,-1.07983655827,0.155955215348
Bozzo,1,-1.87559745538,1.47867275686,-2.23176691284
Bush,1,-0.158618138713,1.58649111768,-2.49874807018
Bush,2,-0.267104327328,0.323972711533,-1.92395461616
Bush,3,-0.0461107192993,0.400008321293,-2.17006486313
Bush,4,-1.85822914109,-0.367612147131,-1.53842467367
Bush,5,-0.794960974673,1.3719981969,-3.07238012975
Bush,6,-1.51152699555,0.844238015347,-2.30496017659
Bush,7,-0.678882185297,0.736804442912,-2.45716384531
Bush,8,-1.68188738644,0.240742500893,-3.52960369951
Bush,9,-1.86507791205,0.636706588899,-3.4892108604
Bush,10,-1.45223861872,0.232379705587,-1.96872958984
Bush,11,-0.782895028258,-0.0780233502655,-1.28758935038
Bush,12,-1.30948259815,0.68703018924,-2.70867926778
Bush,13,-1.31564697239,0.592776419889,-3.17079171155
Bush,14,-0.430107485455,0.377886693735,-3.21335326715
Bush,15,-2.07209772195,-0.120461211686,-4.02460462732
Bush,16,-0.973437813878,0.983863037363,-2.867784018
Bush,17,-2.17128187757,0.556642619654,-3.05941582092
Bush,18,-0.567611295645,1.04765664483,-3.66462605644
Bush,19,-0.892275713732,0.768335751751,-2.60408463551
Bush,20,-1.31180993826,0.570020391855,-2.78510041378
Bush,21,-1.37030463943,0.294390441733,-2.81046572983
Bush,22,-0.504823970345,0.790802393058,-2.20418809826
Bush,23,-2.06912527596,0.0284561450151,-2.72295581811
Bush,24,-1.77944009064,0.0323230682477,-2.73443780473
Bush,25,-0.938155201062,0.998788069343,-2.72725079827
Bush,26,-1.14009000439,0.16593158953,-3.30792534425
Bush,27,-1.51712467141,0.385629420733,-3.1082464904
Bush,28,-0.157593069036,0.553741528484,-2.51131549092
Bush,29,-0.403568447492,0.75076109599,-2.58798110624
Bush,30,-1.44863269265,0.598322965559,-2.08321906212
Bush,31,-1.9256831188,1.02585589894,-3.74288396305
Bush,32,-1.19802116047,1.43597461868,-2.6074502593
Bush,33,-1.42556164096,0.328871128432,-2.95486553849
Bush,34,-1.26529702694,0.543159801268,-3.15865031969
Bush,35,-1.38907770918,0.198313990107,-1.4730017544
Bush,36,-1.56218630142,1.35174975194,-2.61811472745
Bush,37,-1.7120756496,-0.595288345414,-2.45732630479
Bush,38,-1.18687943676,0.567181948136,-3.28178262161
Bush,39,-0.589376447101,0.219806446379,-2.39982871547
Bush,40,-0.147182428128,0.472093493714,-2.47826518078
Bush,41,-1.74687036234,1.13401373899,-3.64915296617
Elena,Harring,1,-1.20488336427,1.14065953785
Flessel,1,-0.889299279295,-0.455748879164,1.27271932874
Gobai,1,-0.687147639469,0.37896502986,-1.11098297781
Hernandez,1,-1.83668997713,0.405783575713,-1.90773893351
Hernandez,2,-1.04891866568,0.260695209951,-1.23613128784
Linney,1,-1.75652040932,1.74060586952,-1.50434565806
Linney,2,-1.15199742581,1.00284055742,-3.11713772452
Linney,3,-1.55961396463,2.232775502,-2.56078021929
Linney,4,-2.04762791318,1.62993915459,-2.6848875051
Marlow,1,-0.468289603987,-0.0275973675961,-1.36580624556
Morante,1,-1.75711216125,0.332484649174,-1.29066226518
Pausini,1,-2.67821608327,1.51537231666,-2.30175792951
Romero,1,-0.636762518794,-0.162713007434,-0.777370471736
Schlessinger,1,-0.870017242419,0.891313185409,-1.42356792969
Ziskin,1,-1.72610652057,1.25842775661,-2.23029511641
Clark,1,-1.48354400829,0.382754741933,-2.65883540596
Fishburne,1,0.638436760614,-0.106232286157,-0.729515555449
Tribe,1,0.69654979176,0.531539318109,-1.75824568908
Hutton,1,-0.796640280166,1.00751798229,-2.96994771385
Hutton,2,-2.18671474481,0.916456138266,-1.23022103246
Killian,1,-1.25583783854,1.50021050702,-2.54769677103
Killian,2,-0.679770513319,1.67105489234,-1.50542902965
Gbagbo,1,-0.781147628542,-1.96429081078,0.688192420188
Gbagbo,2,1.69518491097,-0.922289576704,0.645245128697
Jalabert,1,0.14123096273,0.427100295894,-2.31050696131
Jalabert,2,0.27317243814,0.906111511686,-1.85230388642
Woulzy,1,-0.0801145503676,-0.976514628974,-2.09401265237
Chan,1,-0.860400398496,0.0940398028925,-2.12786438211
Hobbs,1,-1.0017431135,1.97705776484,-1.60721715395
Laychak,1,-0.286211194639,0.233604669433,-2.17128782043
Pirtle,1,-0.770718689193,0.292213992832,-2.04238782707
Di,Rita,1,-1.73961941009,0.910117985356
Foley,1,0.0879449105097,1.88496400643,-1.1046902253
MacAulay,1,1.14326942871,0.124906369877,-1.5094121555
MacAulay,2,1.46250714676,0.675661967546,-2.09009751458
Roberts,1,0.632739457904,-0.452243933039,0.159219813275
Vito,1,-0.162869652518,0.853589015382,-3.10857679377
Castro,1,0.141494436942,-0.598911094368,0.0490555705955
Fastow,1,-1.46732370789,1.13044992924,-2.44913245095
Fastow,2,-1.45128311721,1.23430189977,-2.63612285524
Remini,1,-2.30697399778,0.236819149612,-2.12505973656
Paes,1,0.514013148532,-1.50692219877,-0.102161359352
Paes,2,1.11150766549,-1.05342142426,-0.712665001454
Barbosa,1,0.60109065517,-0.309316113048,0.640532084429
Andrade,1,0.1045162446,-0.147377014339,-2.3718902974
Garcia,1,0.539028867535,0.602040277218,-1.63818175961
Rimes,1,-1.85587869661,1.09445443426,-2.69210477084
Rimes,2,-2.66788115122,1.02303739697,-1.81536308668
James,1,0.798985423145,-1.48780022585,1.54693470981
James,2,1.09185513444,-1.83105258332,2.41871852151
James,3,1.12406254091,0.232754770243,1.11363240272
James,4,1.12947691543,-0.408629782262,0.57633633791
James,5,0.377531955843,-1.66128320402,1.561149857
Walesa,1,2.52385853493,1.3432384467,-1.43127884558
Walesa,2,1.70247386777,1.85985024252,-1.61545344502
Ann,Knight,1,-0.712973568355,0.727498553529
Ann,Terlaji,1,-0.543608621323,0.120455218518
Ann,Womack,1,-1.0630463922,0.436657892854
Baca,1,0.474326696454,1.54548565668,-1.20075624316
Byung-woong,1,1.59969090641,-1.0556746519,-3.52183390259
Chang-dong,1,0.232389745416,-0.401596418434,-2.86054780102
Hoi-chang,1,1.18307541499,-1.42560460397,-3.65756158226
Hoi-chang,2,0.930181356916,-1.4530171068,-1.42971735354
Hoi-chang,3,1.04487741501,-1.80518505548,-2.26856344604
Hoi-chang,4,1.04237710607,-1.37626538777,-1.75931368374
Hong-ki,1,1.30955444128,-0.58333376642,-1.46572864644
Hyung-taik,1,0.637972615585,-0.141827414689,-0.161938930906
Jun,1,1.4876195184,-1.35731467353,-1.53044092115
Jun,2,2.23410134222,-0.562698146091,-1.64627455615
Nam-shin,1,1.57373890184,-2.36625738863,-2.26765262332
Soo-hyuck,1,0.563262977467,-0.588485576844,-0.590048778833
Soo-hyuck,2,1.55174794309,-1.10816180797,-0.701970426002
Soo-hyuck,3,1.06828604673,0.0401579544388,-2.1588960245
Tae-sik,1,0.225576702009,-1.01564223599,-2.29564386669
Tae-sik,2,0.332656039136,-0.459878905304,-2.16859334729
Yeo-jin,1,-0.126690693275,-2.27372403464,-1.91486148198
Yuan-tseh,1,0.670058865678,-0.0393170478991,-1.86467228314
Winchell,1,0.862384741954,1.36066636416,-2.43276106543
Jones,1,-0.109930429239,2.34881585343,-2.80146893996
Chapman,1,0.735736438593,0.0388036752044,-1.37193007937
Chapman,2,1.21722703536,-0.294285368028,-1.71419401547
Rochon,1,-1.73509351512,-1.92334594461,-0.649071648503
Montulo,1,0.233743323339,-2.07864982829,-1.32429888327
Katina,1,-1.20828315873,2.16561882817,-1.78844829976
Olin,1,-2.62564014267,0.700984549772,-2.47321650615
Espersen,1,0.273513732749,2.2489156107,-2.19764077246
Bjorklund,1,-0.75190530032,-0.21245494383,-3.07504305571
Jenoff,1,1.82110952819,0.973182097084,-2.2332313293
Jenoff,2,0.28366054711,0.397487265427,-1.41712164346
Johansson,1,0.647581962124,-0.354589729012,-1.05854971481
Lewis,1,0.0884739238647,-1.02302972996,1.27073257167
Lewis,2,0.677825582425,-2.00841367535,0.863608132313
Lewis,3,0.203811275161,-1.27599877622,-0.280270016702
Kravitz,1,0.615591630996,0.0148036204021,-1.83639366249
Wilkens,1,0.99285681129,-0.336302386108,-0.881372581634
Wilkens,2,0.931931720128,0.160828089289,-0.297410734352
Wilkens,3,0.928538464005,0.893349382885,-1.85240481643
Mullin,1,0.8243182972,1.27475228814,-0.978438788443
Glick,1,1.02095773569,0.937995570503,-2.54224784201
Hamilton,1,0.32213094098,0.0309277933492,-0.652133207377
Hamilton,2,0.882153562282,-1.06319824064,0.675325765509
Del,Vecchio,1,-1.28331835905,1.00846772907
DiCaprio,1,0.141088743091,1.40075462977,-2.63754201043
DiCaprio,2,0.127660512896,1.31269903854,-2.82738739157
DiCaprio,3,1.88129283213,0.499432191297,-2.60447048658
DiCaprio,4,1.80625197637,1.86076519115,-2.81016300948
DiCaprio,5,1.76413345715,0.274134776386,-2.14193554277
DiCaprio,6,1.91167529091,0.697933987512,-2.78220564215
DiCaprio,7,1.25655872776,1.28336424535,-3.2115654995
DiCaprio,8,1.10844086995,-0.00255140294636,-3.05926222895
DiCaprio,9,0.898771421455,0.983090356487,-2.19201422059
Fernandez,1,1.68057272917,0.458301237178,-1.30875921137
Schrank,1,1.06723847508,1.65783964422,-1.1902716363
Barmore,1,0.702937169139,-0.166730398403,-1.40824248169
Kuchma,1,0.812937336712,1.00016918326,-1.26544143267
Kuchma,2,1.19703495836,1.41601656669,-1.71725225032
Kuchma,3,1.1372296688,1.19118026047,-1.71882505868
Kuchma,4,0.958228163261,0.747289445288,-2.41330149607
Kuchma,5,0.321574160212,0.887204926177,-1.46021488911
Kuchma,6,0.819112647893,1.64208767279,-2.38530322818
Lai,1,0.353874877331,0.443385788528,-1.60903616144
LaPorte,1,0.54491764158,1.83784425475,-1.89965871922
LaPorte,2,1.36099741901,1.95690585544,-0.761741388295
Silver,1,1.84018503818,0.863936009347,-2.4844016913
Ramirez,1,1.53753088835,-0.0484236033866,-2.01447823072
Millette,Jr,1,-1.79809047062,1.47854645655
Burlak,1,0.195594571469,1.19997118205,-2.45549946299
Coppin,1,-0.845042967294,0.178703975021,-1.63049032139
Flood,1,-2.28109434348,1.87332298667,-1.34766382901
McCulloch,1,0.152814645521,1.26414676097,-3.15297164454
McCulloch,2,1.0208136805,0.737379174107,-2.17586732975
McCulloch,3,-0.613815577778,0.629405732846,-1.54386837831
Ann,Woodward,1,-1.7685387212,1.07020421129
Ann,Woodward,2,-1.61735132244,1.1053727021
Caldwell,1,0.280358169144,1.23565613836,-2.78303102723
Caldwell,2,-0.454899799216,-0.485741179697,-2.72117419494
Caldwell,3,-0.970831398525,-0.330735119496,-2.76074660934
Moonves,1,0.56977954187,2.22085889908,-1.22101968703
Moonves,2,0.9487923328,0.512987157535,-0.486762442237
Wiser,Jr,1,-0.982327173382,0.686332109967
Holt,1,1.03034026345,0.463687255077,-1.24731288592
Miller,1,1.34105766593,2.0254348418,-2.23148506393
Miller,2,2.19100943409,0.862327992467,-2.03848220165
Miller,3,0.19463863131,0.272990595194,-1.42024182138
Dolera,1,-1.41065945793,-0.260307298107,-0.994853432179
Van,de,Putte,-1.07710830666,-1.71349743483
Pupo,1,2.10814689539,0.629497946353,-2.18568142988
Booth,1,0.839582071295,0.80747752655,-1.72949234912
Rywin,1,2.04384748116,1.64078714095,-2.35814295648
Neeson,1,1.55515545384,1.49230739551,-2.3272495382
Neeson,2,1.01931117731,0.90161050839,-1.78796349088
Neeson,3,1.83027295735,1.80524392894,-1.88399715953
Janda,1,-1.87558080121,1.35138812698,-2.47363586059
Changchun,1,1.03015119561,0.178607169943,-1.14330536556
Djukanovic,1,-1.22472355295,0.723674475187,-1.44229954293
Ka-shing,1,-0.0416829078933,-0.0156279026619,-0.368760932639
Cavani,1,-0.815289366807,0.916708596578,-1.30005543152
Marinho,1,0.284821729775,1.19243835677,-1.63008570858
Taylor,1,-0.591458688791,1.53128866084,-1.94957020805
Taylor,2,-0.634428467678,0.0828035604669,-1.52055153274
Safra,1,-0.621094466955,1.25475146802,-2.17366813893
Tomlin,1,-0.98016910447,0.200629726539,-1.73980738022
Tomlin,2,-0.490753020623,-0.0831124723314,-2.48455949591
Azimi,1,0.429928506907,0.752044945199,-2.18897693102
Dong-won,1,2.73754912557,-1.30644649691,-2.60004671555
Dong-won,2,1.71481851407,-0.450278597296,-2.00885159173
Krasnoroutskaya,1,0.725684917541,0.695802190123,-1.83990240715
Krasnoroutskaya,2,0.0336237215487,1.1069150104,-1.7535897527
Chafee,1,0.599478926947,1.47135435777,-3.04651477989
Amicangioli,1,-1.25582874922,1.1415453634,-1.93669386684
Baboolal,1,-1.40428646288,0.0473019423951,-2.15081277546
Dano,1,-1.70597488414,0.00962319515812,-1.44428792453
Franklin,1,-1.79020746271,0.793180491665,-0.685483632243
Ham,1,-2.39976530076,0.302245260965,-2.1998620864
Lingle,1,-0.258550468174,-0.594740245444,-2.13314839156
Mason,1,0.155083212025,0.439831058538,-1.23463706763
Sanchez,1,-1.77968858486,1.11493498138,-2.21842093583
Benko,1,-0.40830068773,1.49767728099,-2.24107710489
Benko,2,-1.08670959083,1.02203294091,-1.51659133548
Davenport,1,-0.697382827443,-0.0594349129205,-1.64156811913
Davenport,2,-1.19085195793,-0.818540661018,-0.992333718961
Davenport,3,0.300126322013,0.635132865824,-2.28400264763
Davenport,4,-1.09247666186,0.016504790698,-2.01883747525
Davenport,5,-0.154364794858,0.224843877957,-2.01471685512
Davenport,6,-0.287074289227,-0.450880544394,-0.505059412754
Davenport,7,-0.189944736376,0.252438271469,-1.11728157989
Davenport,8,-0.497806061401,0.34018554511,-2.09111539097
Davenport,9,0.356175213905,0.75849637044,-1.0592793948
Davenport,10,-0.566862001637,0.586336345644,-1.74438128744
Davenport,11,-0.702167747811,0.198134043393,-2.05838391705
Davenport,12,-1.31668873766,0.670938136929,-1.52064198414
Davenport,13,-0.375065193616,0.167616084466,-0.839774927327
Davenport,14,-0.134406250435,0.0985784706661,-1.00174329444
Davenport,15,-0.290182930827,0.0886851479934,-1.37391879995
Davenport,16,-1.27908986754,0.390325437189,-1.86158655488
Davenport,17,-0.844678989048,0.71738318496,-2.32051008564
Davenport,18,-0.409077190248,0.470625361348,-0.385066004913
Davenport,19,-0.832506733832,0.306594776101,-1.71074344439
Davenport,20,-0.280041217483,1.04745464826,-1.46044131607
Davenport,21,-0.208251889728,1.66237879407,-2.97953469003
Davenport,22,-0.115479367954,-0.164999465242,-2.11565729756
Lohan,1,-0.982664875544,1.04516131697,-1.29449045643
Graham,1,0.914926881235,1.81295029756,-1.84949474963
Graham,2,0.457944577856,1.38397792655,-1.34836716874
Ruff,1,0.934793785346,0.752541622175,-1.55319690116
Thornton,1,0.668567254254,1.8298255127,-1.44844195425
Oviedo,1,1.34579643718,-0.472285663813,-2.8403107129
Oviedo,2,1.47880802195,-0.46185247642,-2.08491476595
Oviedo,3,1.31416249202,0.211202633245,-2.91159518323
Roache,1,0.324485927012,0.877441479429,-2.52337061497
Yi-fu,1,1.246728599,-0.863206643422,-1.75813921868
Yung,Hsi,1,0.893742347052,-0.879449053147
Chalmers,1,1.80931632057,-1.56467222348,1.22843519275
Hampton,1,1.34912163366,-1.27535918688,0.174727363722
Richie,1,1.2479949429,-0.448505705452,-1.89970732703
Richie,2,0.820769653772,-1.11418829606,-0.5513853718
Peng,1,1.67159544247,-0.523702929067,-1.41721249093
Peng,2,1.62765611425,-0.512998511154,-2.294991903
Peng,3,-0.0789876482561,0.581105186368,-1.75454320885
Peng,4,-0.672878795775,1.28558724031,-1.71878904518
Peng,5,0.403168803712,0.750487943737,-1.69344762515
Peng,6,-0.446498851984,0.661063082885,-2.45288303624
Peng,7,-1.28085848937,0.631302032541,-1.94389715705
Peng,8,2.03612914326,-1.17878118348,-2.56063903365
Peng,9,0.825550358307,0.239199336806,-2.24302262239
Ruihuan,1,1.11613529506,-1.34145198395,-1.61482793724
Girman,1,-0.140160550541,1.45610322476,-2.90807968804
Gottsegen,1,-0.952388925424,0.747279521888,-2.27268766032
Gottsegen,2,-0.582292192686,0.912749992046,-3.18573767467
Leslie,1,-0.840563739716,-0.62327506701,-1.23423877252
Ling,1,-2.43559550348,-0.6133072098,-1.63104069269
Ling,2,-1.99995411268,-0.409322762954,-2.30705603997
Marie,Presley,1,-2.84512253143,1.35750230266
Marie,Presley,2,-2.35779966262,1.25537393655
Marie,Presley,3,-1.65063931631,0.966374449662
Marie,Presley,4,-2.36265634049,1.18997196463
Murkowski,1,-1.78193250494,0.201563930688,-2.41952927279
Raymond,1,-0.28589826363,0.752972693837,-1.48019177312
Raymond,2,-0.241232916945,0.375930419377,-0.912620923124
Stansfield,1,-1.28900611071,0.919679306768,-3.19595713312
Stone,1,0.107300417419,0.896491496871,-0.92966078262
Mingkang,1,0.781034775772,-0.603874988403,-1.63108655481
Mingkang,2,0.105470999712,0.259940594646,-2.35733682184
Xiaoqing,1,-1.93452959643,-0.886164742488,-2.14536496929
Ye,1,1.12849130097,-2.17924873525,-3.18634524451
Tyler,1,-1.67034654403,0.876700891577,-1.5077616763
Minnelli,1,-1.11403746868,0.488034667641,-1.61614261745
Minnelli,2,-1.15526304666,0.66727239538,-0.578501413281
Minnelli,3,-1.90402231579,0.868699007999,-1.66008144255
Minnelli,4,-1.82818740373,-0.0112441970706,-3.45778591472
Minnelli,5,-1.74596062456,0.38543184081,-2.35521253628
Minnelli,6,-1.73155234173,1.00389422626,-2.54096958516
Minnelli,7,-2.01497521921,0.179226627946,-1.89232808055
Zhaoxing,1,0.246909818132,-1.27228084433,-1.7090008692
Zhaoxing,2,1.6386147258,-1.70707630067,-1.34831423076
Zhaoxing,3,0.580920890514,-1.34936451628,-1.67618109759
Zhaoxing,5,0.822541247922,-1.277888929,-1.12243160843
Zhaoxing,6,0.972330422268,-1.17718580751,-1.23369581011
Zhaoxing,7,0.67505760616,-0.902982497054,-1.81044498472
Zhaoxing,8,1.33029625285,-1.32876148575,-1.83548378191
Advani,1,0.276871416345,0.188972707085,-1.89842514721
Advani,2,0.26478089561,0.73228302689,-1.60986194239
Advani,3,0.626232275478,-0.154755725169,-0.057821864312
Hewitt,1,0.765153093048,0.0693880860251,-0.696863432335
Hewitt,2,1.4474321714,0.386270898017,-1.05135319271
Hewitt,3,2.54737550754,1.34036044869,-2.05558487116
Hewitt,4,1.72830141809,0.914471378742,-0.817105268336
Hewitt,5,1.26429128647,1.27340056904,-1.33557259982
Hewitt,6,2.21498423196,0.485888980238,-0.786664645369
Hewitt,7,1.38148173756,0.588088284465,-1.22565884556
Hewitt,8,0.997293849105,1.1533244116,-1.4680040722
Hewitt,9,2.02478367014,-0.0676222367776,-0.438260460731
Hewitt,10,1.35501708254,0.224785316598,-1.08955591138
Hewitt,11,2.10414471165,0.32704574422,-0.884284817307
Hewitt,12,1.55281890552,0.42444554047,-1.20223525402
Hewitt,13,0.555991916667,0.0567040830681,-1.1354063756
Hewitt,14,1.36815157261,0.592874947612,-1.58333824156
Hewitt,15,1.22352332835,1.4554306567,-1.71810715542
Hewitt,16,1.06548094096,0.430425917258,-1.05630895522
Hewitt,17,1.51342934357,0.359540046678,-0.968736525246
Hewitt,18,1.40560538616,1.24834778708,-1.96890512033
Hewitt,19,1.67329360662,1.31472977356,-1.21638967924
Hewitt,20,1.52058368595,1.33442579896,-1.51067620123
Hewitt,21,1.42383256191,-0.647955602702,0.449882110158
Hewitt,22,0.768878181733,0.594834538546,-1.33615713475
Hewitt,23,1.27604078858,1.01132116245,-1.02074425275
Hewitt,24,1.1636021595,0.65512032108,-0.838585255973
Hewitt,25,1.09740574994,0.299138598482,-1.86808808328
Hewitt,26,0.540144116989,0.0908248108275,0.36592834496
Hewitt,27,1.91781277543,0.210358763971,-1.53905558342
Hewitt,28,1.17675467078,0.672992084827,-1.8723473405
Hewitt,29,1.96388823445,1.11018320844,-0.713708813658
Hewitt,30,2.54756066149,1.24933789996,-1.57838193094
Hewitt,31,1.43203206909,1.38015377835,-0.715539596675
Hewitt,32,1.89179675762,1.02885091081,-0.553133341757
Hewitt,33,1.42219966573,0.977048880187,-1.3677224666
Hewitt,34,1.77237228648,0.734956768312,-1.31327518414
Hewitt,35,0.507461355753,0.850781548746,-2.19673608993
Hewitt,36,1.91799025793,1.14852569187,-1.25662848792
Hewitt,37,1.01645382123,0.713004492972,-0.33986394569
Hewitt,38,1.60712863705,1.59980614655,-1.96685228822
Hewitt,39,1.31120336542,0.449395518532,0.17380127395
Hewitt,40,0.809026066768,-0.12973025371,0.500962635744
Hewitt,41,2.17099634897,-0.193622557533,-0.989906873643
Mudiwa,1,1.12775916325,-0.773610593217,-0.374274382089
Novick,1,1.07091771743,1.31329745408,-2.12432048369
Richards,1,0.724222947081,-0.409108438123,-1.0993801114
Ward,1,0.109612073646,-0.904519276999,-1.25918723725
Ward,2,1.25290994793,-0.22532869279,-0.781868214837
Smart,1,-1.76288507234,0.38274438562,-2.95659342161
Bahadur,Chand,1,-1.00948790629,0.00405363626738
Kruger,1,1.27357041119,0.609747561221,-1.28549026607
Kruger,2,1.35642752623,1.2982690312,-2.35394439796
Donegan,1,1.07198976325,0.704074103953,-2.25444079396
Mendoza,1,0.538410217218,0.103935347723,-1.64312168029
Hutton,1,0.995052226559,1.0509339415,-1.07213591651
Hutton,2,1.00727991051,1.06303551351,-1.72197455409
Lynn,Harper,1,-1.04364376394,0.818920578374
Berenson,1,-1.03588544424,1.0858278095,-2.85103171463
Michaels,1,0.917817949465,1.57055569603,-2.46389331994
Bracco,1,-1.16242174103,0.961454456479,-1.75199698085
Fenton,1,-1.08002787591,-0.933754411315,0.76333604517
Baileche,1,-2.1228217693,-0.418429743649,-2.07701064703
Van,Gaal,1,-1.08969615279,1.16340704
Lang,1,0.582067870422,1.08225731023,-2.19771445095
Piniella,1,0.175349868201,1.2375671023,-1.74486768561
Piniella,2,1.3699453095,0.973245973561,-0.266205074394
Piniella,3,0.57045775058,-0.185436224293,-1.45126945034
Reed,1,1.46377462682,1.30421107271,-1.90034370133
Ye,1,1.59025123274,-1.12571487656,-2.57747628716
Zaoralek,1,0.652389533458,0.782932097417,-2.22411639551
Cordero,di,Montezemolo,1.03246952309,-1.70301835167
Wysocki,1,0.684112807785,1.33074104404,-2.1974766571
Kenny,Anthony,1,-0.775339043788,0.59796327721
Bovicelli,1,2.09682612694,-0.381398609986,-1.94329480835
Pavarotti,1,1.55062917867,-0.938870059254,-0.895436635763
Pavarotti,2,0.89637953659,-0.772184066359,-0.574539642172
Pavarotti,3,1.11779683515,-0.9529973212,-0.395272523096
Lapovsky,1,-0.782870730855,0.651821704743,-2.69841146418
Angulo,1,0.231627412642,-0.0857874662011,-2.12697250567
Cecchinello,1,1.17721497867,0.97994350385,-1.51647764621
Gutierrez,1,1.10583172595,-1.74924907406,-0.766455459183
Gutierrez,2,2.03429735451,-0.0988249124192,-2.34354620003
Gutierrez,3,1.64222955454,-0.312933710835,-1.34467044911
Gutierrez,4,1.92181716129,-0.304884685708,-0.847040235501
Gutierrez,5,2.53250930239,-1.23776070786,-1.62237634599
Gutierrez,6,1.72070183799,-0.471067020636,-1.69733491393
Gutierrez,7,1.60282737082,-0.332745748713,-0.701002627174
Gutierrez,8,1.59606379675,-0.646708200748,-0.745152582958
Gutierrez,9,1.95766749774,-0.91493624737,-0.573587724767
Gutierrez,10,1.79371353336,-0.723738062903,-0.717131534548
Gutierrez,11,0.833245859136,0.311350324219,-1.45340061766
Gutierrez,12,1.19493949678,-0.297242777994,-0.929601966247
Gutierrez,13,0.792149946931,-0.359604160595,-0.823864609243
Stanca,1,0.0485064271845,-0.748593666143,-2.09784515256
Montagnier,1,1.11494973097,0.919869009517,-2.58046247226
Orozco,1,-0.707982426064,-0.140184782852,-1.95797136608
Liu,1,-2.20821640363,-0.313012628676,-0.300976377658
Liu,2,-2.11696833765,-0.495546583151,-1.30256053347
Liu,3,-2.6927637158,-0.58982117632,-0.847799240719
Liu,4,-1.28758078642,-0.111444681599,-2.3154459249
Liu,5,-1.96514497937,-0.0711473786046,-2.48232160513
Sagnier,1,-1.14127303572,0.726128767992,-2.33686525549
Sagnier,2,-1.64904690834,1.22737026555,-2.23416660203
Sagnier,3,-1.78527690274,1.51470301616,-3.01458354394
Sagnier,4,-1.74490304421,0.675602734355,-1.32495519182
Sagnier,5,-0.0694832903485,0.987513276815,-2.05459615044
Ovalle,1,1.65955841999,-0.110773906098,-1.36954496676
Berrondo,1,0.383944431304,2.65633659108,-0.994464358919
Ernesto,Derbez,Bautista,1.32705408801,-0.95985231582
Ernesto,Derbez,Bautista,1.03961692007,-1.4555495493
Ernesto,Derbez,Bautista,1.56757804859,-0.959315139294
Ernesto,Derbez,Bautista,1.08876752935,-0.607675006822
Ernesto,Derbez,Bautista,2.16470062803,-0.924330040469
Ernesto,Derbez,Bautista,1.86473718583,-0.438938395688
Figo,1,1.61590697064,0.429989959004,-1.44985781729
Figo,2,0.817886213629,0.219346480965,-1.45042342289
Figo,3,1.68449820328,1.78078361872,-1.43680055319
Figo,4,0.625099011929,0.648666990129,-1.17745538783
Fonsi,1,1.67296471179,0.457838254935,-1.1055200936
Gonzalez,1,0.598766212612,0.0200894584895,0.029065284502
Gonzalez,Macchi,1,-0.985137481138,0.763259722668
Gonzalez,Macchi,2,-1.0012414602,0.320699479375
Gonzalez,Macchi,3,-1.59991214295,0.955504614375
Gonzalez,Macchi,4,-0.535172621376,0.73586765695
Gonzalez,Macchi,5,-1.85736682617,1.15353635791
Guzman,1,2.85191372641,-0.416626248884,-0.932480723161
Horna,1,1.19395276635,0.703662174508,-1.47305678497
Horna,3,1.44159389102,0.123543502823,-0.545103270716
Horna,4,0.692326183188,0.575978257601,-0.813995389443
Horna,5,2.12654238748,0.328620530507,-0.884935826735
Horna,6,2.15165819948,0.466398366169,-0.941429428401
Rosario,Huertas,1,-0.221506802735,-0.838993907432
Sanchez,1,1.32918371961,0.013553435935,-0.339952125738
Felipe,Scolari,1,-1.18619731582,1.21448420142
Felipe,Scolari,2,-1.45523641544,1.35414215003
Inacio,Lula,da,1.0,0.311003637418
Inacio,Lula,da,2.0,2.15517300416
Inacio,Lula,da,3.0,1.46556433134
Inacio,Lula,da,4.0,1.10061572236
Inacio,Lula,da,5.0,1.67505136479
Inacio,Lula,da,6.0,0.603848339744
Inacio,Lula,da,7.0,0.74556360463
Inacio,Lula,da,8.0,1.22329995093
Inacio,Lula,da,9.0,0.931187955446
Inacio,Lula,da,10.0,1.68924865692
Inacio,Lula,da,11.0,1.07896046743
Inacio,Lula,da,12.0,1.1832750067
Inacio,Lula,da,13.0,0.859084330315
Inacio,Lula,da,14.0,1.05537189892
Inacio,Lula,da,15.0,1.03357715845
Inacio,Lula,da,16.0,1.19025319213
Inacio,Lula,da,17.0,1.09692013658
Inacio,Lula,da,18.0,0.474886701269
Inacio,Lula,da,19.0,0.275447839927
Inacio,Lula,da,20.0,0.925602014714
Inacio,Lula,da,21.0,1.13177910835
Inacio,Lula,da,22.0,1.82622698701
Inacio,Lula,da,23.0,0.310297366375
Inacio,Lula,da,24.0,1.05004269018
Inacio,Lula,da,25.0,1.50905845231
Inacio,Lula,da,26.0,1.41355023692
Inacio,Lula,da,27.0,0.331733384548
Inacio,Lula,da,28.0,0.944236878399
Inacio,Lula,da,29.0,1.11537279527
Inacio,Lula,da,30.0,1.27933262449
Inacio,Lula,da,31.0,0.964375227792
Inacio,Lula,da,32.0,2.72694429863
Inacio,Lula,da,34.0,1.55102101986
Inacio,Lula,da,35.0,1.83053805074
Inacio,Lula,da,36.0,0.258573287911
Inacio,Lula,da,37.0,1.99750404461
Inacio,Lula,da,38.0,1.16397781115
Inacio,Lula,da,39.0,1.47880441098
Inacio,Lula,da,40.0,1.14188507358
Inacio,Lula,da,41.0,0.992990029644
Inacio,Lula,da,42.0,0.994762221605
Inacio,Lula,da,43.0,0.242068957657
Inacio,Lula,da,44.0,0.406696167522
Inacio,Lula,da,45.0,0.782236162067
Inacio,Lula,da,46.0,0.242848469839
Inacio,Lula,da,47.0,1.9363566294
Inacio,Lula,da,48.0,1.50353349922
Ridnour,1,1.11511348086,1.61173218123,-2.55980272318
Smith,1,0.436744421345,0.561686595713,-1.19221094224
Walton,1,1.26285878764,1.16330523584,-3.38564988794
Walton,2,1.28377172935,1.25944634258,-2.40662335875
Linquan,1,1.60765564893,-1.3217764845,-1.44647703069
Htu,1,-0.483011521874,-1.17925449266,-0.473148143681
Freitag,1,0.402891359923,0.865666829077,-2.10419840038
Shum,1,0.313173967391,-0.287121750175,-3.37309296223
Lovett,1,1.03954028637,0.969909003412,-2.17482950909
Vanclief,1,1.3058463653,1.46567047753,-2.0306173534
Vanclief,2,1.22422343544,1.82232298388,-1.93011660579
Abraham,1,0.627858717795,0.916224995768,-1.96481938717
Abraham,2,0.574897031044,0.975372373953,-2.20578356
Cheney,1,-1.51817811912,0.812216397671,-1.41904845698
Cheney,2,-0.326921695013,0.634957839014,-1.71802216867
Cheney,3,-0.479070877746,0.68673336387,-1.86967979998
Slepian,1,-1.26079098989,1.34505567556,-1.38743391751
Thigpen,1,-0.0510310735139,-1.28331857136,-0.993923971209
Redgrave,1,-1.68569776615,1.11210211018,-2.26216406434
Redgrave,2,-1.86624601438,1.82236424943,-1.86218012623
Redgrave,3,-1.19738485778,0.97994834078,-1.88577880538
Putin,1,-0.694756814827,0.813399419412,-3.26010861521
Brown,1,1.43801552849,1.22545425523,-1.87531829299
Brown,2,1.37165575513,1.48508186106,-2.09121605779
Albright,1,-0.507608039282,0.782270048503,-3.05847644744
Albright,2,-0.311123587683,1.43000352848,-1.6194618872
Albright,3,-0.180387768356,1.34880450726,-2.18019471092
Webber,1,-0.675734366421,1.86799945316,-2.96563323324
Overhouse,1,-0.586899425495,0.00967502073599,-2.6789982825
1,-1.62570368395,-0.380018609727,-2.45483646062,-2.33057327409
2,-0.181574332842,-1.4215373388,-0.15140208513,-0.512279356652
3,-1.51248130342,0.0112956694799,-2.47182600471,-1.68757510202
4,-1.37525788,-1.03513118735,-3.45052615835,-2.18577011781
5,-2.18241025538,-1.2413573902,-1.80713680734,-2.23208938988
Jemison,1,-0.6643675635,-0.97929633282,0.433367173261
Kertasz,1,-1.43905680884,0.391567109304,-1.67786621842
Maleeva,1,-0.205157658843,-0.146426274136,-0.982826809141
Maleeva,2,-0.450051493812,0.351475499998,-2.20867930751
Maleeva,3,-0.564521802533,1.20016487965,-1.51254457149
Cheung,1,-1.91562504208,-1.09880434931,-2.74690149688
Smith,1,-0.875502420065,1.11531314315,-2.0245457
Smith,2,0.129878331571,0.80519653932,-1.55342579134
Serna,1,-0.189376728547,-0.123001438904,-1.48242163071
Serna,2,0.22174269373,0.793089332666,-1.70223784923
Habib,1,-1.13542886984,0.0436066427511,-1.83055042184
Mohamad,1,1.86621317484,-0.647312498898,-0.800781853597
Mohamad,2,1.60967025579,-0.62647756471,-1.0563088075
Mohamad,3,1.33452379773,-0.636101203837,-1.4971326989
Mohamad,4,0.419926034579,0.0407480619919,-1.04310259707
Mohamad,5,1.14800085578,-0.787467246623,-0.82884203472
Mohamad,6,0.766133493833,-1.39951504965,-1.36444137396
Mohamad,7,0.560053633612,0.135634826692,-1.93085388921
Mohamad,8,1.03906481619,0.330319826962,-1.62729195146
Mohamad,9,0.578976299181,-1.41281686036,-1.81521158568
Mohamad,10,1.36597995028,0.419705120873,-1.74853198615
Mohamad,11,2.0410329682,-1.21092529043,-0.378615392176
Mohamad,12,1.24254033923,-0.189351939541,-1.03935110452
Mohamad,13,1.12480920556,-1.4863076613,-1.42474819166
Mohamad,14,0.538741587114,0.581984793857,-2.06519628876
Al,Bassam,1,-1.51186347908,0.51708421066
Chaudhry,1,0.735310276102,-0.153830817364,0.100281467012
Chaudhari,1,-1.91985834032,-1.19167462627,-1.6899017932
Abbas,1,0.97858644238,0.287479148945,-0.870596544179
Abbas,2,1.94513123428,-0.128400768824,-1.16051770853
Abbas,3,1.31238559895,-0.0558307267333,-0.960296062573
Abbas,4,1.48913905419,-0.364889127468,-1.62688373497
Abbas,5,0.427080524813,0.79291233918,-0.202376164529
Abbas,6,1.05715425959,-0.711438352132,-0.450693955677
Abbas,7,0.799949997246,0.112680933815,-1.41825332026
Abbas,8,1.1629470463,0.0446976889877,-0.66574626965
Abbas,9,1.02676736915,-0.118528345976,-0.563342150698
Abbas,10,1.33335178533,0.106431848461,-0.647857233997
Abbas,11,1.45998780998,-0.191084034195,-1.11706513414
Abbas,12,1.48033357385,0.170095580804,-1.15269316458
Abbas,13,1.10589715771,0.0646285572746,-1.21602570008
Abbas,14,1.15775916472,-0.602440816662,-1.11547848946
Abbas,15,1.92557273497,-0.664003992461,-0.395528002565
Abbas,16,1.63081516866,-0.35247878268,-1.46450010401
Abbas,17,1.6701103666,-1.62438378072,-0.805472669278
Abbas,18,1.65404672218,0.65546843116,-1.16337647842
Abbas,19,1.38371496025,0.453503802008,-0.959533152942
Abbas,20,1.19515617996,0.523044551616,-0.879230843693
Abbas,21,0.929159177846,-0.175223640132,-0.772831121382
Abbas,22,1.35709116101,0.815892002613,-1.04514912672
Abbas,23,1.71843832124,0.298279840335,-0.968864575348
Abbas,24,1.68098400845,-0.130686219201,-1.6619731124
Abbas,25,1.75166122537,-0.729244818429,-0.0924064940686
Abbas,26,0.498225815454,0.52457532455,-0.0413189775548
Abbas,27,1.56116869615,-0.537551645851,-0.523568890445
Abbas,28,2.47017474393,0.115927135905,-0.186683607089
Abbas,29,1.40749529343,-0.0492124327444,-0.453268237187
Al,Zhar,1,-1.83902085382,0.972542791996
Diyab,al-Ahmed,1,-2.22389017707,0.218594623127
Amin,Fahim,1,-1.12795557107,-0.188443217161
Amin,Fahim,2,-1.62623197159,-0.50638266504
Amin,Fahim,3,-1.10099437011,-0.392828501942
Tanaka,1,-0.782142951971,-0.480800351426,-2.75929050056
Ali,Hassan,1,-1.43929679119,-0.333194084868
Habbak,1,-0.358365060983,-0.412143122894,-1.00104705407
Glazer,1,1.59024906519,1.80305958047,-0.877995404027
Jamal,Warner,1,-0.991746815375,-1.11587806218
Wild,1,0.936925388331,0.86767450073,-1.12515522129
Mahmud,1,0.868454186695,-0.086831166324,-2.13130533455
Habib,1,1.88147896591,-0.355643683495,-1.25125487624
Reyes,Villa,1,-1.28068676803,1.26778209354
Stolpe,1,1.63366627967,0.953707393605,-1.46761815686
Stolpe,2,1.53745084254,1.48652377427,-1.94903556546
Hekmat,1,-1.53036849455,0.0398191105205,-2.06263901356
Montebrun,1,1.17381232521,0.400290060629,-0.713580906309
Gehring,1,1.18944992472,-0.665328957199,-1.76669341451
Jesus,1,1.34885664145,0.755174454102,-2.05863789542
Llorente,1,1.03478944335,0.723903042789,-0.625882790977
Pellegrini,1,0.985254877385,0.488763913102,-0.662075812112
Poggiali,1,0.230258523036,-0.410372663727,-0.863689658693
Poggiali,2,1.53674284726,0.385078767271,-1.04046755719
Rosendo,1,1.45522327393,-0.550521133161,-1.63836735631
Georges,1,-2.37155070481,0.797035693804,-2.28352681723
Safin,1,1.32718560831,1.3749090071,-1.2455929826
Safin,2,1.2544102725,0.386299142682,-1.89165090108
Safin,3,1.98353580838,0.962807771745,-2.25632305473
Fleury,1,0.770132943501,0.933296803842,-1.13128046216
Fleury,2,1.01911284456,1.68018439823,-1.58476670026
Anthony,1,0.504779342534,-0.25629708229,-1.23247976289
Bulger,1,1.13377184851,1.03466373433,-2.65364241247
Anderson,1,-0.568960851491,1.08624150719,-2.47598760897
Bielsa,1,0.569666705662,0.84041796195,-2.31005058626
Ebrard,1,1.58974144128,0.901699671426,-3.23103354412
Ebrard,2,1.83898610235,1.14116583883,-1.97349212238
Ebrard,3,1.04216084874,0.790403737343,-2.11291127844
Rios,1,-0.00770111259524,-0.147429969503,-1.91619547435
Rios,2,1.25063597216,0.360134659882,-0.264478562508
Rios,3,0.907284336121,0.354595763827,-1.71724862233
Rios,4,0.491773787624,-0.471024164401,-1.09012793843
Rios,5,1.77988607203,-0.314637199703,-1.99883868312
Salas,1,1.87381276224,-0.0880412212664,-2.10751345073
Salas,2,2.51796828938,0.27568367103,-1.80218894913
Salas,3,1.02679588763,-1.59836940797,-2.46290276891
Gold,1,0.396038535948,0.123182226283,-1.18069331663
Grossman,1,0.711848964014,1.76359857837,-2.00341545492
Grossman,2,1.41009212935,1.35684474612,-2.64596214346
Grossman,3,0.498912650217,1.43461046332,-1.9717232922
Grossman,4,0.492423075575,1.52111685067,-2.19936443633
de,Souza,1,-2.64376300013,-0.279238418513
Leger,1,0.94763102812,1.44218760721,-3.20233992982
Antonio,Barrera,1,-1.08482088001,0.43907543407
Antonio,Barrera,2,-1.32394824171,-0.186530048366
Antonio,Barrera,3,-1.98135195651,0.539946978852
Antonio,Barrera,4,-1.48381512006,-0.674307845405
Antonio,Barrera,5,-0.322065505629,-0.605910874385
Antonio,Barrera,6,-1.34807939544,0.262873897546
Archer,Cardoso,Moreira,1.17345268135,-2.25457539363
Irizarry,1,0.488450929474,0.8434299563,-1.32823502821
Pantani,1,1.52990639883,-0.344613179644,-1.21235365913
Cafu,1,1.78241577467,-0.40452783057,-1.73883334919
Daniel,Jimenez,1,-1.52613219349,1.82287675235
Milinkovic,1,1.0325466806,0.941809082493,-1.62917368433
Racicot,1,0.969090892228,0.637952366142,-1.38165795828
Shaiman,1,1.02558159226,0.916279127037,-0.77559230259
Allen,1,1.27336912805,-0.645630144239,0.681608744166
Garrettson,1,0.626164942495,0.18110260156,-1.81598190748
Gronholm,1,-0.147467741351,1.83636661082,-3.17151278906
Gronholm,2,1.96076775212,1.01685806808,-1.92020390619
Caruso,1,-0.61894711674,1.07595347613,-1.99620185298
Hasley,1,-2.03345347625,-0.0755413191703,-1.83009893486
Hoelzer,1,0.0288145369623,1.42252494156,-2.20946387995
Okayo,1,-0.292393609846,-2.24245144178,1.72939446517
Thatcher,1,-0.368482115903,1.43467636285,-2.68581158442
Thatcher,2,-0.29762737344,1.22992877116,-2.9653435043
Bakley,1,-0.705212880048,0.818664388326,-1.60699238475
Puente,1,-1.44425434685,0.428191499399,-1.51605165075
Bello,1,-1.4582526775,0.140949697994,-1.25928321289
Burks,1,-0.432498920594,0.487306201122,-2.74764365372
Callas,1,-0.468765338638,-0.133997455562,-0.449167390428
Conchita,Alonso,1,0.130682970946,-1.04288498432
Garcia,1,-1.62689086164,-0.366657194772,-2.58523291663
Guida,1,-1.45674504643,0.220984759737,-1.23435012994
Carey,1,-0.299227459497,0.309212152083,-2.54497594181
Carey,2,-1.82908869384,1.23723396667,-0.628258139061
Carey,3,-0.874577991964,0.841044821253,-1.0711548927
Carey,4,-1.88612061729,1.77997775195,-1.52991480308
Carey,5,-1.67482444635,2.19329439242,-2.5275603682
Carey,6,-0.143422365734,1.18582400333,-2.26878567809
Carey,7,-2.42301312291,1.17949805962,-1.45690749243
Luisa,Mendonca,1,-1.72319605662,0.942311615104
Luisa,Mendonca,2,-0.604671765254,0.911643631672
Ali,Hassan,1,-1.39958222716,-0.706146294497
Gonzalez,1,-1.07929394162,0.651783288763,-1.38138480535
Ohata,1,-0.842785266685,-0.724128583918,-0.229905107052
Pollack,1,-0.197375089725,1.35966934858,-2.38959733932
Pollack,2,-0.186822738971,1.69997755394,-2.62069408566
Pollack,3,-1.09897281338,1.35401409452,-2.71863264986
Dolan,1,-0.399013868115,0.369142413546,-1.82319164232
Ruiz,Torrealba,1,-1.13002177124,1.18566393738
Ruiz,Torrealba,2,-0.00952547185701,-0.550302306993
Ruiz,Torrealba,3,-0.296712674621,-0.385891050171
Stanley,1,-0.844894094399,-0.0459575279028,-3.29173435677
Zabaleta,1,0.00941796339843,-0.363179818444,-1.45004306492
Sanchez,Lorenzo,1,-1.35074583212,0.664354949396
Shkolnikova,1,1.58182606848,-0.206596109583,-1.7351069975
Shriver,1,-1.06578539963,0.440154837997,-1.22975732964
Shriver,2,-0.985607015516,0.765950599606,-1.88297076902
Shriver,3,-1.51312532838,0.552796669069,-1.84940049108
Shriver,4,-1.23433703066,1.82084422802,-1.86863028643
Shriver,5,-0.794885769829,0.32040334826,-1.26400489412
Shriver,6,-1.45053625547,0.701520757628,-1.05025617335
Shriver,7,-0.421295133602,1.15116805362,-1.48104110473
Shriver,8,-1.96836425555,0.255964412957,-0.551297211386
Simon,1,-1.52442099225,1.96658553182,-1.38782032112
Soledad,Alvear,Valenzuela,-0.516657940991,-1.1232516173
Soledad,Alvear,Valenzuela,-2.92968164681,0.974932790095
Soledad,Alvear,Valenzuela,-1.66879901811,-0.541209030879
Soledad,Alvear,Valenzuela,-0.622385119924,-0.429862764059
Soledad,Alvear,Valenzuela,-1.26259871432,-0.732653162589
Wetterstrand,1,-1.4574284004,0.240264583607,-2.27597067372
Dominguez,1,0.941098088144,-1.23648300907,0.441685957303
Haghal,1,0.851826643218,-0.673861129469,-0.96073272405
Croze,1,-0.547442577508,0.73446781149,-2.05662778064
Le,Gougne,1,-2.17615348452,2.28843417393
Le,Gougne,2,-1.00861637293,1.18682706981
Chrousala,1,-1.58828916266,0.322847224306,-1.52614482919
Chrousala,2,-1.15686361345,-0.152686711103,0.307724962781
Chrousala,3,-2.13996528261,0.703543253634,-1.44934211603
Monroe,1,-0.321619498919,0.739391216949,-0.923084930052
Monroe,2,0.00205348187429,0.96975454322,-1.13335977266
Anissina,1,-1.2862138278,1.23020427463,-3.53422444175
Anissina,2,-0.780263925008,1.37549165947,-4.04299689588
Canetti,1,0.841733929271,0.660351415675,-0.0497548485295
Hands,1,-2.21427517682,0.0280135700639,-1.19341119419
Kuptsova,1,-0.00711169069996,0.160465141843,-1.56206731386
Silva,1,0.171000468368,0.41635366768,-2.27646000107
Alfaro-Lopez,1,-0.103829419889,-1.05293312294,-1.49560277887
Austin,1,1.30050941858,-1.96328737291,1.19000265598
Cipollini,1,1.13430759141,0.581570317937,-0.598420757108
Cipollini,2,0.576276061672,1.60393713061,-1.47309962721
Dominguez,1,1.58795047508,1.89081515776,-2.3812359347
Dumont,1,1.93649457314,1.27438880405,-3.06981136367
Dumont,2,1.86062070573,0.937100362169,-3.67224928696
Gallegos,1,1.19136255525,-1.53298024973,-1.98596369456
Jardel,1,1.22535692679,0.0600209718517,-1.60186848163
Kreutzberger,1,0.700607887255,-0.812948115321,-2.23768983665
Kreutzberger,2,1.44734417059,1.74287310855,-1.77845743637
Lemieux,1,1.03857359111,1.35480742851,-2.0487039964
Lobo,Zagallo,1,-2.19649118057,1.34192760298
Barry,1,1.63529026408,-0.908279212573,0.437110283561
Fahnestock,1,-0.901745400634,0.480416744485,-1.53466686007
Puzo,1,0.159986915217,0.765912147936,-1.59518227814
Vasquez,Rana,1,-1.27551361215,-0.187141173002
Tomei,1,-1.4009309627,0.264357010667,-2.65408034908
Tomei,2,-1.16479083964,0.392443179554,-2.9577870994
Breton,1,-1.5495074239,-0.0848580759177,-1.95244057766
Martinez,Sambran,1,-0.121512102353,0.186625822455
Jaret,Winokur,1,-0.312033287908,-0.141221417736
Jaret,Winokur,2,-0.824098688076,0.338049612711
Macias,Furano,1,-1.31517372367,0.84837159868
Andrew,1,2.10842785145,-0.171066272983,-1.19079203974
Bellhorn,1,0.323820223827,-0.141349348681,-1.46188839327
Broxmeyer,1,0.896652518081,1.39439861072,-2.43737783087
Butcher,1,1.75003603614,0.242994131102,-2.6795244617
Cuban,1,0.904152779169,0.450945782756,-1.8517878551
Cuban,2,1.20835586317,0.668302978305,-2.175771543
Dacey,1,0.836073238928,0.751057233888,-3.16590988804
Dacey,2,0.757107465068,1.05863092362,-2.56542013946
Everson,1,0.622192137252,1.44571580626,-2.23257961347
Foley,1,0.0602986181692,0.328184611405,-0.999740334689
Gangloff,1,0.427136008221,0.808113658449,-1.5567736059
Geragos,1,0.0897939228696,0.534413007592,-2.35193380031
Geragos,2,0.946744334225,-0.213773536272,-1.77915840272
Gottfried,1,1.0369512811,1.3253796546,-2.29687243844
Gottfried,2,0.499634243149,0.459910559598,-2.25188294085
Gottfried,3,0.398210070465,0.592107099933,-1.76935249407
Hamister,1,0.773168550884,0.26667337908,-1.98345159897
Hamister,2,0.385245593827,1.01032549482,-2.7066662285
Hanson,1,0.75677021375,0.980990859727,-1.82992597583
Heller,1,-0.443502321409,0.489030963931,-2.24572679993
Heller,2,0.637167758223,0.179542032222,-1.38047340403
Hogan,1,0.705913266031,1.2050354038,-2.26523662004
Hurlbert,1,2.15107581759,0.525437680914,-0.94449088819
Hurlbert,2,0.925406757571,2.24557134325,-1.79882056812
Hurlbert,3,1.81446806156,2.52414641203,-1.82970189439
Hurlbert,4,1.47663260505,2.57753041287,-1.70799249951
Hurlbert,5,1.09692710781,1.33641379434,-2.76668188667
Kelly,1,1.74668918672,1.88908290629,-2.24120218173
Komara,1,1.20628358089,-1.2082009723,1.13769371701
Lazarus,1,0.878160716242,1.07543360866,-2.10030626412
Leno,1,1.1058842906,1.170777872,-1.39437930447
Mariscal,1,1.39885320995,1.66924631788,-2.15529476589
Martin,1,1.3581035956,1.14038722532,-1.83791082845
McClellan,1,-0.127955008597,1.07061611829,-2.01953517305
Mishkin,1,1.47400354776,-0.524769479955,-0.927650227978
Mulder,1,1.57624907303,0.94755986437,-0.387327959151
Philippoussis,1,1.2033870011,0.762694894687,-1.34762549988
Philippoussis,2,1.56687732431,0.308216357679,-2.37410943504
Philippoussis,3,1.77556573194,0.458828066573,-2.30485386281
Philippoussis,4,0.164850676999,0.942113261485,-1.61033181472
Philippoussis,5,1.33285716462,-0.378564842899,-1.77686833342
Philippoussis,6,1.2339640956,0.764348302898,-2.01210994257
Philippoussis,7,1.74647420224,0.115977080416,-1.66469875904
Philippoussis,8,1.36887200496,-0.407785270745,-0.701682906322
Philippoussis,9,0.5052541086,0.505078604656,-1.89931600626
Philippoussis,10,0.906972721069,0.425308585692,-1.58244126862
Philippoussis,11,1.38918827826,-0.0790481313883,0.149662037771
Podlesny,1,1.50933321509,0.169070468434,-3.65964413754
Polansky,1,2.28718518244,-1.15035729452,-2.70012087725
Redman,1,1.04713051103,1.19561679352,-2.30710831776
Richt,1,1.47146847631,0.139448963145,-0.265839020405
Richt,2,1.48875950539,1.06453867465,-2.49274636743
Richt,3,1.67238041255,1.80548346323,-1.39830091397
Rosenbaum,1,1.68947189983,-0.181228389619,-1.42639984699
Sacco,1,0.576727982601,0.438036015768,-1.73423524477
Salter,1,0.999616774674,0.0842753056309,-2.62173319686
Schweiker,1,1.51247828184,1.04456255726,-2.171235595
Schweiker,2,1.8020666191,0.681314588475,-2.83555939497
Shapiro,1,0.524593843683,2.32097891651,-1.3500678252
Sisk,1,1.95161879055,0.815343095736,-1.70595464451
Stuart,1,1.42094404634,1.09217180766,-2.38651793753
Swartz,1,1.32730770483,1.27545012539,-0.65214329883
Beyer,1,1.26197505198,1.61616937546,-2.6230914194
Naslund,1,0.809845891846,1.71840873117,-3.58779416818
Naslund,2,0.950547794532,1.79341263118,-3.4229734787
Wahlberg,1,0.430417193713,-0.544326681462,-1.35864909122
Wahlberg,2,1.05415769752,1.35898551748,-2.18215522117
Wahlberg,3,0.418018994994,0.782027696636,-0.747671584094
Wahlberg,4,1.64786310057,1.00958170482,-2.08511332126
Warner,1,0.816040739812,0.472104489519,-1.06987629038
Warner,2,0.770556394602,1.83615609738,-2.07561300107
Weingartner,1,0.693001366072,0.35951593874,-1.04903722785
Weingartner,2,-0.310673044602,1.08073309578,-2.05879349096
Devonish,1,1.03152986002,-0.116535071801,-0.44855459354
Montano,Contreras,1,-1.28112313222,-1.32814184509
Estill,1,0.868007057609,-1.75433978853,0.799445960857
Ambrosius,1,-0.795654423411,-1.30530733347,0.025901931079
Sharp,1,-0.95375167226,-0.0453775456698,-2.98303543051
Thomason,1,-0.759602829815,-0.875992558353,0.228765289891
Dominguz,1,-0.52376662544,2.02225957133,-1.66426144802
Beatriz,Roque,1,-1.5001448947,0.71649090515
Beatriz,Roque,2,-1.2132807142,1.1202254329
Bowen,1,-1.1647673286,-0.191390217025,-0.630129150478
Bowen,2,-1.02603027206,1.16410955173,-2.01194720621
Burk,1,-1.13430159898,0.763009549472,-1.99134237468
Burk,2,-1.05312061552,0.29344991549,-3.20526474396
Burk,3,-0.623250100737,1.40355134379,-2.36732113926
Burk,4,-0.214198531313,0.317471141546,-2.05229859842
Lucia,Ramirez,1,-0.759493350302,-0.401771524876
Lucia,Ramirez,2,-1.60863083679,-0.165891364047
Lucia,Ramirez,3,-1.13042679375,0.0880694355225
Lucia,Ramirez,4,-1.40430338443,0.572845434985
Martinez,Flores,1,0.291734452645,0.197182154666
Sahagun,de,Fox,-1.08693462535,-2.19306326208
Smith,1,-0.814157216105,0.249215151485,-0.866408006949
Stewart,1,-1.32108492905,1.90828361045,-2.17493008319
Stewart,2,-0.62247240922,1.33461449959,-1.45968474869
Stewart,3,-1.50567044363,1.13347714452,-1.87987938828
Stewart,4,-1.10691048315,0.662818060875,-0.619783137282
Stewart,5,-0.845980635811,1.40094589394,-2.68109080405
Maguire,1,-1.87471587462,1.984139967,-1.96915864985
Hingis,1,-0.290755341162,0.295202674434,-2.69800137742
Hingis,2,-0.297305082825,0.0662798760038,-1.3573213404
Hingis,3,1.02724721641,-0.0337846659719,-1.08910993783
McBride,1,-2.20249094905,1.73109164978,-1.58222589417
McBride,2,-0.510308945205,-0.358972118556,-0.496171774033
McBride,3,-1.70319768808,0.998460578207,-2.138478898
McBride,4,-2.67789741943,1.06896229683,-1.63494140107
McBride,5,-3.11063625729,0.590741680742,-1.30334107584
Bandier,1,0.861971602348,0.810023460215,-1.91127082924
Boryczewski,1,0.156714796382,2.23881863502,-2.87181448537
Brodeur,1,1.43639765463,1.08688541103,-1.79410771041
Brodeur,2,-0.00956250729575,0.805623276539,-1.58298747942
Brooke,1,1.03714854748,0.714221393332,-1.95849268892
Burnham,1,1.23426313732,0.257179023725,-2.38913870535
Cauchon,1,0.380316344587,0.0627948664469,-2.60856149181
Cauchon,2,0.851468737773,-0.0924234537323,-2.38371723244
Frost,1,0.623830943019,0.896071453814,-2.17375839458
Gecht,1,0.35266073788,-0.265322149728,-1.30050357113
Hoellwarth,1,0.430879902573,-1.03008340898,-1.70570683454
Hoellwarth,2,0.0971466440492,1.05298311667,-3.28046313505
Howard,1,1.21040472839,0.164720095962,-2.43391929512
Keown,1,1.21893218593,0.79413927186,-1.15661896435
Kristof,1,0.192453566029,0.718745398242,-1.65359497179
Landau,1,1.06630223897,1.69047708243,-1.65347712945
Lawrence,1,0.607397418954,-1.23481686651,0.0165560828061
Luther,King,III,0.647933646312,-2.6277301688
McCauley,1,1.24358074061,1.17444335557,-2.26679058122
McCauley,2,1.85857362285,1.13736701876,-1.21381774963
McGuinness,1,0.756962144181,0.706893746756,-1.18001068168
McGuinness,2,0.802789002016,0.587005515114,-1.56937369017
McGuinness,3,0.568331343774,0.739954633942,-1.73240190605
McGuinness,4,0.933882415098,0.74460790613,-0.43024062216
McGuinness,5,0.202413376994,0.931920280977,-2.5019789835
ONeill,1,0.993376307828,0.847119918372,-1.38954599772
Rodriguez,1,0.944356366699,0.362282063029,-0.771363058552
Scorsese,1,-1.26312240197,1.82828768242,-2.60232160982
Scorsese,2,0.611948045752,0.578578418746,-2.41259810487
Scorsese,3,-0.0499569070377,0.87044711246,-2.53365454468
Scorsese,4,1.21115479548,0.671143279822,-1.8912674968
Scorsese,5,0.188041003173,2.31874732946,-2.74650474342
Scorsese,7,1.97331160579,0.274984653661,-2.21643268397
Sheen,1,0.564548601154,1.21565552618,-2.87508965933
Sheen,2,0.598983619655,0.373868197536,-1.93860620436
Short,1,1.27695167879,-0.390506381641,-0.503950335852
Torrijos,1,0.910698802348,0.831385044018,-2.09897212581
Verkerk,1,1.21334291705,0.619432235885,-1.97390747426
Verkerk,2,2.40720625902,-0.0138751237456,-0.656786333023
Verkerk,3,0.83765230115,-0.209793333745,-1.93450988904
Mornhinweg,1,-0.10667777475,1.0543197267,-2.61520537535
Mornhinweg,2,1.19390887533,1.01451235458,-2.32092493287
Mornhinweg,3,1.49355877102,1.80645936757,-0.846170116625
Atapattu,1,0.977328777381,-0.0720286366903,-2.60721142434
Barghouthi,1,0.782807867012,-1.65454432238,-1.78169019432
Barghouthi,2,1.46071060763,-1.0673708136,-0.811686813505
Muasher,1,1.18965962895,-0.88313405951,-1.07495862973
Anne,Souza,1,-1.46401804375,1.09283080153
Blige,1,-1.41609325753,-0.825999006959,-0.168091690649
Bono,1,-2.15732057245,2.22421148674,-2.70572907149
Carey,1,-2.49099173586,1.17354834186,-0.806592470019
Carey,2,-0.747493265696,0.529791886592,-1.90306867451
Carey,3,-0.51867902278,-0.179817393736,-0.824207617327
Carey,4,-0.603736108797,1.64474162334,-1.91938660711
Catherine,Correll,1,-1.71533512172,1.38066453044
Descenza,1,-1.2163688573,2.69185758247,-2.05594353333
Elizabeth,Mastrantonio,1,-1.86443709081,0.71476509561
Frances,Seiter,1,-0.700713888984,-0.330058931971
Hill,1,-0.376161398514,0.871832603609,-2.04101294449
Jo,Myers,1,-1.64926875143,1.09989037126
Olsen,1,-2.10018491491,1.07146707549,-1.09806688035
Olsen,2,-1.65968289395,1.89643981196,-2.84455042252
Olsen,3,-2.29652613599,1.07195086625,-2.25422247179
Katherine,Smart,1,-0.784786658454,0.701209779367
Landrieu,1,-1.03391233049,1.48081249763,-2.48242961281
Landrieu,2,-0.807704423915,1.70170941047,-1.9660629616
Landrieu,3,-1.71436256139,1.09418888212,-1.95469605609
Lou,Markakis,1,-1.94387531524,2.0866977343
Lou,Retton,1,-1.76019268486,0.48424611769
Maddux,1,-0.840930622799,1.95702792745,-2.40834062265
Matalin,1,-0.980815315239,1.80115699174,-1.57302591533
McCarty,1,-1.63291775787,1.67393518812,-3.04014965937
McKenna,1,-0.497311907541,0.600777684553,-0.812422127274
Robinson,1,-1.0434466081,0.484989229965,-2.56203941141
Steenburgen,1,-1.6454043575,1.5458546126,-3.06817564269
Steenburgen,2,-1.75961693809,-0.0615238146688,-2.20840136659
Steenburgen,3,-2.20309470678,0.207905937789,-1.75763713137
Sue,Coleman,1,-1.62648173781,1.52141076526
Tyler,Moore,1,-1.07838737253,0.738752021129
Tyler,Moore,2,-1.41667711688,1.07238224002
Zorn,1,0.187994376968,1.61470981442,-2.37167132956
Nagasawa,1,-0.489858974116,-1.32583835356,-3.44408935459
Nagasawa,2,-0.606274131205,-1.15250194264,-2.04159982088
Tokuyama,1,1.67718824573,-0.656307747893,-1.58219615663
Azuma,1,0.280820856787,0.882451291296,-1.30156974505
Hayami,1,1.10048322518,-0.689431607305,-1.38906732145
Koshiba,1,0.559678136849,-0.838793386767,-1.13263736655
Juel,1,-2.3841705431,1.05031795616,-1.38924514102
Barzani,1,1.98947376641,-0.664786985541,-1.90629169637
Turker,1,0.925846619323,0.615395491114,-1.47326349777
Turker,2,0.85366472136,0.92407190683,-1.75671928394
Turker,3,1.75739436911,-0.346475147926,-2.48882418657
Reichhold,1,1.69507359043,1.11263481506,-1.42330440959
Reichhold,2,1.8320090289,1.03467158813,-1.10806881004
Reichhold,3,0.884704044693,1.69276757475,-2.66083988901
Karel,Spak,1,-0.720849359894,-0.0443807834815
Anderson,1,0.837534103059,-0.223459713503,-2.41964123446
Braker,1,0.728264842242,0.337987629334,-2.18612484207
Damon,1,1.67552307814,1.16772657942,-2.58101826076
Damon,2,0.65520108608,1.21478004394,-1.27958247262
Damon,3,-0.0163123782406,-0.485339832584,-0.986122797581
Damon,4,1.05914889454,2.26370254025,-2.82630361418
Dillon,1,0.240380678942,1.03398451317,-0.718449807148
Dillon,2,1.33392967055,0.644195848776,-1.25364049642
Dillon,3,0.139701220884,1.71173922623,-2.43403183559
Doherty,1,1.50249172756,1.54214510405,-1.7555983214
Doherty,2,0.787250584642,0.474608078734,-1.39401631883
Doherty,3,0.91955670452,0.0345552073863,-1.64250155264
Herden,1,0.654852447903,1.36938294735,-2.40801785812
Broderick,1,1.18091408446,-0.0978732458865,-0.985825086316
Broderick,2,0.785593814954,-0.206363297392,-1.50813164238
Broderick,3,-0.0341480247738,0.989185668081,-1.41859346594
Broderick,4,0.597935964078,0.623891864133,-1.83152911625
During,1,1.71241769982,0.819362091887,-1.60615385969
McConaughey,1,0.376370728319,1.08118192567,-1.75305285878
Ouimet,1,1.56989841839,0.531508038304,-1.64320773553
Perry,1,0.761581701786,0.978211494193,-1.18575842434
Perry,2,0.583527890321,0.910655751415,-2.34871786908
Perry,3,0.718592262168,-0.547181421332,-1.36242610109
Perry,4,0.877139986411,1.78625748272,-1.96986146519
Perry,5,1.00930971513,0.910927934591,-2.19420887246
Perry,6,1.56796294711,0.921952627605,-1.2615768281
Perry,7,1.47143048321,1.23460818033,-2.69752785138
Vaughan,1,0.659087299782,1.13890534477,-3.3142660342
Sammer,1,0.673546295632,1.40478245916,-2.08087595102
LeBlanc,1,0.98514409697,0.762860535451,-2.0625441884
Morris,1,1.09511126261,1.45413791676,-1.76294567632
Roney,1,0.24896872404,-0.395749590764,-1.00090735149
Siebrandt,1,0.19695528148,1.05189715435,-1.97442300602
Walters,1,-0.0817785467547,1.20475008973,-2.87831243002
Welsh,1,1.50824319744,2.14394127462,-1.5428608357
Tierney,1,-1.07618345944,1.02942153134,-2.13855751705
Fanning,1,-0.935915893473,1.54411128482,-2.68298065979
Fanning,2,-0.146835035051,1.62046429426,-1.77056499719
Kanka,1,-0.0267969295061,0.173193861914,-2.01509650851
Cheeks,1,0.0777329414882,-0.70307737036,-1.45247368254
Papon,1,1.21742876973,0.0289504732116,-1.72058116775
Strong,1,0.22493661782,1.60786688776,-1.90661235737
Macri,1,1.1342411937,0.47989321455,-2.75563540235
Pochetino,1,0.463391128747,0.225113100319,-1.25875504131
Viza,1,0.79403316047,-0.633319303543,-1.705802749
Baucus,1,0.180003892017,1.25854369167,-0.241369500144
Biaggi,1,1.85046695194,-0.653182630256,-1.74965843697
Afinogenov,1,0.103203226261,0.912154869722,-2.36252253945
Mayfield,1,0.85052323059,0.979459360496,-1.26485853038
Mayfield,2,1.07107121448,1.94925545687,-1.75898846005
Mosley,1,1.00173296602,0.859082552049,-1.76346524781
von,Sydow,1,-1.36943409342,0.182630386251
Moriyama,1,-0.591989621284,-0.280511040246,-2.70543894392
Gibson,1,0.955806991934,0.0155093828366,-0.804134727595
Hammer,1,1.05874837573,-0.232586246965,-0.591916437134
Mullally,1,-1.54739763009,1.91726396382,-2.76030981378
Mullally,2,-1.80942180367,0.219544897021,-1.87729883484
Mullally,3,-1.64445820377,0.920369372166,-2.29005347008
Sukarnoputri,1,-0.0902413756164,-1.36544592863,-1.36510115693
Sukarnoputri,2,-0.644032453449,-1.81363464142,-1.81201500308
Sukarnoputri,3,-0.818978109118,-1.56357540071,-1.50868158743
Sukarnoputri,4,-0.850576595266,-1.38482867602,-2.67325069264
Sukarnoputri,5,-0.716172104147,-1.46729349798,-2.59465953909
Sukarnoputri,6,-0.727005305576,-2.19403371506,-2.00037274691
Sukarnoputri,7,-0.421227964521,-1.08282821064,-1.97507194838
Sukarnoputri,8,-1.47712715777,-1.44341783901,-1.88475582267
Sukarnoputri,9,-0.916278353738,-1.82834153473,-3.12887321848
Sukarnoputri,10,-1.16663181884,-0.689554196643,-2.32787257769
Sukarnoputri,11,-1.06175096369,-0.980875826667,-1.71388283507
Sukarnoputri,12,-0.466402082549,-1.01619231636,-1.28151441654
Sukarnoputri,13,0.220861509185,-0.849752734992,-1.67351313501
Sukarnoputri,14,-1.30989633497,-1.90944609114,-1.74280704751
Sukarnoputri,15,-0.742833449677,-1.34873399745,-1.25650713252
Sukarnoputri,16,-1.11298715631,-0.914899815224,-2.39279597367
Sukarnoputri,17,-0.807335175448,-1.69694048527,-2.13821130102
Sukarnoputri,18,0.108965286897,-1.51533097623,-1.63178862574
Sukarnoputri,19,-0.727226097349,-0.673999400815,-2.20403690448
Sukarnoputri,20,-0.746233635123,-1.73696302546,-3.46213974284
Sukarnoputri,21,-0.690590273713,-1.70949720591,-2.59734917984
Sukarnoputri,22,-0.400131136925,-1.32291022968,-1.65981861272
Sukarnoputri,23,0.254192783404,-1.27683453389,-2.39555832633
Sukarnoputri,24,-0.920450644185,-1.56129226017,-2.78460969292
Sukarnoputri,25,-0.543389323598,-1.41585849626,-2.0119058112
Sukarnoputri,26,-0.254975286915,-1.15119216023,-2.46346239134
Sukarnoputri,27,-0.968128609587,-1.28757755359,-2.24188665398
Sukarnoputri,28,-0.949455493196,-1.76727460143,-3.05345116528
Sukarnoputri,29,-0.87479291544,-0.972611356779,-2.04768072418
Sukarnoputri,30,-1.08394009626,-0.833368372403,-2.71453549436
Sukarnoputri,31,-0.101841919328,-1.29359275396,-2.74104692692
Sukarnoputri,32,-1.4968850799,-1.42682597947,-2.12242936618
Sukarnoputri,33,-1.13134581924,-1.53013646717,-2.62079514306
Shaughnessy,1,0.239236694347,0.677219280554,-0.645902931987
Shaughnessy,2,0.0608867860143,0.159015138802,-0.473631694311
Mallon,1,-0.328526706129,-0.476218436342,-1.7897370883
Wakeman,1,-0.471738792143,1.16607476097,-1.48016640285
Baala,1,1.33123006861,0.210143517085,-0.856669812671
Ali,Sahin,1,-1.3823934511,1.32805211074
Okur,1,1.80851536625,1.62861999073,-1.44519833162
Evans,1,1.32129572138,0.902212401363,-1.52686869793
Phifer,1,1.01535476095,-1.51556597989,2.05769642819
Scantlin,1,-2.41722250701,1.03992064897,-1.5074332133
Griffith,1,-0.162831192748,1.10271111777,-1.67541928573
Griffith,2,-1.38728695964,0.590914011495,-1.24209524321
Griffith,3,-1.46098844206,2.32403629752,-2.45951318792
Brooks,1,0.844821765241,0.333928605796,-1.62865508646
Brooks,2,0.95344292112,0.89077593736,-2.17330160856
Cob,Castro,1,-0.652653495685,-0.339094052028
Zenawi,1,1.59962200516,-0.387409148976,-1.07130653247
Gibson,1,0.640912070512,1.33985784584,-2.28607631133
Gibson,2,1.05275896157,0.603526242085,-1.82135186354
Kanakaredes,1,-0.42542500048,0.930168256431,-2.48819396171
Czink,1,1.06425027235,-0.207237440249,-1.27902453551
Etheridge,1,0.364990284398,1.84127862909,-2.00855115071
Etheridge,2,-0.217828670394,0.874595902974,-2.59047085992
Gilbert,1,-3.51565239625,2.31218516214,-2.89218369724
Joan,Hart,1,-1.25460893514,1.66237997191
Manchester,1,0.0459452058322,0.177920867811,-1.21705238649
Mulloy,1,-0.460499294049,1.12968752328,-2.72587368449
Stark,1,0.0194393738351,0.976153098278,-2.41121331061
Karmazin,1,1.08411664789,1.15047316989,-1.78454650248
Talbert,1,0.659138082549,-0.673783208657,-0.0372405429647
Streep,1,-1.10540500492,0.936265150044,-2.61307599743
Streep,2,-1.23424043811,0.825458131079,-3.28612634984
Streep,3,-1.18604825067,1.57988578004,-1.94174807554
Streep,4,-0.782232436389,0.564733752021,-1.60563305253
Streep,5,-1.99390535457,1.95603026808,-3.23154116808
Streep,6,-0.497612419498,0.4092950681,-1.24595050466
Streep,7,-2.27282544234,1.72727318499,-2.12602626349
Streep,8,-1.1331490643,1.96535141819,-3.05799389703
Streep,9,-1.71333298611,1.90450748199,-2.23240420664
Streep,10,-0.827298811913,1.33285370609,-2.84965098414
Streep,11,-1.91534943432,1.67785809355,-3.03098121376
Streep,12,-0.633224700515,1.02544821774,-2.49138149361
Streep,13,-1.55791674429,1.30275930126,-3.18349454033
Streep,14,-2.03576761336,1.70857694301,-2.91216951324
Streep,15,-0.148411112447,-0.504479870738,-1.72207287488
Yilmaz,1,0.91292717669,0.0189664693655,-0.946469669267
Yilmaz,2,1.28621895055,0.660383820274,-1.04589366685
Mottley,1,-0.110328240295,0.127145310436,-1.90830055865
Khursheed,Mehmood,Kasuri,0.389901852585,-0.494154987705
Khursheed,Mehmood,Kasuri,0.401967397615,-0.957673544139
Khursheed,Mehmood,Kasuri,0.325444660783,-0.654001701906
Khursheed,Mehmood,Kasuri,0.918214269015,-1.1918337156
Knorr,1,1.84630556835,0.810524731868,-2.59346539136
Adams,1,-0.0437183585251,1.4280750298,-1.52087420451
Andretti,1,0.871542071421,0.179720982895,-1.58827225223
Arif,1,1.08815735771,0.269408687454,-1.18535562546
Ballack,1,1.24454720091,0.270834029681,-1.01512432606
Ballack,2,0.666012363847,-0.264163427319,-0.340238354213
Ballack,3,1.403618067,-0.754233217912,-1.63379122687
Bloomberg,1,1.19652695862,1.60628230754,-1.97769370585
Bloomberg,2,1.74149761967,1.74657269737,-1.42623532593
Bloomberg,3,1.40044872771,2.27735370655,-2.18408507747
Bloomberg,4,0.92682534831,0.766578129275,-1.49457485701
Bloomberg,5,1.40074322065,2.80108812776,-1.95788990888
Bloomberg,6,0.819084712061,2.04941166561,-1.62209474412
Bloomberg,7,1.58431987645,1.64599327648,-2.42948431296
Bloomberg,8,0.93389783905,1.42855361753,-2.03500828627
Bloomberg,9,1.40430813466,1.25871395908,-0.940272690009
Bloomberg,10,0.267095056602,0.899227964879,-1.83789879124
Bloomberg,11,1.06882195381,1.96332288555,-1.73992279803
Bloomberg,12,1.40454560344,1.9353857558,-1.74410250385
Bloomberg,13,1.30470607121,2.3568416483,-1.79101835765
Bloomberg,14,1.43307755503,1.13755059185,-1.66195909831
Bloomberg,15,0.910011367413,1.20416431073,-1.44618951053
Bloomberg,16,0.637182638888,0.802184329717,-2.23915098665
Bloomberg,17,1.46566978335,2.25145345555,-2.05983649365
Bloomberg,18,1.61367793022,2.09949489193,-2.2111775921
Bloomberg,19,1.12449915207,2.73631079616,-1.86226086425
Bloomberg,20,1.69792982386,2.64146717908,-2.32592730882
Bolton,1,0.387823211188,0.637418680598,-1.7987074164
Bouchard,1,2.21349278301,0.399141920067,-1.83881740555
Boyce,1,1.52121153757,0.0718281693911,-2.10075040365
Brandon,1,0.703651590974,-0.113724816863,-1.93782709116
Broad,1,1.48159434235,-0.803167801072,-1.19919556051
Caine,1,0.341008320758,0.82019972735,-1.52898448909
Caine,2,0.728629491754,-0.159403441343,-1.75767043157
Caine,3,0.548262776433,1.57111126163,-1.90436369785
Caine,4,0.915532661436,1.98066406674,-1.43153085054
Capellas,1,0.918605368587,1.25610427592,-2.07830058326
Capellas,2,0.638495164681,1.25895231857,-2.38717207076
Chang,1,1.03001741144,-0.172712389432,-2.76239176053
Chang,2,0.332177313763,-2.0037683043,-1.58818499574
Chang,3,1.5780602616,-1.3687366977,-1.05471402616
Chang,4,0.172483063676,-1.19690067205,-1.2895966824
Chang,5,0.531036642089,-0.281946342208,-2.30500059234
Chang,6,0.975511075063,-1.92575002257,0.0506612522332
Chang,7,0.784832629137,-1.26550476204,-1.71622093634
Chang,8,1.58375295687,-1.99356751428,-0.0084916292385
Chertoff,1,2.01063083501,0.0103123900113,-0.976815367048
Chiklis,1,0.912218521608,1.38390220433,-0.602787890421
Chiklis,2,1.84890187912,0.592884853234,-0.548333467282
Chiklis,3,0.64692620899,-1.11073688978,0.835589300961
Chiklis,4,1.29864443257,1.04640275891,-0.877153944837
Chiklis,5,1.62903634571,1.56947265463,-1.6767731957
Clarke,Duncan,1,-1.2023030126,-1.61324455785
Dell,1,1.53583878677,0.762499393773,-1.15473985943
DeMinico,1,0.711260805566,1.66911184672,-1.68321499822
Denzel,1,2.17353546234,0.5260400084,-2.30964444276
Deutsch,1,0.37858936329,1.52417317173,-2.22847793106
Diekmann,1,0.430662726303,1.06776760637,-1.95927727506
Doleac,1,1.28318872634,1.31815098713,-1.40588389325
Donovan,1,0.641434579236,1.41843837921,-2.32325545989
Douglas,1,0.770445173886,2.22777049271,-1.82752713156
Douglas,2,0.193039333426,1.26089132986,-1.82833226168
Douglas,3,0.411626223188,1.32822022454,-1.9200518626
Douglas,4,0.673979444602,0.0180550592483,-1.2985184223
Douglas,5,1.10955939492,1.20777830883,-2.03684883203
Douglas,6,0.806458180368,2.20765924972,-2.72008259293
Fitzgerald,1,0.569278553419,1.8458505519,-2.39034059387
Frayn,1,-0.208584743858,1.34643360674,-1.29204339712
Friedman,1,2.46647328306,1.97939326844,-1.01930773564
Goldrich,1,2.21109080467,0.285652198353,-1.65778436333
Guiler,1,2.00180281646,1.48574107749,-1.98100484167
Hagee,1,0.66349311031,0.925203246874,-2.01164497231
Haneke,1,1.10770039674,2.32194339356,-0.682601635149
Hoffa,1,0.286283753142,-0.676783469554,-2.04708495929
Jackson,1,-0.476783945472,-0.345722505315,-0.641778958781
Jackson,2,-0.759909201844,0.889526151426,-2.08794721511
Jackson,3,-0.454759339582,0.84173176879,-1.39604825043
Jackson,4,-1.40341771439,0.636515173717,-0.684455633844
Jackson,5,-1.50472122982,-0.127971069607,-0.793100197813
Jackson,6,-0.131978774098,-0.450325385868,-0.895411692686
Jackson,7,0.452039391334,-0.685197610186,-0.362713398121
Jackson,8,-1.08843908149,0.295376379503,-1.97834268736
Jackson,9,-1.20525231923,-0.00769573574811,-2.83022735001
Jackson,10,-0.434324523661,0.769853893637,-0.976483267327
Jackson,11,-0.489755389896,-0.502426843892,-0.599569556385
Jackson,12,-1.03261486482,-0.19350231268,-0.351805407222
Jasny,1,0.954712946445,0.211732013759,-0.836013178698
J,Fox,1,-2.85325162141,1.85851807756
Jordan,1,0.650020448771,-0.336117546567,-1.09247345115
Jordan,2,0.831063106245,-1.2633755639,1.02580876651
Jordan,3,2.45750753598,-2.03340400536,1.91380748147
Jordan,4,0.535237510338,-0.382157599489,0.00680452313191
J,Sheehan,1,-1.39791213671,1.83567433497
J,Sheehan,2,-1.19898820594,1.51303078023
Kahn,1,0.824683202679,1.58438772798,-1.15409507161
Keaton,1,0.450639554448,0.571841747241,-0.418525605081
Keaton,2,0.774810098302,0.811869896391,-1.47925087194
Killeen,1,1.21261558934,1.65352308999,-2.31430052371
Kirby,1,0.378242408776,1.08580285113,-3.09794555202
Kors,1,1.41493294348,0.182539822358,-0.99283447833
Kostelnik,1,0.613837496628,1.72053205806,-1.92268219138
Kostelnik,2,0.844292291326,0.700232883629,-1.97417378672
Leavitt,1,1.20570332639,0.191600734452,-2.16252178812
Leavitt,2,1.64312523557,0.569649994116,-1.35667417099
Lechner,1,0.530818731747,1.3179616187,-0.784858494449
Linscott,1,0.327592269148,-0.411536095058,-0.804322217066
Lopez-Alegria,1,0.379727815883,-0.225091833854,-0.0978715863875
McNeely,1,1.09480041559,1.31012613749,-1.93404542957
Michele,1,-1.0375787093,0.00438360956703,-0.61927448906
Milton,1,0.494398950436,1.59515662358,-0.707077460671
Moore,1,1.97487857011,1.00805115955,-3.35304003696
Moore,2,1.68985820859,1.28427078259,-1.46502247713
Moore,3,1.8459585483,0.965115609308,-1.34644381413
Munoz,1,1.1289016586,0.241082532672,-3.00627748055
Olowokandi,1,0.277456526179,-1.00547613969,0.936822839808
Patrick,King,1,-1.04464505501,0.125319938155
Patrick,King,2,-0.936213286746,0.687824372071
Peat,1,1.41477119285,2.16137775982,-2.17578873165
Pfleger,1,1.23700886143,1.28319618779,-1.61607534788
Phelps,1,0.858602315206,1.82287774463,-1.40068510864
Phelps,2,-0.024419027844,1.69080381181,-1.90304725527
Phelps,3,2.40920816772,1.01489254407,-1.63779738926
Phelps,4,2.04471460039,1.2062647515,-1.4603878972
Phelps,5,1.19513180101,2.12103434886,-1.93964192961
Piuze,1,2.26310717734,1.50112144457,-1.99712953516
Powell,1,0.910468443955,-0.760275027747,-1.10581364658
Powell,2,0.666399009309,-0.837072342481,-1.92422283366
Powell,3,0.492592801232,0.343246613494,-1.71261186067
Powell,4,1.19416686728,0.147911623658,-3.06512312875
Powell,5,1.04330685777,-0.373937422462,-2.59155331913
Richards,1,2.64992069894,1.44599905782,-1.94404141319
Rolinee,1,0.561510488448,1.16731180959,-2.66753892611
Schumacher,1,-0.0602448080193,0.946727652544,-2.20537327036
Schumacher,2,2.22261122091,-0.472913800089,-1.38583628984
Schumacher,3,0.313174005141,-0.282138020478,-1.09398045933
Schumacher,4,0.789464974756,0.953841401926,-3.21341121169
Schumacher,5,1.0284238853,-0.152745711418,-1.74720384455
Schumacher,6,0.976042169033,1.59702251361,-2.04315236514
Schumacher,7,0.717463919263,0.767079745844,-3.18478804984
Schumacher,8,1.37160133283,1.23484203129,-1.17192472368
Schumacher,9,0.603408300953,1.7544689211,-2.36729359304
Schumacher,10,0.32094557483,0.630795692005,-2.42431591751
Schumacher,11,0.619673112516,0.860339678903,-3.63745998254
Schumacher,12,0.157222913724,1.51875275179,-2.5263814901
Schumacher,13,0.985092495009,0.457880381031,-1.64850200644
Schumacher,14,0.551309190504,-0.0216865865564,-1.26710565845
Schumacher,15,1.17948274205,0.929502762967,-0.532077656848
Schumacher,16,1.11496613154,1.50736037394,-1.67202298219
Schumacher,17,0.290333855872,1.09069775177,-2.24424646058
Schumacher,18,0.311454572141,2.8879649875,-3.55322935866
Shane,Jolly,1,-1.44664108336,0.190246424322
Sheehan,1,0.505569302805,1.42968422403,-1.65235829634
Shelby,1,0.879914410518,1.41892215139,-1.86068790757
Smith,Foster,1,-1.94157535216,1.29435650194
Stark,1,1.03451945638,0.663505518258,-0.242892302794
Sullivan,1,1.82122755542,2.11881757863,-2.26267110319
Sullivan,2,0.37630429237,1.2897950971,-2.19839947609
Taylor,1,1.01084296398,1.63559318204,-2.17760395585
Wayne,1,1.4093624159,1.42902293408,-2.03686944951
Weiss,1,0.515511325446,-0.518741732465,-2.2021176695
Winterbottom,1,1.80444557233,1.08214728995,-1.46900135785
Winterbottom,2,0.909071848281,1.81786973944,-2.74933670843
Winterbottom,3,1.26011316066,1.41853003451,-2.01110353012
Chrisohoides,1,2.15466426502,0.687808364959,-1.82343063421
Jourdain,Jr,1,-2.32671744015,1.510593974
Antonioni,1,1.07118299673,1.04811708967,-1.08922916818
Charles,Chretien,1,-1.22152314208,1.27457673343
Duclos,1,1.04191398774,1.54748090496,-2.71237025212
Duclos,2,1.52764046782,0.736483532416,-0.774864758428
Placido,1,0.988986259316,0.754393906078,-0.65868426187
Kratochvil,1,2.09879744585,1.60012224032,-1.91602027055
Bachelet,1,-0.156038316898,0.362980462511,-2.77821780513
Branch,1,-2.9600177687,-0.907817226674,-1.61115181803
Branch,2,-1.72879963209,-0.493744228164,-2.2096044314
Chiklis,1,-1.50393457014,1.04644967307,-1.91950716596
Collins,1,0.265429567163,-2.09129326577,-0.204335063584
Collins,2,0.15262764971,-1.9067577747,0.251444874354
Hofland,1,-2.89404336109,0.0816416245573,-2.61210790914
Kwan,1,-1.67848067031,-1.85681181457,-1.57379028262
Kwan,2,-1.37619204229,-0.764375248194,-2.67061739604
Kwan,3,-1.9675534909,-0.816598458807,-2.16253813473
Kwan,4,-1.35039067661,-0.434734771131,-2.72990974388
Kwan,5,-0.983255810238,-0.520882284271,-3.1037328262
Kwan,6,-0.617417250137,0.238294994386,-2.51031753557
Kwan,7,-0.978726739762,0.53230155915,-2.78086980235
Kwan,8,-1.18172523693,0.418060460519,-3.30195894774
Lecky,1,-0.76130230519,-1.04960972565,0.0156440575117
Pfeiffer,1,-0.897433841115,0.995173870754,-0.57042622285
Pfeiffer,2,0.351444275391,0.3452405025,-2.33719353819
Pfeiffer,3,-1.36725661073,0.996032726833,-1.34707689739
Rodriguez,1,-0.084093186971,0.014378398085,-1.31399912425
Rodriguez,2,-2.24223647048,-0.319458930725,-1.9731352013
Yeoh,1,-1.77473722421,-0.830552683759,-1.60151472171
Yeoh,2,-2.67070099897,-0.523407826888,-3.03576577594
Yeoh,3,0.098399377211,-0.294557080204,-1.49635258924
Yeoh,4,-1.7105906675,-0.832560509865,-2.45568592439
Yeoh,5,-1.34586908347,-1.31465679502,-3.00747551815
Minard,1,1.29128813594,-0.097319939029,-1.42617038196
Temer,1,0.711844602102,0.802684843706,-1.53683490003
Temer,2,0.68701608385,0.684875467835,-1.54446233648
Therrien,1,1.78554071453,2.71736331873,-2.09702251534
Therrien,2,0.323347106852,0.948527172511,-2.18483947354
Gilley,1,1.2382626114,0.931485480807,-1.97200437835
Loomis,1,2.16815890924,1.58563159887,-1.67148057509
Rooney,1,-0.276367977407,0.473434039896,-1.09297817364
Sherman,1,2.38888516521,1.78849511858,-1.50841047397
Jagger,1,-0.472457919226,0.00868987702013,-0.994018921031
Jagger,2,1.06836386375,0.803320990738,-1.30924958637
Jagger,3,0.107867362691,0.568363220509,-2.13904058914
Jagger,4,0.0807835675902,0.809146698545,-2.95664040252
Jagger,5,-0.379806665133,0.900839865992,-1.8594896938
McCarthy,1,1.16039074691,1.61785842648,-1.54280775585
Arison,1,0.913546981245,0.0504734142245,-1.10646916445
Ward,1,0.394693221933,0.327245564274,-2.76846136959
Aldana,Ibarra,1,-0.0162989850538,-0.655060509835
Angel,Rodriguez,1,-0.45841600212,-0.421581783367
Contreras,1,1.18552787866,1.25688807841,-0.867597470255
Contreras,2,0.176550187476,0.0269058006393,-1.37635543013
Cotto,1,0.812934881368,0.502047420054,-1.24312125624
Estrada,1,1.6908234625,-0.151128065609,-2.35806852926
Estrada,2,1.82650880751,-0.367046460049,-3.3001704198
Hakim,1,1.24917393123,1.0740401517,-1.09814405776
Jimenez,1,1.92241420053,1.20021248936,-1.31540487157
Juarez,Perez,1,-0.36066061915,-0.574637180607
Rosseto,1,0.845742409794,0.195437786789,-1.65564406711
Hakkinen,1,1.22758620111,2.29455441461,-1.7234967901
Alden,1,0.544830654179,0.566961095614,-1.68762683575
Babcock,1,0.458216635505,1.12323695887,-1.59540140494
Babcock,2,0.00891322175831,0.681207641535,-2.30334785353
Bair,1,1.35349972537,1.75433165404,-1.71080742554
Brey,1,0.991209168689,1.31111200382,-1.52405432696
Brey,2,1.16074255313,0.486070549789,-2.03542147125
Bryan,1,0.594971416676,1.33949616342,-1.58223686928
Carona,1,0.931526522383,0.710453464431,-2.67581190896
Cunning,1,0.817713547735,0.92522542478,-1.65770920771
Davis,1,1.57381363891,-0.677999885123,0.100169939303
Duke,1,0.409586369931,1.38655140923,-2.29875920936
Easley,1,0.170318778681,1.17034085855,-1.85079590831
Eskew,1,1.67994220578,1.31922808185,-1.69548202349
Farrar,1,1.27128247702,2.50742621595,-1.95556789204
Fisher,1,0.209170143174,1.28543016445,-0.447404749787
Flanagan,1,0.392032927468,1.32286902374,-1.62498646705
Gable,1,1.22901044816,-0.00823077880647,-1.64511818986
Helton,1,2.5355095801,-0.0758736982344,-1.39891011676
Helton,2,2.08192668494,1.22597913727,-0.613366628216
Holmgren,1,1.54737270322,1.49423859181,-2.32094982972
Holmgren,2,1.26510678434,0.416617437882,-0.862434647849
Johanns,1,2.27558504539,0.993476942421,-2.07306250077
Krzyzewski,1,0.719627501456,1.39601913324,-1.50114912137
Krzyzewski,2,1.13106156329,1.3495556988,-1.67968341401
Krzyzewski,3,-0.00739931277451,1.02884784747,-2.14307358835
Krzyzewski,4,1.69378916997,1.39481154833,-2.84982358376
Krzyzewski,5,1.12208714015,2.40618102421,-3.15282422906
Krzyzewski,6,0.465316601165,0.732236261179,-2.56431285567
Leach,1,1.40572836426,1.40232833339,-2.12767527462
Maroth,1,0.547029576996,0.19079565859,-3.01431992741
Martz,1,1.07299095516,1.24105427348,-1.71872581135
Martz,2,1.12153853684,1.67533111884,-2.01505896311
Martz,3,1.66783375553,1.65234713302,-2.20567779987
Martz,4,1.23573483339,1.33805692796,-1.48521389447
Martz,5,1.43627246861,1.49399692695,-1.77951765195
Martz,6,1.35037548324,2.08394121292,-2.03589854965
Martz,7,1.72386865466,1.72422302729,-2.03540750361
Matheny,1,1.04890612,0.597333054859,-1.26191349855
Matthews,1,0.22314924904,0.009277404594,-1.27875588576
Miller,1,0.525547146063,0.652617021581,-0.316971706738
Miller,2,1.02188139336,-0.464502418487,-2.23853760567
Montgomery,1,1.61559204494,1.04003074264,-1.71205722197
Montgomery,2,1.0477148373,0.0264134082956,-2.16556036473
Myers,1,0.872601534169,0.407638012421,-0.701129937664
Myers,2,1.13463590588,0.31331009435,-1.15533338353
Myers,3,1.07736751947,0.260274311732,-1.73614384724
Myers,4,0.368343929043,0.0950789983775,-0.947726208014
Myers,5,-0.550279513523,0.219345158029,-2.58083898153
Myers,6,0.674841668892,0.201365129669,-1.02186284406
Myers,7,0.438133876531,-0.0118871305925,-1.7048691705
OConnell,1,1.61018879737,1.56379323171,-1.41959312693
Price,1,1.55225624246,1.21295905344,-1.39446821435
Price,2,0.427595861373,0.566020263685,-1.10952247242
Richter,1,0.241312001815,0.10974337846,-1.08622022994
Samp,1,0.788885442883,0.816068052974,-1.87131905392
Scioscia,1,1.82348067412,0.172331488666,-1.82087254414
Scioscia,2,1.68358452635,1.14475189789,-0.632550017264
Sherman,1,1.29284114728,1.71541878373,-1.84421297252
Slive,1,1.71546564521,1.41528711865,-2.41033531942
Smith,1,1.59527638676,-0.175555022852,-0.228197927613
Stefanik,1,1.3547103683,2.27213523926,-1.46626857766
Sweeney,1,0.796048262204,0.552747150371,-2.24036791935
Szymanczyk,1,1.38595925006,0.161403934082,-1.61547659296
Thibault,1,0.753710026441,0.802365627439,-1.45432408394
Tice,1,0.585320790048,0.333011132484,-1.11124882665
Tyson,1,0.890887713176,-1.76467265501,0.87894887997
Tyson,2,0.580896441214,-0.20582586655,-1.76593130347
Tyson,3,0.752507193651,-2.02664549194,0.544901560973
Tyson,4,1.08449330962,-1.80638633383,1.33660871449
Webster,1,1.71751106664,1.39620179074,-2.60036012764
Weir,1,1.22238149877,-0.111872314015,-2.12714797254
Weir,2,0.963148031572,0.254136438416,-1.37331117123
Weir,3,-0.129948420915,0.349074314685,-2.1048981299
Weir,4,0.659292777693,0.791887261349,-0.785512525901
Weir,5,0.915273974079,0.788341790871,-1.65430989704
Weir,6,1.09217393993,0.212970170595,-1.18404758021
Weir,7,1.35004649341,1.13973926547,-1.45803340076
Weir,8,1.25429380835,0.994547648357,-1.97058159645
Weir,9,0.544416617841,0.756788229588,-0.949513991811
Weir,10,1.20789044999,-0.493714883571,-0.652314927039
Weir,11,0.932183568296,0.182286157609,-1.74898079477
Gorbachev,1,-0.154436797735,0.852638414265,-1.60482259438
Gorbachev,2,0.481006973403,0.706964948174,-1.79811039649
Kalashnikov,1,1.43159116771,0.157485683628,-1.03192494751
Kasyanov,1,0.959769969391,1.40609692491,-2.37123286126
Kasyanov,2,1.18043886117,1.75039340945,-2.04511053439
Kasyanov,3,1.5887426636,1.54263182251,-2.42508950349
Kasyanov,4,1.67371389924,1.71865029571,-2.16386800264
Khodorkovsky,1,1.20999700467,0.179686931235,-2.21886326756
Shvydkoi,1,1.48337585596,-0.14482791015,-1.31139651831
Wehbe,1,0.501986797868,0.252837135206,-0.709858967408
Wehbe,2,0.812790183294,0.577942323187,-2.17779241944
Wehbe,3,0.481344273093,0.632574304475,-2.24552032516
Wehbe,4,0.696916397739,-0.0106785431763,-0.653419533328
Youzhny,1,0.715631548615,-0.134501162351,-1.67569619664
Youzhny,2,0.57665063109,-0.279687706896,-1.73173953279
Youzhny,3,1.14256258785,0.121795728336,-1.57855311889
Dzurinda,1,1.09426186361,-0.854523337758,-1.21859226421
Dzurinda,2,2.01947423045,0.772128087125,-2.81180479854
Kucan,1,1.12404748578,0.683331409913,-0.95681146413
Milutinovic,1,0.375493134509,1.31541903265,-2.30053521242
Mrksic,1,1.83889373801,1.52038708687,-1.19737641376
Stewart,1,0.917831344534,1.49381555681,-1.72687028666
Martin,1,-2.80989111281,2.13973880127,-3.35714015164
Djukanovic,1,1.64081172341,0.273926254011,-2.24708981711
Djukanovic,2,1.25286544887,0.528632035527,-2.66009485277
Djukanovic,3,1.34568346988,0.626900809166,-1.47459601587
Maestrecampo,1,0.957137899639,-1.1505613492,-2.42774382632
Maestrecampo,2,1.05633893675,-1.70384838206,-3.04726900947
Maestrecampo,3,1.35245841017,-1.61137364274,-1.13006424517
Heflin,1,0.948735452768,1.18864675722,-1.42081988778
Berle,1,0.281515289466,0.246293526284,-1.41420410859
Wynants,1,1.28132331324,1.84863871541,-2.26160052065
Palacio,1,1.47883362522,-1.88048182308,0.587978407227
Driver,1,-1.11450782247,0.700282536985,-2.03746261357
Driver,2,-1.94461470618,0.705452748937,-1.67808549207
Mendoza,1,0.335221924874,-0.64609957221,0.117277094801
Gaddis,1,-0.295823450951,0.640812687517,-3.1374446722
Otto,1,-2.09662151662,0.593250991888,-2.35704488067
Sorvino,1,-2.08121669009,1.72727317202,-1.89634587068
Jospin-Dandieu,1,0.461335364116,1.2596592044,-2.41564094489
Manjani,1,-0.39979368441,1.95244017881,-2.97085836104
Elisa,Moscoso,Rodriguez,-0.409415644867,-1.37042491463
Moscoso,1,-0.12954012038,0.621840352056,-1.56683035704
Moscoso,2,-0.89358160934,0.791483311573,-2.09275901829
Moscoso,3,-1.56292545726,0.971853157323,-1.58332812093
Moscoso,4,-0.373297502304,1.25526712073,-2.67883573641
Moscoso,5,-0.319817084719,0.0101989785856,-1.52682551949
1,1.76464399288,-0.163368002857,-2.14068702353,-1.16556650765
2,2.16006168747,-0.494507737447,-1.41673157023,-1.84943375819
Crider,1,-1.20732583809,1.66668303978,-2.22098192042
Dawn,Clymer,1,-1.67444900722,1.25984460011
Rasevic,1,0.923751212751,1.3143733364,-2.06834660097
Crooks,1,0.979333356509,0.490469183227,-3.13159015172
Daniels,1,1.03121529925,0.841864783583,-1.33796358552
Daniels,2,0.79448699313,0.879519487193,-1.93824109397
Daniels,3,1.06457482512,0.923967893981,-1.65545588452
Daniels,4,0.956146971395,0.66237202551,-2.0658772114
Garabedian,1,2.2459753022,0.699830529113,-0.748367916037
McLaughlin,1,1.9505602548,1.17833008374,-2.2106605139
Potter,1,0.385847982899,0.771468592952,-1.84346793478
Swartz,1,-0.0840261889032,0.81147028341,-1.6289126045
Kupchak,1,1.41748503015,0.790699107684,-2.18717764303
Yabunaka,1,1.15138218357,-1.30601530282,-1.50997050614
Yabunaka,2,0.345316947707,-1.64790935188,-1.39575345914
Gelinas,1,-2.60998131868,1.00662886554,-1.56323046893
Romney,1,0.618140426591,1.16932739709,-1.50949900176
Gaynor,1,-0.838525747619,0.724981485051,-1.39591324129
Miyazaki,1,-1.69041821451,-0.746354380806,-0.667672777952
Miyazaki,2,-2.77060832313,-1.11038254508,-2.8011182618
Naletilic,1,0.588952813325,0.366602252189,-0.798801900959
1,0.74429806464,-0.801812787265,-1.59662042648,-0.956343306766
Elleithee,1,0.590149981748,0.0667015429494,-1.28883003024
Benaissa,1,1.07998416635,1.04053170209,-1.79994319592
Benaissa,2,0.801317387577,0.270424705364,-0.634108416153
ElBaradei,1,1.68707700425,-0.150823541392,-0.776166145678
ElBaradei,2,3.39645512018,-0.0545726966474,-1.43423311969
ElBaradei,3,2.32963446614,0.981470423951,-2.0090296935
ElBaradei,4,1.33616251486,0.0482511239354,-1.60920628762
ElBaradei,5,2.27332233169,1.12268904152,-1.46623041076
ElBaradei,6,2.04759147102,0.37973902667,-0.566001172076
ElBaradei,7,2.40337675705,0.62619401524,-1.83360265967
ElBaradei,8,1.72338538062,0.410835249539,-1.96775404285
Hammam,1,2.64447277889,-0.483462659776,0.0693970375871
Seineldin,1,0.741828482095,0.0313225931381,-2.24430644835
Aktar,1,2.16998517118,-0.963956956576,-1.23027364389
Al-Sharief,1,0.655710105876,-0.687151141387,-1.71318146284
Fares,1,1.22711259717,0.2217766818,-1.50805304358
Hasanein,1,0.616743274331,0.229959899318,-3.34713306132
Khatami,1,0.878888200396,0.0351166208761,-1.76168299356
Khatami,2,1.27705027208,0.00384931746519,-1.41142318509
Khatami,3,1.49810314096,0.203146215127,-1.6946337572
Khatami,4,0.910513196365,0.445552525478,-0.836332378915
Khatami,5,1.93774736126,0.105470570914,-1.79237004702
Khatami,6,1.55989787515,-0.188586309452,-1.84132221648
Khatami,7,0.716794076908,-0.684805037675,-1.10766415508
Khatami,8,3.10461910874,0.725768402768,-2.11406317559
Khatami,9,1.11402449056,0.15933776465,-1.92940450711
Khatami,10,0.968755156749,0.358038595197,-0.231606949189
Mustapha,Miro,1,-0.971974886462,0.0725790468719
Ahmad,Al,Jarallah,1.8717142923,-1.82971613573
Abulhasan,1,2.09700745587,0.426972185504,-1.67944005985
Abu,Sharia,1,-0.860104166827,0.498298601413
Al-Douri,1,0.724698168378,0.26690568688,-0.797013273781
Al-Douri,2,1.15918066156,1.43385889526,-1.00814692927
Al-Douri,3,1.45625866977,0.613965263136,-2.07478668727
Al-Douri,4,1.73955275859,0.969181954,-2.50078630649
Al-Douri,5,0.418868659408,1.72057063806,-1.59201232132
Al-Douri,6,0.278232471722,0.115874138834,-0.785714522559
Al-Douri,7,0.919743164197,1.42816603774,-2.51717165905
Al-Douri,8,1.23231927388,0.2991691988,-2.23181984937
Al-Douri,9,1.10369635343,1.07527158069,-1.49137564989
Al-Douri,10,0.262371382908,-0.0382461654925,-1.15322217497
Al-Douri,11,-0.0784021809037,1.54188424376,-1.71331609289
Al-Douri,12,0.0144293051967,-0.110199255589,-1.14961700479
Al-Douri,13,1.2087152994,0.836207768802,-1.66258769396
Al-Douri,14,1.14443946112,-0.183735822366,-1.01149506293
Al-Douri,15,0.822321291198,0.29604873308,-1.22249405062
Al,Hindi,1,-1.80874102072,0.60317127862
Ashraf,Hafiz,1,-1.49756573811,-0.336697747182
Baqir,al-Hakim,1,-1.4858903943,0.09475551958
Baqir,al-Hakim,2,-0.316422788576,0.856456464514
Baqir,al-Hakim,3,-1.28983082206,-0.216823750751
Dahlan,1,1.01589230707,-0.0262681943876,-0.547538071213
Mehdi,Saleh,1,-0.681772315286,-0.469323482609
Salmane,1,1.73047559397,0.280628824234,-1.18610890056
Sims,1,-0.983066310187,1.67425237343,-1.05499839399
Perisic,1,1.53842113478,-0.186825642365,-1.80805015201
Nikolic,1,2.30019360174,0.930471991216,-1.26872620935
Ayoub,1,-0.265306982506,1.56710906139,-0.334668971454
Locke,1,-1.34549904795,-0.431622446256,-2.04203690908
Rishmawi,1,-1.4760254188,-0.273785363609,-2.03399443713
Bellucci,1,-2.44579878105,0.397127941376,-2.50006315244
Bellucci,2,-1.46042346398,-0.0977924805035,-2.41293117843
Bellucci,3,-0.866469540331,0.248930320285,-0.851500713885
Bellucci,4,-2.3930159113,-0.648219180095,-3.48732321104
Gabrielle,1,-1.01511113949,1.81302235088,-1.08581599522
Lewinsky,1,-1.76384532654,0.320835372265,-3.05568557636
Lewinsky,2,-1.85165510177,1.73189706791,-2.92205308586
Lewinsky,3,-1.99960009492,1.1636506509,-2.78249054804
Seles,1,0.0350278135115,-0.202335694403,-2.62686614368
Seles,2,-0.568192454505,0.720667750736,-3.84848266296
Seles,3,-0.508466244559,-0.462134190301,-1.64316905361
Seles,4,0.0221475180019,0.406218285837,-2.56150150569
Seles,5,-0.523471476376,0.116843059297,-2.97864165455
Seles,6,-0.278738873674,0.174179440869,-1.82983931921
Serra,1,0.0932955893686,-0.0434368884867,-1.39202902529
Vergara,1,-1.30725389338,-0.247732134382,-1.707924395
Ferreira,1,-1.45508967756,0.83255883209,-2.64093673403
Gagnon-Tremblay,1,-0.769624741484,2.71363771501,-1.72659581267
Garbrecht-Enfeldt,1,0.684091925154,0.935619410152,-2.47195304597
Garbrecht-Enfeldt,2,-1.19353644244,0.444825563796,-0.900244204206
Garbrecht-Enfeldt,3,0.0312163866104,1.41551557932,-2.86103964224
Kiffin,1,1.38799159792,0.836481415275,-2.37425842081
1,-0.732311699373,1.09837461959,-2.80162051028,-1.91859221511
Fairchild,1,-2.2131647734,1.59927337728,-1.10528372205
Freeman,1,1.38650126953,-1.22137734687,1.17569353897
Freeman,2,0.935508012942,-1.12764841166,0.548181067746
Hentzen,1,-0.483080122977,1.30896098613,-0.603649648462
Dees,1,1.41203805533,1.05979078183,-1.24929612336
Watts,1,0.848435082113,1.71086686256,-2.04318298742
Katsav,1,0.716772528489,-0.288667015254,-0.638422906745
Katsav,2,0.815148265571,1.44550983944,-1.42903961432
Katsav,3,0.268210674355,0.495264800268,-2.33184467529
Katsav,4,1.03576055084,0.659897010979,-1.92962314133
Teresa,1,0.392240462659,-0.0269811395522,-2.57759164144
Dynamite,1,0.0474013347558,-0.362385939727,-0.201543744934
Rostropovich,1,0.0929916754243,1.12654577121,-1.81707895913
Gaddafi,1,0.472405188513,0.212127139116,-2.196608005
Gaddafi,2,1.41247074004,-0.478005192909,-2.6167220566
McGraw,1,-0.614247925565,0.095756278003,-3.32900411185
Mohammad,Syed,1,-1.4825503748,0.502674268096
Ali,1,0.7788396763,-0.0559115926798,-0.337091864809
Ali,2,0.781665865153,-0.306710942663,-1.05471742728
Ali,3,0.56899444388,-0.00404882987648,-0.460443448375
Ali,4,0.609565192645,-0.45334368145,-2.22908670141
Ali,5,0.201449205454,-0.718309366114,-1.29405985666
Ali,6,2.0054099347,-0.753832320637,-0.591252823139
Ali,7,1.28514707654,-0.135783576371,-0.312753962595
Ali,8,0.763011889254,-0.962213787252,-0.39529613462
Ali,9,1.06136069626,-0.215962280539,-0.429508437149
Ali,10,1.13606774494,-0.5350334757,-0.297143583295
Ibrahim,Bilal,1,-0.580492040602,-0.140195362019
Saeed,al-Sahhaf,1,-0.326186329287,0.24017108571
Saeed,al-Sahhaf,2,-0.0464602913833,0.114620940558
Saeed,al-Sahhaf,3,-0.359516555448,-0.621388357724
Saeed,al-Sahhaf,4,0.208862808996,-0.258684360065
Saeed,al-Sahhaf,5,0.23729358255,-1.45069945445
Ambani,1,0.381334645748,0.400257241811,-1.93698214774
Ambani,2,1.03595442163,-0.486818285387,-1.38731591861
Ambani,3,1.77740043613,-1.18401206837,-1.02260816614
Alytnbayev,1,0.784643280034,0.478355304101,-1.19079217084
Akram,1,1.05701535876,-1.46940393399,-1.34622560389
Akram,2,0.756748644549,-0.827807818183,-0.629052795996
al-Ani,1,2.0185317158,1.06608522569,-3.01437377451
Yang,1,-0.571414543667,-2.32440521384,-1.06653798111
Shaath,1,1.03244726216,0.78952525258,-0.624660763771
Shaath,2,0.456156467829,-0.689347579962,-0.282747749087
Shaath,3,1.04393967673,0.757840666616,-1.40824768124
Forte,1,-1.78726313801,-0.640051051209,-1.47834946854
Petrova,1,0.190997199051,0.62889094705,-0.726531258381
Petrova,2,0.100383847368,0.45033780807,-1.34415762214
Petrova,3,0.208418185201,0.758137363221,-0.252284340536
Petrova,4,0.318352194476,0.474685294729,-1.95964443811
Petrova,5,0.15449101295,0.620955268905,-1.78787129021
Vinzens,1,-2.16095820048,-0.0958093229607,-1.49016722689
Vinzens,2,-1.85890403161,0.559537247321,-1.64528388154
al-Salhi,1,1.18913255815,-0.701024652307,-1.4781417013
Sabri,1,1.97475983602,0.352098442207,-0.937480156625
Sabri,2,2.32978865151,-0.253071154643,-1.07638575964
Sabri,3,1.89095416612,0.443024948251,-1.33510347256
Sabri,4,2.00064894398,1.0736949589,-1.04132649895
Sabri,5,1.65157058284,-0.0455710690301,-0.584397518289
Sabri,6,1.67024933356,0.606360535249,-1.07719389235
Sabri,7,1.95436705628,-0.590893146205,-0.903689821439
Sabri,8,1.03024287757,1.09664504556,-1.2471170372
Florence,1,-0.108439019623,-1.37422325625,0.700325383586
Na,Keum,1,2.07719029518,-1.17219878495
Demme,1,-0.416723952743,1.78796927471,-2.4746428379
Demme,2,-0.290513643705,0.998392791374,-1.92598616663
Greenlaw,1,-0.367941641947,0.809429314903,-1.49049701307
Humbert,1,-1.17437643845,0.941954238993,-2.47535673002
Kerrigan,1,-0.647228277874,0.506095922345,-2.76100187184
Pelosi,1,-1.78186553796,1.37876155447,-2.0847359001
Pelosi,2,-1.47623078737,0.44014617201,-2.23778282384
Pelosi,3,-0.623293450782,0.0908593875908,-0.834103914148
Pelosi,4,-1.39272130617,1.11785151481,-1.96555437067
Pelosi,5,-1.53819959238,0.695662644864,-1.53451391048
Pelosi,6,-0.418580050917,0.224424913046,-0.991223299466
Pelosi,7,-2.0084722639,1.59025051475,-2.34257836628
Pelosi,8,-1.7937201783,0.98118644173,-2.09040689064
Pelosi,9,-1.57368452978,0.699733450078,-1.5232102314
Pelosi,10,-0.874060741416,0.85825883808,-0.99128880144
Pelosi,11,-1.55445923438,0.393750487006,-1.54538215476
Pelosi,12,-1.12053736869,0.634567995426,-1.62845381137
Pelosi,13,-1.13797833269,0.40933090342,-2.10383681452
Pelosi,14,-1.12850422874,0.699713828545,-2.62821934093
Pelosi,15,-1.46994124697,0.98219678248,-2.31683939148
Powell,1,0.46545070912,1.8010322638,-2.47965271295
Reagan,1,-1.24636989631,1.95927255847,-2.7225467607
Reagan,2,-1.1690024258,1.62212141088,-2.83529627409
Sinatra,1,-1.77122552118,1.87278871126,-2.85428828562
Sinatra,2,-1.03713032597,1.05788794164,-1.55872786928
Smith,1,0.567200182192,0.422101209299,-1.62797846028
Moretti,1,1.79328262658,0.206973882057,-0.992199929708
Moretti,2,2.00396242292,0.474122151965,-2.05901602132
Wang,1,0.717824327536,-1.19318592484,-1.96293662941
Wang,2,-0.166013747398,-2.10298580253,-3.37379066221
Wang,3,-0.512670208763,-0.640946774469,-1.39339367984
Wang,4,0.490667018468,-1.15543907545,-2.81727089467
Bronstein,1,-0.583972355019,0.0871774489683,-2.29604645297
Campbell,1,-1.83596388779,-1.09418418192,0.655074575142
Campbell,2,-1.50986279935,-2.13848787337,-0.883195119853
Hayashi,1,-1.28442764312,-0.318848757882,-1.41719857138
Watts,1,-1.68290120417,1.84096373267,-2.96870880948
Watts,2,-2.7557168472,1.76903757892,-2.55084761657
Watts,3,-0.687217060857,2.04010369487,-2.44959427271
Watts,4,-1.96018638898,2.24535146046,-2.4077287217
Watts,5,-0.959252960584,1.2085461659,-1.86360938569
Watts,6,-0.664110997005,1.27770857079,-2.66966738367
Watts,7,-1.54897649501,1.13543557947,-1.8328625988
Watts,8,-1.05433174017,1.42403362527,-1.60497833831
Watts,9,-1.65596192009,1.52653042792,-1.41671974881
Watts,10,-1.85646251072,1.75097132528,-2.08557254191
Watts,11,-1.18468182947,0.820780772528,-2.60809595705
Watts,12,-1.90157184229,1.23971653677,-2.23987476716
Watts,13,-2.69881952886,1.71939378443,-2.20211464829
Watts,14,-1.77665201328,0.300305662247,-0.0719626612236
Watts,15,-1.35925600381,1.17781765068,-1.2585712736
Watts,16,-1.64354351267,2.33500454175,-2.04790053019
Watts,17,-0.865098163329,0.621367429079,-1.80042273913
Watts,18,-2.72544237396,1.62051303889,-2.3468728952
Watts,19,-2.42500741533,0.935591300184,-1.47324444537
Watts,20,-1.10394856337,0.830723120923,-2.18049919495
Watts,21,-1.84051092779,1.52894980944,-1.70357628555
Watts,22,-0.427778560698,1.02500747916,-1.60358124902
Kan,1,1.86212648938,-1.10882570486,-2.76033749552
Kan,2,2.12434963061,-1.19365044315,-3.18349613537
Kan,3,2.09360595515,-0.85428645287,-2.4327747065
Kan,4,1.37694532519,-0.591176337459,-2.04433327975
Singh,Pun,1,0.148715724666,-1.04290051913
Modi,1,0.897893867757,0.201375702304,-0.0709513164128
al-Kidwa,1,0.644762482901,0.353563653156,-3.38460494729
al-Kidwa,2,0.937547081157,-0.227420746074,-0.96756302288
Kinski,1,-1.66611715941,2.10122802794,-2.7055285382
Kinski,2,-1.47915695246,0.511269997274,-2.70885425836
Liukin,1,-0.336182300782,0.0501975844618,-3.08634317038
Dmitrieva,1,-0.110674087332,0.60874788115,-2.75399352819
Motuziuk,1,-0.447464676836,0.47726900234,-1.66515944539
Verbeke,1,-2.09281359776,0.592297597378,-2.19739980118
Vodonova,1,-0.403484601186,0.138026205161,-3.10004024452
Cole,1,-2.20100123303,-0.272486137992,0.373197528104
Cole,2,-0.695281998668,-0.273418894019,0.422671123768
Cole,3,-1.53642277726,-0.571482736614,0.540838854349
Coughlin,1,0.287460657904,0.705678443399,-2.26555845546
Coughlin,2,-1.13764032191,0.91997072413,-1.95540029702
Coughlin,3,-0.134111361417,0.539791565779,-2.00416217113
Coughlin,4,-0.0461396020449,0.403177606938,-1.64273347468
Coughlin,5,-0.710261847068,0.527710822073,-1.89599451202
Coughlin,6,-0.954660083465,0.365048745646,-1.40476789107
Imbruglia,1,-2.10109842236,0.830542557098,-1.96847975746
Juniardi,1,0.0507274044039,0.517488927813,-2.64719777219
Maines,1,-1.09783547466,0.522981204441,-0.539307833863
Maines,2,-2.71073716103,1.86289819665,-1.27247587318
Maines,3,-1.97648073036,1.46363966314,-0.63580355573
Maines,4,-1.63510577844,1.81500886247,-0.186441195047
Maines,5,-1.92766114417,0.893937580343,-0.134417467212
Stewart,1,-0.606455206265,-0.315220078094,-0.522277657341
Williams,1,0.262865913678,-0.323996657469,-0.834470524522
Sazanovich,1,0.316780027069,1.1509627459,-1.80734852021
Barnova,1,-0.570636580389,1.44495104811,-3.48707023114
Micic,1,-1.35196480527,0.985353678267,-2.46914373864
Henstridge,1,-0.855799599368,1.21703451334,-1.83767589466
Lyonne,1,-2.05252606169,1.65303552567,-2.57343994952
McElhone,1,-2.32768156743,0.320956854719,-1.45507459825
McElhone,2,-2.13024841846,0.773250991533,-1.54136521902
McElhone,3,-1.92161372155,-0.32338355863,-1.65785896611
Blackwell,1,0.824080036552,-0.802400390592,-2.12969149256
Huffman,1,0.963886283636,1.04177594698,-0.931500412995
Hybl,1,1.43514075142,2.86622847892,-2.37494576215
Gillot,1,-0.862338035195,0.0860096615849,-3.03082645989
Baye,1,-1.46519824422,0.778580570885,-3.49195553814
Baye,2,-1.18610135681,1.01249901139,-1.38519652642
Baye,3,-2.27308485961,0.897908196135,-2.84706345117
Baye,4,-1.71550577966,0.356896677442,-3.4904066836
Dechy,1,-0.355622990856,1.39053253905,-1.8362195205
Gagnon,1,1.04636874507,0.486169768755,-2.86066021583
Doudney,1,1.56595299246,1.205357116,-2.09585846069
Lane,1,1.01619840368,0.297639038264,-2.12411312663
Lane,2,0.588635993728,1.60301810653,-2.00660820218
Powell,1,1.00076199927,1.41006687945,-2.51377341276
Smith,1,0.239882289929,-0.125678364074,-2.08755181102
Hussein,1,0.0187226292817,-0.097338394863,-0.994373015048
Nasrullah,Khan,1,-0.883654203054,1.1314148981
Pavkovic,1,1.32655197931,0.688309488055,-1.99089529855
Pavkovic,2,2.98161240758,-0.11249844007,-2.12819247981
Goldman,1,1.88044908007,1.36693715793,-2.72105116198
Moritz,1,1.55181978764,0.545915167293,-1.17710693762
Acosta,1,1.876726798,0.78148332043,-2.02418159001
Mandela,1,0.455310681435,-1.21405413483,1.5940159628
Mandela,2,0.494663112952,-0.698655023187,-0.543079169642
Mandela,3,0.665459660173,-0.0300897085488,-0.171291632153
Mandela,4,0.791931306901,-1.21695980551,1.97827897877
Shanks,1,0.468433207489,0.4130283648,-1.20204976994
Marcore,1,1.24947049925,1.76990290154,-2.70686775721
Marcore,2,0.554513227556,0.725091870313,-2.49977332143
Gonzalez,1,1.69637069695,-0.52327847587,-0.50258581356
Kirchner,1,1.69632548239,-0.74704734181,-1.44946500594
Kirchner,2,0.935769978399,0.0603072276837,-1.03905831366
Kirchner,3,0.823760005056,-0.110969647242,-2.77920822313
Kirchner,4,-0.774669294806,-1.04182160556,-0.953976052948
Kirchner,5,0.43530780189,1.28221329237,-2.66830445127
Kirchner,6,0.33149484765,0.477182366386,-3.38453223738
Kirchner,7,0.672176139405,0.65979510329,-1.68327097326
Kirchner,8,1.38837681034,0.186298419306,-0.995768587542
Kirchner,9,1.64464134313,0.742189175633,-2.41563367809
Kirchner,10,0.346931850312,0.340179047578,-1.53422941171
Kirchner,11,1.89861421253,0.381538941418,-1.40537382027
Kirchner,12,1.5707866013,-0.21244511277,-1.4401321088
Kirchner,13,-0.0226191862859,0.285082687906,-2.44655051979
Kirchner,14,1.49637419767,0.725920930218,-0.899801225583
Kirchner,15,0.599208905989,0.378286518053,-1.68787987367
Kirchner,16,-1.06890596319,0.989834097434,-1.0153835272
Kirchner,17,1.52468458526,0.424961740506,-2.27531549525
Kirchner,18,0.178487282113,0.468051794627,-2.57948388572
Kirchner,19,0.189022122911,0.897866926958,-1.76046574716
Kirchner,20,0.792980971971,0.270404524083,-1.17258881381
Kirchner,21,0.978227607545,0.723166801026,-0.805014236584
Kirchner,22,0.356991027799,-0.387181903339,-1.009768766
Kirchner,23,1.42407352728,0.327029204436,-1.68243728574
Kirchner,24,0.283037010459,0.148016234134,-1.36259360832
Kirchner,25,0.972298657277,0.106213084929,-2.06998828893
Kirchner,26,0.382091049236,0.160945793629,-1.01910417325
Kirchner,27,0.47586249848,0.657136351215,-2.20812289527
Kirchner,28,0.116266402156,0.504686814642,-2.22967828957
Kirchner,29,0.112381380237,0.802549569905,-1.58161397848
Kirchner,30,1.77934011462,-0.228285875157,-1.27800045745
Kirchner,31,1.44440320526,0.700060497455,-1.71778082572
Kirchner,32,0.505092793136,-0.198108529256,-1.63372966987
Kirchner,33,0.766607036963,0.235070623972,-0.459172061949
Kirchner,34,-0.353311822586,-0.0236873579021,-1.33594075507
Kirchner,35,1.11453315295,1.04034477825,-2.07438720374
Kirchner,36,0.145803012775,0.406616552367,-1.75776476963
Kirchner,37,1.17596948713,0.414826728193,-1.80125623499
Santillan,1,0.976013595619,-1.12005856143,-1.26203600632
Gingrich,1,-0.0957196504652,1.04380439746,-1.34398442104
Carlton,Slawson,1,-1.65970339772,1.09957648371
Connolly,1,1.9649080507,0.266883633921,-1.88556161283
Vardalos,1,-0.994822957307,1.47659465551,-2.4124742865
Vardalos,2,0.712047230087,1.00083339621,-1.05386810423
Vardalos,3,-1.19833173502,0.442410080202,-1.2160324753
Vardalos,4,-1.246305402,1.11522117146,-2.31849365964
Vardalos,5,-1.75992949056,0.896623884363,-2.30025046116
Duarte,Frutos,1,0.847018606388,-0.896624640529
Duarte,Frutos,2,-0.43812903386,0.11631556759
Duarte,Frutos,3,0.904764248311,-1.4033583286
Duarte,Frutos,4,-0.37999787673,-0.00401176191645
Duarte,Frutos,5,0.65685247007,-1.13268442412
Duarte,Frutos,6,-0.121701642756,-0.373211337152
Duarte,Frutos,7,-0.638969882085,-0.399690226433
Duarte,Frutos,8,0.530915850849,-1.41471566967
Duarte,Frutos,9,0.394559820049,-0.88405110343
Duarte,Frutos,10,0.446753707152,-1.24154042192
Duarte,Frutos,11,0.120275775747,-0.23779414048
Byron,1,1.03861937995,0.824719161592,-1.32074139136
Byron,2,1.28719969733,1.81840069549,-1.37362542876
Tse,1,0.0447837336368,0.856820896919,-2.49099988442
Tse,2,0.182910636588,-1.55764037854,-3.12227775732
DiMarzio,1,0.178778055683,0.690553741302,-1.82001487296
Cassavetes,1,1.09202051951,1.80786981941,-2.8134137871
Lidstrom,1,1.34796225247,1.86556279967,-2.40285417932
Markakis,1,1.48681019417,-0.296763556317,-1.88734734815
Nolte,1,1.22620221029,1.87403717961,-1.6056095555
Nolte,2,0.890751628526,1.32368765732,-1.39568883094
Nolte,3,0.622403570918,1.55150149629,-2.15693354029
Nolte,4,0.61043300906,1.43110129516,-1.97697361776
Nolte,5,1.26455859493,1.78084592343,-1.04703779571
Price,1,1.23391169528,-0.202246741947,-2.07057684135
Rahall,1,1.758563853,0.539952037981,-2.1142195142
Reilly,1,2.20211644407,0.629055564269,-1.41533525664
Rimando,1,0.379037293348,-0.654431673935,-1.61563370371
Turner,1,0.90095766658,-1.87368634252,2.47056572141
Bono,1,0.513149086774,0.319153572757,-1.85328864547
Cage,1,1.66040957917,0.229627639523,-1.38337730411
Cage,2,0.680960840188,0.662393674838,-1.78746913521
Cage,3,1.60508270803,0.394891039435,-2.21949595315
Cage,4,0.816336327818,0.392470518534,-2.81690044346
Escude,1,1.35922306299,-0.383791154488,-1.49333426746
Escude,2,0.832751960379,-0.399751182662,-1.79028908124
Eyzaguirre,1,2.09223159155,2.27106823615,-1.91993676611
Kiefer,1,1.40383569319,0.976317767416,-1.81696762555
Lapentti,1,1.57821708827,-1.0000239585,-0.726274328932
Lapentti,2,1.0967487882,0.518342935207,-2.03122781973
Latorre,1,1.20471421881,1.069736295,-1.70723125958
Macrozonaris,1,1.21650542843,-0.378226535338,-1.06272037946
Massu,1,-0.112894280694,0.504405296805,-1.42574856285
Sarkozy,1,1.10013420198,0.163003387776,-2.37365091062
Wells,1,-0.196951844714,0.40782996938,-2.11295921918
Hiltz,1,-1.08041428246,0.840797591695,-2.72404192856
Kidman,1,-1.59193164584,2.39915909556,-2.85406429862
Kidman,2,-1.27866938231,2.30489158423,-3.6107644271
Kidman,3,0.00562627298134,0.278480978379,-1.71362004045
Kidman,4,-0.924155279711,1.59474895675,-3.00161519453
Kidman,5,-0.133069073219,0.471912962825,-1.70888041861
Kidman,6,-0.994638767118,1.27075418802,-2.77669283627
Kidman,7,-0.452050796238,1.37555018725,-2.31974932105
Kidman,8,-0.146407898611,2.15105187805,-1.8771350791
Kidman,9,-0.111866261283,1.60590153671,-2.34742843639
Kidman,10,-1.49358671333,1.63776550709,-1.53859382403
Kidman,11,-1.44038424982,2.22881066453,-2.03119955818
Kidman,12,-0.349187225949,1.35579142796,-1.55208044892
Kidman,13,-0.385723814221,1.68759877142,-2.64402392881
Kidman,14,0.327641610273,3.01783549069,-2.27535315804
Kidman,15,-1.49381049608,1.62203715566,-2.79692401176
Kidman,16,-1.25824720786,1.4354615264,-2.59424769991
Kidman,17,-0.0180784075507,0.606477024318,-1.86259162043
Kidman,18,-0.00495774599779,1.52598090988,-2.33336256888
Kidman,19,-1.08213470092,1.10542666798,-2.48894810733
1,-2.21675475539,-1.67880496315,-2.36780869003,-2.24481118856
Parker,1,-2.23451636679,-0.0079778488954,-1.3243145912
Braschi,1,-1.93455840448,1.11975661838,-2.18977498398
Blanca,1,-1.08247733934,-0.749048299432,-1.86074384466
Redden,1,0.366606153626,0.778113124937,-1.54314078944
Cascone,1,-0.962917344309,-0.12138736051,-1.92758434951
McKibbin,1,-1.17817612611,-1.06401608826,-0.243720373636
Reed,1,-2.40243577645,1.1775916693,-0.950509705752
Reed,2,-2.13744343327,0.743420209655,-1.40428387034
Teasley,1,-0.630601458185,-1.62777882041,2.00919721677
Davydenko,1,0.687316454686,0.605613325616,-2.54381390009
Ferran,1,-0.854561988746,1.20067968411,-2.97129341989
Jacobson,1,-1.2499770312,1.23115837271,-3.27987707926
Pecari,1,-0.174630658451,-1.63591073017,-1.65697814723
DAngelo,1,0.124651723697,-0.142821837903,-2.84428389445
Trabelsi,1,0.586416000841,-1.39908214547,-0.96333686961
Wyle,1,1.87199826829,0.78627474353,-2.50044414255
Wyle,2,1.67662888474,0.944955857531,-2.52730981858
Wyle,3,1.37737718312,0.967349103883,-2.62275602627
Idei,1,0.335089068807,0.209504617219,-1.6722982283
Forgeard,1,0.502261935831,0.842782192474,-1.46904022767
Bush,1,-1.90526646045,0.305965880878,-1.93101224355
Bush,2,-0.801342989281,0.391172883244,-2.07612973734
Bush,3,-1.0304987293,0.0611259146929,-1.01928730959
Bush,4,-1.35962164723,0.777242824093,-2.44067157275
Niell,1,-1.49233406258,-0.495145144764,-0.52218148381
Moeis,1,1.92212955319,-0.27467220464,-0.961412066734
Muis,1,2.52004735791,-0.286465561349,-1.44026281905
Gaye,1,-1.04640898223,-1.05785133643,0.495806111829
Duc,Manh,1,-0.550124225119,0.126237731353
Mohammed,1,1.14769015544,-0.625391170849,-1.21249090463
Bendijo,1,0.181152345683,-0.615985693712,-0.325002373388
Bendijo,2,-0.328153249851,-0.580536957134,-1.44916768272
Ephron,1,-0.483998424008,0.131932098182,-1.58736908743
Jones,1,-1.41176546572,-0.324752541884,-1.94533149543
Jones,2,-2.08591078592,-0.0103228119686,-2.72881985457
Jones,3,-0.317056251494,-0.90357542137,-0.0572954475501
Jones,4,-1.06324681088,-0.198191798319,-1.42761545432
Jones,5,-1.65953481955,0.635672328902,-0.840144413199
Jones,6,-2.25412431598,-0.265131780031,-2.72285504899
Jones,7,-2.77916589338,0.624295922752,-2.31501063949
Jones,8,-1.6816061526,-0.276146187532,-1.27082133255
Jones,9,-1.39215758742,-0.242138724288,-1.32154320906
Jones,10,0.699675200432,0.0736603472783,-1.74860754149
Jones,11,-0.679945498508,-0.640444519117,-1.83782486073
Jones,12,-0.631346316791,0.314604078096,-1.89728188033
Jones,13,-0.0573347435133,-0.840898955571,-0.0304748603049
Jones,14,0.390669430466,-0.188683726492,-1.9395948446
Jones,15,-2.45819418305,0.023205761766,-3.15007530126
van,Heyst,1,-1.68636372304,1.86537477222
Ohga,1,-0.30953384822,-0.206983505468,-3.07347158233
Legault,1,1.6417541518,-0.0790690396584,-1.7026988051
Jewison,1,1.75808326469,1.52418774163,-0.670656663051
Jewison,2,1.60047437895,1.63825117215,-1.62236344579
Mailer,1,0.808962501281,2.32039049835,-1.63692366502
Mineta,1,1.3892712674,-0.881645089294,-2.34182465556
Coleman,1,0.64009801479,1.04904870078,-2.39026251354
Coleman,2,1.04452522075,0.112987981996,-1.18704637707
Coleman,3,0.77682272819,-0.391860733747,-1.91587544431
Coleman,4,1.52415149606,0.589402998023,-2.51469212468
Coleman,5,-0.432462179302,0.795852007261,-1.13617128723
Coleman,6,0.191031958197,1.23853202993,-2.08185028157
Coleman,7,1.55205930752,0.642485520974,-2.6948308803
Macdonald,1,1.38727881225,2.63442083855,-2.82189362378
Chakrapong,1,0.685265414386,-0.910275976255,-2.6304276676
Sihanouk,1,0.811967653641,-0.88023773952,-1.8796666491
Sihanouk,2,1.18284504313,-0.158867079958,-1.21374840549
Sihanouk,3,-0.254007797936,-1.3566368101,-1.67061985444
Esther,Guthrie,1,-1.72982129537,0.21655350017
Chea,1,0.220344391358,-0.064515971551,-1.28400739943
Jaafar,1,-0.0461734789874,-0.746625410836,-1.1533406228
Nazarbayev,1,1.81792052909,0.518590180722,-0.769288907702
Nazarbayev,2,2.93393391898,0.325107217893,-2.247485506
Lara,1,0.141665426087,-0.237332124278,-3.10989429031
Hussein,1,0.847375747917,0.344008662178,-1.29133966621
Collazo,1,-1.65910650002,1.00318158454,-2.51836621454
Simpson,1,1.35650730083,-0.228851658832,-1.1915044044
Simpson,2,0.634632294004,-0.660988934141,-0.798628272342
Romantsev,1,1.8271104814,1.15834113113,-1.75185963436
Moroz,1,1.12062493811,2.19112384631,-1.30840822137
Moroz,2,1.17255435139,2.04610972976,-2.010435449
Walker,1,-0.745407930832,0.96791578823,-2.2471058826
Bonabarenko,1,-1.07270252034,0.122661340468,-1.74780596639
Bonabarenko,2,-2.23199762883,0.163255458304,-3.14079176827
Labus,1,-1.16495223066,1.13779236983,-2.672947575
Neuville,1,0.974865645545,0.873628966608,-2.58849173583
Phelps,1,-0.42442167697,3.29373771894,-1.81465816199
Stone,1,2.40669272246,0.0877117120965,-1.69534648916
Newton-John,1,-0.857903037951,1.03903534927,-1.47899924084
Newton-John,2,-1.8249238196,1.95186993189,-2.01322425955
Boulay,1,0.782115606067,1.20781102409,-2.32306880924
Rochus,1,0.911848524152,0.0729380688354,-1.91659844529
Dukakis,1,-0.352981118663,0.238301866147,-1.25235626517
Khan,Sharif,1,-1.1420852202,-0.898403565182
Sharif,1,1.73256751994,0.632887649513,-1.2927723802
Sharif,2,2.31397376468,1.27920213595,-1.59750072069
Sharif,3,1.77479406541,0.856588493194,-0.96446677235
Sharif,4,2.24079238869,1.06791290581,-0.396500620029
Vizquel,1,0.396101826302,1.17795161221,-1.21598641294
Lett,1,1.50500733296,-0.726584472566,-1.02182559885
Winfrey,1,-1.00947559595,1.05123670103,-1.18740734069
Winfrey,2,-1.95417469727,-1.19155646053,0.0311076577492
Winfrey,3,-0.362538116785,-0.490914072617,-0.188442651385
Winfrey,4,-1.80829207724,-1.38035900569,0.718247647658
Williams,1,-0.592723291556,-0.100744448886,0.956524564812
Bloom,1,-0.132070537014,0.286813514928,-2.81890738281
Bloom,2,0.15954486808,0.737104602716,-1.42030809353
Bloom,3,0.698849772433,0.620303665432,-1.56316659016
Muti,1,-1.47913624133,0.0739167056725,-1.62419580337
Hatch,1,-0.0820525418744,0.756635872063,-1.41695477928
Hatch,2,0.461287216081,0.262628292457,-2.32535131222
Al,Baz,1,-0.542572231776,-1.0110765399
bin,Laden,1,-0.266882133888,-0.738396614751
bin,Laden,2,-1.20821190436,-0.0694242499599
bin,Laden,3,-1.35429576083,-1.53089971365
bin,Laden,4,-0.899430920985,-0.144664728646
Bolanos,1,1.1161207562,1.48646018289,-0.882889379776
De,La,Hoya,1.05016298827,-2.39281842507
De,La,Hoya,1.68546965079,-2.15238190667
De,La,Hoya,1.59595907964,-1.58082715188
De,La,Hoya,0.76070257895,-0.880814547839
De,La,Hoya,0.284426431589,-1.14340150703
De,La,Hoya,1.44973835305,-1.94596975291
De,La,Hoya,0.886997587563,-0.782680561868
de,la,Renta,0.505286138159,-1.06752529979
DLeon,1,1.95575059791,-0.0622869334432,-0.587035246337
Elias,Biscet,1,-2.25180507937,-1.01941779653
Elias,Biscet,2,-1.95800216089,-1.19127612496
Smith,1,0.916476040369,1.60341705564,-2.18001309414
Iosef,1,-1.0471326154,0.401814789406,-1.55255371125
Gruebel,1,1.42709277309,0.579778481835,-3.29754102119
Paya,1,0.624305788505,0.629146437309,-2.8248223472
Paya,2,0.563335067933,0.266522445833,-1.72637601102
Paya,3,2.19592734437,-0.913859905534,-0.79334343896
Paya,4,1.08838316009,0.350591976185,-2.5332856994
Paya,5,0.45979323614,1.65226649086,-2.43369757055
Reich,1,0.633542220744,2.0295340879,-2.13644471449
Schily,1,0.863015266834,1.06053357011,-1.6121537233
Nolan,1,1.45773074038,1.12218369322,-2.24520463432
Wilson,1,0.966260912334,1.55798460494,-0.86899583088
Wilson,2,0.680034415367,0.214018050974,-0.453766697734
Fedorova,1,-1.58663779561,0.602146102807,-2.11189650253
Fedorova,2,-2.74113390433,-0.78300835427,-1.35868544351
Fedorova,3,-3.67287112343,0.342252175122,-2.21041349307
Fedorova,4,-2.28640585699,0.240196233467,-2.7023067255
Smith,1,-0.349094017751,-1.4471971143,0.608361041997
Osbourne,1,-1.63889984495,1.57887809068,-2.21853137263
Osbourne,2,-1.45862042872,1.32698942359,-2.49491542123
Osbourne,3,-0.476774377383,0.408403977711,-1.47040287539
Khulental,1,1.34175212748,-1.229030375,-0.769606359015
Latras,1,0.888452992849,0.20503875961,-2.20024542843
Long,1,0.609710969426,1.07757202353,-1.9114265993
Torsney,1,-0.970009479668,0.363366139909,-2.39478238215
Harrington,1,2.03793606339,0.921931742084,-2.18326898466
Harrington,2,0.970356175502,0.0104494956867,-1.91628870582
Harrington,3,0.496530829439,1.30230612437,-1.24489789467
Harrington,4,0.34369539646,1.0803873994,-1.38078458758
Nam,Sun,1,-0.0516557632896,-0.442977243465
Fitzgerald,1,-0.759847665348,0.81526195868,-3.1460180112
Gil,Yon,1,1.94306793785,-1.25428754015
Kou,Hang,1,0.882371564327,-0.968140605879
Anderson,1,-1.04082709867,0.61761912959,-0.956459343886
Anderson,2,-1.4028120169,1.24819730125,-1.57461338974
Anderson,3,-1.71463272973,0.398863899373,-1.1466294293
Anderson,4,-1.70154413129,0.852769280312,-0.0973189492909
Anderson,5,-2.02166282365,1.75828323154,-2.08626959179
Melroy,1,0.0915710280765,0.0417331204172,-2.23025470792
Espinoza,1,-0.174749726354,-0.0113232131274,-1.3370060148
Srichaphan,1,1.83622400612,-1.72264716038,-1.18447739441
Srichaphan,2,0.753823612129,-1.35597175677,0.567655359773
Srichaphan,3,1.25943495434,-1.09216486879,-0.818700538848
Srichaphan,4,1.75319828875,-0.456389726265,-1.51344115598
Srichaphan,5,2.29201689248,-0.27006187467,-1.22374736104
Srichaphan,6,2.08748350602,-1.75430650024,-0.695405294877
Srichaphan,7,1.16643874472,-0.46316444688,-1.22952571313
Srichaphan,9,0.459534792094,0.749393282893,-1.12641203774
Srichaphan,10,1.91698724077,-0.953328949796,-2.03959455602
Hilton,1,-1.69982396848,1.0144859798,-1.33319432276
Hilton,2,-1.10569714739,1.39098086751,-1.85848972436
Jie-won,1,0.853998873179,-0.0172039538789,-2.19861203367
Jung,Sung,1,0.203582969923,-0.739869422911
Na-kyong,1,-1.23221691715,-0.57056754432,-1.01907598152
Glendening,1,1.02905351439,1.02526608086,-1.10661709913
Glendening,2,0.397843665103,1.03267700034,-1.54256868993
Patel,1,1.81388272301,-0.17215792752,-1.61762388457
Affi,Nguessan,1,-0.944460531609,-1.63067696431
Lamy,1,1.24822588666,1.3907911774,-2.29822799922
Lamy,2,0.854479605349,0.708206934236,-2.1743943816
Quignard,1,1.85605074531,0.866043393061,-1.0480714329
Quignard,2,1.02379512508,2.13053574524,-2.02899015388
Quignard,3,0.621282644448,1.06674995728,-2.41628602467
Rheaume,1,-0.0451040230153,-0.268735209788,-3.43843375657
Burns,1,1.55272339817,1.15233321159,-2.02564044347
Burns,2,0.970563805074,0.700855608083,-1.08170089439
Cox,1,1.05165788655,2.00295036916,-2.1098085717
Cox,2,1.45964481011,1.53850908589,-1.91981063716
DAmuro,1,0.47133754522,1.20300477069,-2.60075274056
Chereau,1,1.87628559769,1.62064731225,-2.06783235489
Chereau,2,0.581582690913,1.55225980635,-1.68781451172
Clarkson,1,-2.14206970621,2.02741561194,-2.07294430578
Clarkson,2,-1.80097425144,2.07463786391,-1.76821343804
Clarkson,3,-1.96589245737,1.76512666592,-3.44148174191
Clarkson,4,-1.51701578333,0.944364021589,-2.17231897804
Garone,1,-0.894315024679,0.331878186572,-2.44120118425
Hearst,1,-1.58988786927,1.57731452408,-2.85495198531
Heaton,1,-2.6500522981,0.540087872409,-2.63920415308
Heaton,2,-2.24656677944,0.213424583929,-2.28212132707
Johnson,1,-0.577344919342,1.61186178052,-1.71039794713
Medina,1,-0.396197348209,-0.717572310554,-2.03161621044
Phillips,1,-1.3844462421,-0.143353695164,-3.16160685274
Russo,1,-0.37358514286,-0.00907840744965,-2.34057717493
Wartusch,1,-0.429327686486,0.366870984936,-1.8482819326
Bourrat,1,1.01825018885,1.71923526484,-1.99602781122
Clawsen,1,0.55569273806,0.967573286749,-1.14638060804
Coleman,1,0.302982055181,-0.298404244372,-1.33595594927
Dennehy,1,0.95619408548,0.717879458038,-1.18916830613
Eaves,1,0.878489477644,1.25499052836,-3.25188251394
Ewing,1,0.0941117267802,-0.830059638753,-0.204458738896
Ewing,2,0.378036832116,-0.743780353835,0.871810413844
Kron,1,1.63672259849,-0.0879796745039,-2.41245907312
Leahy,1,0.546077853123,1.11064710384,-2.13719965614
Leahy,2,0.316444891071,0.842940921029,-1.5926172439
McEnroe,1,1.15713159647,1.05453683671,-2.45569216288
McEnroe,2,1.13308300566,-0.0341476296458,-2.7028153061
Rafter,1,1.26740931415,1.8296299559,-2.59874091896
Roy,1,-0.188646396551,0.641615031488,-3.2104255032
Roy,2,0.899123240152,1.2201378927,-2.12276604761
Stewart,1,1.63019410081,0.0965462361784,-0.0420940664012
Stewart,2,0.55727124606,1.32441023886,-3.64792866297
Kristiansson,1,0.216623165494,-0.735911257269,-1.72285939546
Riley,1,1.26716162066,1.5624918958,-2.04353838435
Rochester,1,-0.999281860477,-1.5007416895,-0.0460573529717
Summerall,1,-0.353069723424,1.11110610101,-3.00908035228
Summitt,1,-0.565201481879,0.0143102871321,-2.37946044392
Hardy,1,-0.988269648307,1.10871210879,-2.25422779675
Kensit,1,-1.89824590108,0.834119886363,-1.37558794067
Mink,1,-1.86786200696,-0.55374970968,-1.04498624683
Balgojevich,1,-1.02329872225,-0.692620048454,-2.20565754604
Labelle,1,-1.2033060906,-1.45058126899,-0.227112305909
Labelle,2,-1.67888502485,-1.59075469582,-0.174514842342
Labelle,3,-0.431178012316,-0.925635657253,-0.289456262113
Lank,1,-1.63528421304,0.575364206997,-1.64488990178
Smith,1,-0.371026374251,0.451260531749,-0.24142687491
Duke,1,-1.24844990633,0.985457606517,-2.42033781538
Schnyder,1,0.293697028757,0.794449515378,-2.48139367883
Schnyder,2,-0.558738964274,0.426412853662,-2.60424042248
Schnyder,3,0.356901952761,0.669669008595,-0.758952337603
Schnyder,4,-0.568565819735,0.347497501878,-0.933375261572
Sheehan,1,0.554892093773,1.24387901593,-1.32358387813
Wharton,1,-0.902648952855,2.19230338236,-2.36856067949
Abdul,1,-1.34754935357,0.871523429397,-1.27905434213
Dobriansky,1,-0.661643541393,1.5467595006,-2.25357609756
Locke,1,-0.156463940535,1.88988548731,-2.28317335095
Prentiss,1,0.461549779803,1.09412107579,-3.13915866333
Radcliffe,1,-0.418255988172,1.57983565078,-2.4991013951
Radcliffe,2,-0.509601825217,1.61608404275,-2.13545425323
Radcliffe,3,0.0640215056187,1.53326321944,-1.6672541614
Radcliffe,4,-0.192303886817,0.476200282449,-1.14867188303
Radcliffe,5,-0.0446216587883,1.70111716491,-1.61373704193
Radcliffe,6,-0.387762113548,0.681387322047,-2.41857040069
Zahn,1,-2.02788084736,1.21874624649,-0.89686043323
Zahn,2,-2.28864833831,0.895444314487,-1.43585691343
Bettany,1,1.24994515054,2.00171693902,-2.49130038257
Brandt,1,-0.329673625606,0.10913882282,-1.95428689451
Bremer,1,1.40495979251,1.69153026754,-1.49751719298
Bremer,2,0.420091151024,0.51984672173,-0.637911081641
Bremer,3,1.30615224356,0.586903738206,-1.95993621285
Bremer,4,0.77419016119,1.52892474961,-2.2036511563
Bremer,5,1.66327672231,1.55029339722,-1.95967159262
Bremer,6,1.28732245746,1.11021255792,-1.34266556484
Bremer,7,1.54113192245,1.88751857276,-1.46823090608
Bremer,8,0.430964612351,1.5670082336,-1.5245170888
Bremer,9,1.53602582078,1.40792888357,-1.64523971524
Bremer,10,1.9459670957,1.96602309534,-2.52883418936
Bremer,11,1.30421467382,0.709936682554,-2.4797791384
Bremer,12,1.39306709671,1.77183688536,-1.36159497857
Bremer,13,0.536356249485,1.68727108264,-1.90363195337
Bremer,14,0.93065365592,0.63237531673,-1.26043620648
Bremer,15,1.75519480159,-0.188681044474,-1.40990769816
Bremer,16,1.56202672654,0.991203054956,-2.35593100166
Bremer,17,1.42450210392,1.08591063873,-2.18109611399
Bremer,18,1.81400385198,1.88468335911,-2.26724347292
Bremer,19,1.3481709877,2.14913690201,-1.96636167068
Bremer,20,1.67885349374,0.91390514075,-1.15596409856
Burrell,1,1.87018128539,0.008060643039,-1.26356557971
Burrell,2,1.56693715249,1.11091641897,-1.35613429778
Burrell,3,0.663152905142,0.771898235218,-2.63837019094
Burrell,4,1.66412000525,-0.370104026301,-1.00893441107
Burrell,5,2.23851396074,0.254645736108,-1.57108366195
Burrell,6,1.28535151509,0.755467556365,-2.28813509805
Burrell,7,0.898969746488,0.678405110244,-2.45066655172
Burrell,8,1.28818267554,0.740719589521,-2.48658999923
Burrell,9,0.578071313793,1.16755058281,-2.14325888393
Burrell,10,1.146257479,0.750153628368,-1.94081217727
Burrell,11,0.791617946654,0.223311546015,-1.69819177028
Byrd,1,1.25822669689,0.759514642105,-1.88943226883
Byrd,2,1.82943557011,-0.25708206949,-1.21790494743
Celluci,1,1.67975193954,1.13304952028,-1.85340527262
Cerjan,1,1.46303686373,1.27815643209,-2.8069591925
Clark,1,0.725619818202,1.05025283666,-2.79305709944
Coppin,1,1.73917214995,0.337637615347,-2.54409184191
Coppin,2,1.09786179263,-0.744116973703,-1.92471348287
Crake,1,0.237247559674,1.89501975772,-1.50968653597
Desmarais,1,0.935863882948,1.82108420323,-2.37343177953
Ebert,1,0.955630272808,1.38244667864,-0.785428660633
Perrette,1,-0.139951462243,1.39134630636,-3.04654982086
Farley,1,0.56463694158,1.2537850543,-3.03035459034
Gannon,1,1.33594436724,2.19046499816,-2.87719140537
Gascoigne,1,0.324059904631,1.12172888944,-1.93139634929
Gascoigne,2,0.391173555935,0.250937458198,-2.13486443416
Gascoigne,3,1.32278674957,1.64346726543,-2.58448400353
Greengrass,1,0.211739694549,0.418592270423,-1.48643366586
Henderson,1,0.736399403886,0.636691857625,-1.01445361353
Mathieu,1,0.668647692219,0.693732525487,-0.101366854794
Mathieu,2,0.464350990041,0.989133083358,0.335341670968
Mathieu,3,0.0872092419665,1.31022749188,-0.885525133005
Hogan,1,0.850666441169,1.75946218721,-1.02302516874
Hogan,2,0.911264986475,1.54509942812,-1.4671690565
Ayala,1,0.935610266756,1.25999347237,-1.04788572203
Rodriguez,Davila,1,-1.57623632645,0.781264629595
Landers,1,0.256309567337,0.113640668578,-2.65419991916
Phillips,1,-2.09775717835,2.02326503818,-2.43700296243
Johnson,1,0.80017522339,0.788089869408,-2.26747979942
Kagame,1,0.185962432997,-0.341856739526,-0.437228558007
Kagame,2,0.429232912542,0.401521472126,0.620217413662
Kariya,1,1.19100983606,0.287517712903,-1.27234020833
Kelleher,1,0.708362453685,1.2681301,-2.79128287215
Krueger,1,2.17242397323,0.927184748097,-2.77967319575
LeClerc,1,0.794529195437,1.28047739648,-1.85815509832
Li,Calsi,1,-1.3988124584,0.838422540498
Lockhart,1,2.03362071619,1.4843543842,-2.7322864865
Lo,Duca,1,-1.16308653979,1.00003024105
Luvera,1,1.01681629201,0.0890183034569,-1.33641958608
Martin,1,1.26247499444,1.72274606376,-2.29194712101
Martin,2,0.585623564868,1.10568569051,-0.917102093048
Martin,3,1.32003240045,1.00398464779,-0.467337999092
Martin,4,0.401919426789,1.08203689829,-1.74243579893
Martin,5,0.507776699149,1.04141654122,-1.47332311118
Martin,6,0.253767806291,0.958101242554,-1.89420629089
Martin,7,1.31875122455,1.53791013613,-1.71569247274
Martin,8,0.103167288546,0.819285996242,-1.65113425062
McCartney,1,0.223518927795,0.903077210514,-2.02648108324
McCartney,2,0.377862797835,1.84778155041,-2.53516574714
McCartney,3,0.276386535613,1.43889632594,-1.81418004515
McCartney,4,0.77788356837,1.87624726174,-2.25145932246
McCartney,5,0.84494520553,1.18011887621,-2.69441192328
McCartney,6,0.566099329705,1.58186680352,-2.75141061136
McCartney,7,1.01824162,1.4815138631,-1.70539160322
McNulty,1,0.293078469147,0.764002390096,-2.54087010324
McNulty,2,-0.00478130702557,1.60545380166,-3.48769823368
Michael,Daniels,1,-1.68654237292,0.521668032523
Murphy,1,1.15880452532,2.00354708746,-2.73650816408
Newman,1,0.601653998622,1.28672815892,-2.30425490173
Cesar,Pinheiro,1,-2.61162401633,1.19250795357
Cesar,Pinheiro,2,-2.14843835019,1.70450766367
ONeill,1,0.874178644379,0.779116787232,-1.50951098494
ONeill,2,0.49287792277,0.929594002948,-1.37888711208
ONeill,3,-0.151369012655,1.02968224988,-0.822012353542
ONeill,4,0.691695197486,1.37966513693,-2.2069320175
ONeill,5,1.50460678021,0.65404310125,-2.79458551623
ONeill,6,-0.345084431193,0.749390542474,-1.5361815323
ONeill,7,0.90849450988,0.950791384541,-1.42488740952
ONeill,8,0.612496735946,0.358776620639,-1.00792359765
ONeill,9,0.687714207887,1.31237126306,-2.16593624163
Otellini,1,0.82972495442,0.252765113996,-1.97428412697
Patton,1,0.590383825322,-0.127851406326,-1.43642866391
Patton,2,1.25055678596,0.468245622364,-1.26517551725
Pierce,1,0.676394973711,-1.58413780769,0.689289155624
Pierce,2,-0.240640525403,-0.14220480866,0.0209740164293
Reiser,1,1.81025760356,1.68256209074,-2.55113221345
Sarbanes,1,0.835512663212,0.107248941711,-1.99134078447
Sarbanes,2,1.35783721741,1.58156762992,-0.957572381485
Sarbanes,3,1.09478566503,1.64145896198,-1.5160153234
Schrader,1,1.57988529088,0.516769985197,-0.790321807488
Shanley,1,1.56795342342,1.36207086224,-1.28931163495
Shanley,2,1.78065867803,2.14375395402,-2.02707178169
Shanley,3,1.80401587979,1.37632592089,-2.11229705364
Tagliabue,1,0.516059326655,0.701774803897,-1.92771900668
Tagliabue,2,1.397384695,0.911897364469,-1.91072554324
Tagliabue,3,0.408052626881,1.23981128208,-1.97060189014
Tagliabue,4,1.08045846702,1.14857271963,-1.19985182321
Tracy,1,-0.3161642359,2.30217812265,-1.39495378318
Vathis,1,1.37781669069,-0.737051965762,-0.766866000468
Walker,1,1.28294688206,0.352524451447,-1.35565283486
Wals,1,0.584488275738,2.3457056652,-1.07748023658
Wellstone,1,0.255597937304,1.10271714671,-2.21996910124
Wellstone,2,1.22504647238,0.987016494618,-1.50650704851
Wellstone,3,2.1859055836,1.13325567778,-1.99595338096
William,Hurley,1,-1.3632186641,1.27276500576
William,Hurley,2,-1.11088404214,0.765754445357
Wilson,1,1.31479858561,-0.971989058317,-1.03335059063
Wolfowitz,1,0.920178253911,0.911446469432,-2.56963580335
Wolfowitz,2,1.6334841738,1.03310783131,-1.47789623319
Wolfowitz,3,0.199328730513,1.60638193775,-2.57212191672
Wolfowitz,4,0.939767253265,0.894605327967,-2.2540440026
Wolfowitz,5,1.04948798706,2.33076917426,-2.93893450735
Wolfowitz,6,1.42002679155,1.75006319382,-2.89521886779
Wolfowitz,7,2.06698335146,1.57046982963,-2.35235333668
Wolfowitz,8,0.823663094423,1.40042883885,-3.29735443575
Wolfowitz,9,1.61427096203,0.712982992402,-2.29279318093
Wolfowitz,10,1.14765583953,0.422320330692,-2.10839902914
Wollnough,1,1.45667328731,1.82519651357,-2.00041211526
Almodovar,1,1.58381541517,0.74902103102,-2.19205145767
Almodovar,2,2.33975394043,0.416571536147,-1.96324963355
Almodovar,4,0.678078459468,-0.466396016317,-1.40374447282
Almodovar,5,1.59060355188,0.00255686374588,-2.01981230729
Almodovar,6,2.54362915279,0.921058308634,-1.87476376995
Almodovar,7,1.42150201869,0.126872385913,-2.18246615626
Alvarez,1,1.37027223081,0.785823207412,-1.07479741818
Duque,1,0.910373930395,0.508897689825,-2.2811814055
Mahecha,1,-0.125944950826,0.0408092995362,-1.62893822649
Malan,1,1.11161330025,0.454719577743,-1.71920880037
Malan,2,1.23730934072,-0.261499295908,-0.436948245345
Malan,3,-0.0343119723541,0.614646150695,-1.801750963
Malan,4,1.6009212327,0.705985398498,-0.358544491569
Malan,5,1.40911649344,1.2844114142,-2.37449451193
Martinez,1,0.268196329165,-0.540003056896,0.648697434613
Pauleta,1,1.78471339591,1.11721844644,-1.93407509601
Solbes,1,1.5851019928,1.62255701539,-2.30699712983
Solbes,2,2.15242975261,0.979114913157,-2.83003668668
Solbes,3,1.92264614169,1.53147854485,-2.60475429782
Solbes,4,1.62174842432,1.74369817563,-1.2881784945
Velasquez,1,2.37898152772,1.04949120195,-2.10945229753
McGuinness,1,-1.69414431437,1.47050084952,-2.46937240945
1,2.09312909909,-1.35591665033,1.54599669831,-1.18443868222
Ann,Miller,1,-0.545262707407,0.245029344982
Ann,Miller,2,-0.669522923286,0.273124406319
Cruz,1,-1.20690269857,1.05390087237,-1.71414178986
Cruz,2,-1.80572033514,1.19895188346,-2.94944458666
Cruz,3,-2.39461106045,1.11729586311,-3.16915911009
Taylor,1,-0.0744800883235,0.981333528185,-1.73457021995
Dupuie,1,-0.912236710438,0.896177359227,-0.827094958314
Lancaster,1,-1.17194824773,1.88469854665,-2.24685044134
Gibson,1,1.18686273309,0.69234443123,-2.07090643318
Gilpin,1,-2.72765453044,2.58920848273,-2.79623344339
Bjorn,1,-0.492443994263,0.843675273205,-1.37209651308
Shaw,1,-1.01313146148,0.588161786293,-1.97134878656
Compton,1,1.06317175192,0.408961976776,-2.71034899332
Farrell,1,1.65625905258,1.20815111023,-3.06108961355
Gibbs,1,0.512566753584,-0.296123169409,-0.561115992265
Musharraf,1,0.695343720136,0.145918640347,-0.781762046943
Musharraf,2,0.777521741765,-0.466466188495,-0.976140534818
Musharraf,3,1.87623279589,-0.263474788424,-1.51879516403
Musharraf,4,1.14377297133,-0.061190998118,-1.38442480973
Musharraf,6,0.50624401738,-0.212722265247,-1.2682916651
Musharraf,7,1.01776883593,0.105913194449,-1.1718108643
Musharraf,8,1.99196007946,-0.857143781599,-0.847261429407
Musharraf,9,0.640163252119,-0.0299942489293,-0.977358870076
Musharraf,10,0.523735803379,-0.172759140216,0.271283015606
Musharraf,11,1.16182609469,-0.835371642213,-1.04009930322
Musharraf,12,1.48235979037,0.411760300683,-1.44704500672
Musharraf,13,0.358010666225,-0.176044777045,-2.33218907892
Musharraf,14,0.806399983122,0.162512960472,-0.67343448286
Musharraf,15,2.0019912582,-0.594465404322,-0.648163680683
Musharraf,16,1.16528723548,-0.363411223292,-0.905270095078
Musharraf,17,1.08479740869,0.475635995669,-1.4404113218
Musharraf,18,0.782133854469,-0.633594711509,0.100824910598
Aldridge,1,0.511804912163,2.33672904356,-1.39358592
Beaudrault,1,0.871690728951,0.147184779199,-1.48791918162
Carroll,1,1.25136644181,1.26443878567,-2.23583202446
Carroll,2,0.45874939658,0.434483622984,-1.59432453328
Carroll,3,0.292519642169,1.06595917302,-1.44718874743
Gillen,1,0.523036278722,1.20208449033,-1.31106178546
Ahearn,1,0.737678768942,0.531227636777,-2.34877124198
Albertsen,1,1.51698172734,1.20195324203,-0.7479473334
Arnett,1,0.856530015183,0.800723587259,-0.758200250316
Arnett,2,0.83558772591,1.33192161833,-1.91523417339
Arnett,3,0.147236537357,1.60690590518,-1.05421520576
Bacanovic,1,-0.0805154297032,1.75148387684,-2.60806303178
Bacanovic,2,2.4134983122,0.456094902904,-0.663668581271
Camejo,1,1.04973777133,-0.283937231981,-1.35753433313
Care,1,0.532002806676,0.585624586988,-1.27199355967
Caruana,1,0.437603021722,0.122280107528,-1.2152489454
Chan,1,-0.620251204128,-1.01233123587,-2.80908805392
Costello,1,1.51968482739,2.49421101354,-2.11881605776
Costello,2,0.776116880083,2.24718083246,-1.29776194854
Fisher,1,1.54127064274,1.27272675398,-1.83081239603
Fitzgerald,1,0.404102037215,0.695212766636,-1.36189186536
Fonda,1,0.680426454029,1.32155373503,-0.0611591676982
Gabriel,1,1.09463121488,0.25736959361,-1.34079099079
Gilmour,1,1.19215779314,1.15580356473,-2.05494368223
Goldmark,1,1.2095851809,0.224434940532,-1.97137045478
Greenaway,1,1.43370263509,1.0978843813,-1.90832420174
Greenaway,2,0.739461475942,1.74333286907,-1.65892547635
Greenspun,1,1.82673265091,0.26810522474,-1.54942720707
Harrison,1,1.27434704416,1.75233379479,-1.92400273761
Harrison,2,0.753796665382,2.34792753626,-1.68451739664
Hartz,1,1.60639320835,1.95637154713,-2.95455492743
Harvey,1,0.64864336268,-0.90741784045,0.770540164051
Hillary,1,0.863027362622,2.34424556984,-1.41787690895
Hillary,2,1.45300122217,2.28647093122,-2.7712997824
Hollingworth,1,0.822569517452,1.79964631183,-0.603125592227
Holmberg,1,1.16092875745,-0.31309148455,-0.821000663716
Hunt,1,0.541649494333,0.766870378238,-1.54827804123
Lundgren,1,0.74178361485,0.390433152913,-2.61538824016
Mackay,1,1.27411892326,0.633363049149,-0.918085082871
Mansbridge,1,1.1801198461,1.47180592019,-2.47171144006
Max,1,1.54059927965,-0.437988043716,-1.67517442321
Medgyessy,1,0.938348693164,0.331223290719,-1.0556538621
Mugyeni,1,0.987874620556,-0.320451544486,-1.83860801826
Mullan,1,1.38572385453,2.33734392127,-1.99618564203
Rose,1,1.53766547434,2.15929497701,-1.9432646735
Rose,2,1.04844156794,0.943597502128,-2.81393888256
OToole,1,1.32088294601,2.22113570855,-2.68317367991
Rasch,1,0.270702792028,1.62635354033,-2.12886657747
Rasmussen,1,1.21192393278,0.279160265694,-1.27790397258
Schultz,1,0.963356917666,0.998698025519,0.123465384631
Sejna,1,1.15491140624,0.527584794179,-1.55173107983
Shaw,1,1.65855058963,1.21586932552,-2.88092736294
Struck,1,0.58185095009,2.27101430245,-1.1857776653
Struck,2,1.15884184023,0.844260755048,-1.11979821987
Struck,3,1.34139537545,2.62089250665,-1.59378547237
Struck,4,1.00218226837,1.18173616511,-1.2673740207
Struck,5,0.803449972089,0.923800389391,-1.24368419883
Ueberroth,1,0.863926386108,0.798927002573,-0.670427215282
Sampras,1,0.929410425614,0.0789053425721,-0.967595179243
Sampras,2,0.987164410325,0.451366606649,-2.01419929257
Sampras,3,-0.249331618641,-0.12878787893,-0.455765719204
Sampras,4,-0.473336011022,0.24200860243,-1.02817927444
Sampras,5,1.72380486956,0.263950698258,-1.24449028469
Sampras,6,0.374360650112,1.12240270905,-1.87282364998
Sampras,7,2.19597497683,0.266085758172,-2.05887635484
Sampras,8,0.75632840227,0.449951457001,-1.50298570311
Sampras,9,0.790007432943,0.591181772977,-0.00560184538718
Sampras,10,0.369211873828,-0.140142114705,-1.73461866641
Sampras,11,1.67702129369,0.752587137193,-0.868082705511
Sampras,12,1.11962956902,0.266808165804,-2.02148004523
Sampras,13,1.23984828804,-0.510798901762,-0.880568254039
Sampras,14,1.52383716578,-0.43828049203,-0.583261625149
Sampras,15,0.832769139491,0.537099111035,-0.987120358331
Sampras,16,1.32339809901,0.889364458062,-1.43928382854
Sampras,17,0.914573174321,0.89528933955,-2.15734940734
Sampras,18,0.450201492587,0.683219993223,-3.02167502963
Sampras,19,1.71670891706,1.03974334943,-2.06748120474
Sampras,20,1.82293637152,0.319796826688,-1.22672340914
Sampras,21,1.53085060286,0.421627040963,-1.81470756579
Sampras,22,1.1618246273,0.665701458624,-1.61437222644
Thomas,1,0.221766562687,1.16695394094,-2.23770946701
Thomas,2,-0.370001356956,1.73668411747,-3.21947585222
Thomas,3,-0.713220139174,1.65181590957,-2.62371112945
Symonenko,1,1.04797924501,0.292337986177,-2.23236527975
Symonenko,2,0.742579483158,0.539758025535,-1.72891765107
Sy,Chien,1,0.0793838824451,-0.331139032747
Thi,Mai,Phuong,-1.12735590408,0.378992352032
Van,Khai,1,0.0910328976261,-0.27237676935
Van,Khai,2,-0.250476317361,0.284530957842
Van,Khai,3,0.534492259773,-0.132263824342
Williams,1,0.642612152446,-2.10318598084,-0.343071044773
Bennett,1,1.40371999419,-0.269055193606,-1.08368413628
Bredesen,1,0.897303201874,0.0473817171085,0.339967990045
Cline,1,1.36948648048,1.34444245954,-1.27784529065
Cullen,1,0.877882600838,-0.556867068445,-1.82984647256
Donahue,1,-0.0875381330049,0.576367893773,-1.222706928
Gramm,1,0.630930975547,0.09416081264,-0.720946894077
Gramm,2,0.126783647504,-0.562645655659,-1.51232346139
Cummings,1,2.19765579666,-1.80217558935,2.58194131921
Murtaugh,1,0.344171112111,1.51836932979,-1.93232637752
Gagnon,1,0.530987337657,1.34638042359,-2.25693887627
Noiret,1,-0.2596073596,0.778240522256,-2.29020413119
Noiret,2,0.177114013979,0.237802662789,-2.05833837656
Zalewski,1,0.474859308202,0.858352645208,-2.79779626569
Jackson,1,0.665949536144,0.731256671597,-1.70381174558
Johnson,1,2.1941689723,1.14923198213,-1.59273067433
Comtois,1,0.64159618457,0.00401622173365,-1.24565503245
Fulmer,1,0.815963933698,2.20374673658,-2.3871876766
Seymor,Hoffmann,1,-1.03407389308,1.57235719815
Idowu,1,0.101066685862,-1.22338879674,1.18628946418
McGraw,1,3.28982208347,0.90524104423,-1.25951681981
Mickelson,1,0.808028872385,1.30491805231,-2.25552460047
Mickelson,2,0.87998035053,0.969351413882,-1.88264600349
Morris,1,1.37678323497,0.533380860833,-2.05952192476
Vassar,1,2.01405691875,1.47293062723,-2.65263835683
Vassar,2,1.04186402632,1.28390964308,-1.16760304185
Chang,1,-2.20174171625,-1.48812423684,-2.15120253526
Street,1,0.415515505359,0.532206661895,-0.728888431609
Brosnan,1,1.43313436202,2.21476691356,-2.06529713076
Brosnan,2,1.72032250238,1.18557193109,-2.46540357922
Brosnan,3,1.02626840056,0.754619523893,-2.23014677555
Brosnan,4,1.36960317444,1.28180167008,-1.40997656243
Brosnan,5,1.1227883855,0.660985827764,-1.13164652603
Brosnan,6,0.476097237664,0.0182609036746,-1.81635822975
Brosnan,7,1.77701945608,0.756908590112,-0.614849550491
Brosnan,8,0.941463438021,1.62766952741,-2.40110620984
Brosnan,9,1.58864888263,1.66999447922,-2.69987922095
Brosnan,10,1.79145125415,0.789872231178,-0.304972745284
Brosnan,11,2.03951877563,0.350194421069,-2.04317266521
Brosnan,12,1.30672729105,1.27790865426,-2.42573259706
Brosnan,13,1.62549102005,1.79847772825,-2.3354307053
Brosnan,14,2.09194122929,1.49134653095,-2.48036775989
Brosnan,15,2.14462579337,1.3745619805,-1.96269711312
Ferdinando,Casini,1,-1.96444791347,1.53257209248
Boulanger,1,0.545932055964,0.109830324164,-1.99170031485
Boulanger,2,1.19377003213,1.57962473727,-2.99947986007
Gagnon,1,0.421426511609,1.00488022063,-2.07529034138
Lacroix,1,1.82300083966,0.861234824466,-1.582212365
Pettigrew,1,1.26625003056,0.351514243194,-1.00969601424
Pettigrew,2,1.00280140338,0.683900076341,-0.959764656594
Pettigrew,3,1.41346984797,0.787257759664,-2.14871022958
Png,1,1.78215614522,-2.04065448669,-1.94332456167
Van,Hooijdonk,1,-1.45048535946,-0.878127827372
Sellers,1,1.40778793253,0.277822181972,-2.31181453784
Bouw,1,0.602362583536,1.63491481523,-1.87447161985
Montenegro,1,-2.57045606984,0.0721190004578,-1.96716958838
del,Rio,1,-1.19350528661,-0.11593956179
Laghi,1,-0.0850233881263,1.46183247231,-1.8111357781
Anderszewski,1,1.40402995849,0.622244130863,-1.99455054022
Domingo,1,0.916899596933,-0.0852289994038,-1.01929902773
Domingo,2,1.48237927177,0.485209526046,-0.996352364676
Domingo,3,1.71974026607,0.46768822844,-0.858194165391
Lebedev,1,1.56442563145,1.89710255169,-4.07539057443
Suarez,1,-0.213353632227,-0.974834112362,0.103171077778
Bas,1,-1.9986014016,2.41583884446,-3.09424440935
Goss,1,0.909319030114,1.05243265732,-2.40878967155
de,Rossi,1,-0.677920109582,1.10544551042
Hinduja,1,1.87714888373,0.3675727739,-1.65964788134
Kumar,Nair,1,-1.84019224255,-0.284366567323
Charles,1,0.839295999614,1.01628666054,-2.19059124085
Charles,2,1.44422444594,1.36656024771,-1.52518536984
Charles,3,0.785507191769,3.12363662584,-2.5161025812
Charles,4,0.458985508068,1.83306392993,-2.33070019213
Charles,5,-0.159559436395,0.813509643105,-2.7677842332
Claus,1,0.724772184125,1.07224253674,-1.40152078395
Claus,2,-0.684524583868,0.735757915466,-0.839155109253
Claus,3,-0.502087139337,0.872512105043,-0.690096581459
Claus,4,0.501853973905,0.265621066114,-1.34269835007
Edward,1,0.638307583105,1.17670080742,-2.10808081151
Edward,2,0.193991933351,0.992078741732,-1.94735780705
Felipe,1,1.14502989944,1.01803137438,-2.44838004435
Harry,1,0.694225657106,1.28031416839,-1.4502795768
Harry,2,0.226710918328,2.03992722062,-2.14386211567
Harry,3,0.610298996478,0.528106162502,-2.59485398796
Naruhito,1,-0.00542351160576,-1.04358840273,-2.29419778245
Naruhito,2,1.40498167876,-0.986951581757,-2.7743535459
Naruhito,3,1.11770451666,-2.1494031734,-2.48018295207
Philippe,1,-0.671234824139,0.539589519291,-2.55581867789
Rainier,III,1,0.0859479191168,0.299861315753
Aiko,1,-0.31367143465,-1.67542656486,-3.42890814828
Aiko,2,-0.238206321878,-1.14654827385,-2.73052939626
Anne,1,0.14714090809,1.96147127192,-0.931698128335
Anne,2,0.342724903284,1.56087148937,-2.88954388861
Caroline,1,-2.01961118145,1.32709090762,-1.59585234613
Caroline,2,-1.95505344387,0.570534287192,-1.55152533652
Caroline,3,-1.28359004165,0.579941113491,-2.06662737058
Caroline,4,-2.37828872559,0.650443529218,-2.18082171225
Caroline,5,-0.183460680194,0.365925857052,-1.51905357581
Diana,1,-1.17413180885,0.736186182657,-0.756077909454
Elisabeth,1,-0.724776600058,1.57309040759,-3.00130254823
Elisabeth,2,-0.330281502012,1.41161461384,-2.48635493026
Hisako,1,2.00246974663,-0.12266610919,-1.76584811687
Masako,1,-1.98168670626,-0.569191595641,-1.81069484921
Masako,2,-1.00103727534,-0.252242580013,-3.17301371583
Maxima,1,0.466621801789,0.44656662205,-1.52777220698
Stephanie,1,-1.17504573123,1.78163636525,-1.98719172235
Victoria,1,-1.92320554106,1.74676071584,-3.30117061589
Willem-Alexander,1,0.907499757419,1.98387068713,-0.956148623513
Willem-Alexander,2,0.43511035557,1.4501452264,-1.9726383219
Willem-Alexander,3,0.0547453927231,1.64606962294,-1.86700985785
William,1,0.291340032396,1.29767258922,-2.66683277491
William,2,1.06411808568,0.725020883045,-2.78158465283
Ernst,August,1,-1.6597424831,1.06907565595
Owen,1,-0.784126490165,1.30064534531,-1.47389464052
Owen,2,-1.86524660884,1.00648715103,-2.89279115932
Presley,1,-0.461976158394,0.602502030538,-2.05774200575
Presley,2,-1.15615232354,1.29613584028,-2.24986601851
Chopra,1,-1.20609857445,-1.16504177362,-1.84439852513
Pichay,1,0.804549038932,-0.691795219296,-1.47703556983
Avati,1,0.72233338245,1.23374178328,-1.59420324434
Avati,2,1.4460962024,1.12957173551,-2.07206659138
Avati,3,1.47500863164,0.395536770098,-0.659926855757
Avati,4,1.85546945039,0.596818129771,-1.07606274633
Jung,Thapa,1,-0.450963030236,-0.627143774259
al-Kazali,1,1.32392790766,-0.899948947019,-0.526907766943
Afzal,1,1.64573834049,0.504233821342,-1.46244273932
Hussain,Ahmed,1,-0.888240680374,0.487068274977
Qichen,1,0.487677666954,-0.59274756535,-3.24684225893
Beatrix,1,-1.70527066305,1.44320641447,-0.978930196707
Beatrix,2,-1.57787303104,0.636010348572,-2.11600349087
Beatrix,3,-0.450827947649,0.888982721681,-2.51999440563
Beatrix,4,-0.959076547129,0.391111885586,-2.13918825071
Elizabeth,II,1,0.0667184494993,-0.829279951807
Elizabeth,II,2,-0.724852694708,-0.102503723655
Elizabeth,II,3,-0.340168345862,-0.347356575468
Elizabeth,II,4,-0.647040297405,1.40734235414
Elizabeth,II,5,-0.519167030596,0.926049867216
Elizabeth,II,6,-0.875872389517,0.882147944592
Elizabeth,II,7,0.0212582357345,1.04862869256
Elizabeth,II,8,-0.192838658421,0.540791872325
Elizabeth,II,9,-0.65085273578,0.813304634626
Elizabeth,II,10,-0.365167953272,0.623748565764
Elizabeth,II,11,-0.120969678257,-0.251409965478
Elizabeth,II,12,-0.930340430359,1.13765550107
Elizabeth,II,13,-0.0421057873961,0.77420280716
Latifah,1,-1.58949646942,-1.27462145909,0.00897330512004
Latifah,2,-0.867829166343,-1.73244741395,-0.476691710074
Latifah,3,-1.14277420731,-1.43605549113,-0.479181304332
Latifah,4,-1.04495967402,-0.617718580086,0.440104054132
Noor,1,-2.05476508946,0.839806824061,-1.97011545584
Rania,1,-1.03009786828,0.91496428295,-1.31066709284
Rania,2,-3.15627961354,1.61837887955,-2.90816230494
Rania,3,-1.04715196965,0.282742879872,-1.70684713929
Rania,4,-0.605564353451,-0.112352476059,-3.65317843485
Rania,5,-2.10680097166,-0.189857073355,-1.7630793243
Silvia,1,-1.19111647241,1.48156986203,-1.88861686736
Sofia,1,-1.19784793961,0.996615361226,-2.24686923572
Jones,1,0.0721762609826,-0.503786795729,-0.29525483758
Snyder,1,0.228413486082,0.629867726741,-1.67016957583
Hussein,1,2.37012627501,-1.26640783813,-2.23134732362
Schefter,1,1.49094271676,0.444421842587,-1.47244062832
Singhal,1,1.35502197944,0.0608021488318,-0.106883706339
Corrie,1,0.500680771436,1.98030567645,-3.11823577341
Griffiths,1,-0.741042907024,0.865817009435,-1.03267189655
Griffiths,2,-0.412502257802,1.02985152798,-1.79093489493
Griffiths,3,-0.974638040009,1.22384580577,-2.15500403978
Hunter,1,-2.96303906782,1.25471408106,-1.7614108791
Hunter,2,-1.44478292109,1.6746412251,-0.649277987886
Hunter,3,-1.1497444027,1.93759506979,-1.69479769726
Hunter,4,-1.38675642739,1.80510814407,-2.4602563978
Kempson,1,0.15471048599,0.838374676243,-1.2470276727
Leigh,Cook,1,-1.43960098801,0.774858394121
Roy,1,-1.71528680005,-0.90003384194,-1.05699993809
Wadsworth,1,-2.24454015501,1.03207672732,-2.13679606617
Wheatley,1,0.578975232461,1.58991948998,-2.97179113207
Karadzic,1,1.50499360502,1.17136035744,-2.7234942813
Bielsa,1,1.47007883901,1.36208818466,-0.964668628688
Ramirez,1,1.43273162241,0.930076701378,-1.8579362201
Ramirez,2,0.981028448919,0.226094299658,-1.86274478233
Ramirez,3,0.493269385121,-0.126229973683,-1.49868874891
Ramirez,4,1.66205296929,1.78253225102,-0.717018287289
Vinoly,1,1.73584143941,-0.296596931563,-1.7501140539
Ahmed,1,0.329433647893,0.495780056937,-1.15614445675
Aziz,1,-0.598674556939,-1.50903212815,-1.38991714563
Hariri,1,0.945710559457,1.42596413162,-1.73227353198
Vallone,1,0.538571956912,0.775863876273,-1.94685111308
Saddam,Hussein,1,-1.46856956583,-0.345213785833
Saddam,Hussein,2,-1.67514868427,0.169473587881
Dravid,1,2.8372357505,-0.695145182173,-1.36876516217
Geulen,1,0.886792973488,1.58786279567,-2.83185366329
Gut,1,1.05773498542,-0.0367821136249,-0.872921852107
Schuettler,1,0.736596865566,0.839153608792,-0.997406635592
Schuettler,2,0.806310456597,0.577121325573,-0.405711302955
Schuettler,3,1.17563506669,0.618291579373,-0.522615622641
Schuettler,4,0.937060728212,1.15719653568,-1.14928481725
Schuettler,5,1.84324972355,1.32174327067,-1.38869950014
Ibrahim,1,-1.23143009711,-0.272744487749,-1.59783455053
Qureshi,1,0.758787801496,-0.303509065237,-0.441479363658
Ramani,1,1.11090661078,-0.885134892148,-0.641637894472
Zafar-ul-Haq,1,0.362239087204,0.116422175319,-2.59199135539
Schumacher,1,1.20937821215,-0.149461853048,-3.28774430621
Schumacher,2,0.695142886706,0.926030567318,-2.37096479318
Schumacher,3,1.51503200773,0.470647165612,-2.57600294861
Schumacher,4,0.379962141391,1.94099421133,-2.54675011295
Schumacher,5,1.32907021446,1.4063828041,-2.25066947452
Schumacher,6,0.900775687106,0.0757981996979,-2.52857166488
Schumacher,7,0.777344317967,0.61528483345,-2.24008221
Schumacher,8,0.0837089350497,1.24239987565,-1.7707427765
Fiennes,1,0.103125092099,1.50823656486,-1.39753845626
Firman,1,2.20667218946,1.9373143683,-2.10166930249
Firman,2,1.39001821018,2.05457652667,-1.11232531951
Friedgen,1,1.2762347534,1.1543509021,-2.14053008409
Goodale,1,2.11663170889,0.0382099659841,-2.43063520632
Klein,1,0.102918821125,2.08615717909,-2.41850339556
Klein,2,0.377632341209,1.07093947474,-2.84069757274
Lauren,1,1.40702807207,1.01027220331,-0.488332910974
Lauren,2,0.972453525869,1.37991747362,-0.636066058289
Nader,1,1.19837310535,0.313923227177,-1.98244060583
Sampson,1,1.84146294111,-1.94835652559,0.0471094735854
Goben,Reducindo,1,-1.46258965584,-0.0155745266103
Rispton,1,-0.892841952694,1.59358107123,-1.49548362001
Cardenas,1,1.49170795621,-0.49303643817,-1.88935137336
Delgado,1,1.61013429007,0.178656759616,-2.18963741226
Ponce,de,Leon,1.46003085102,-0.509045836212
Santana,1,1.90788980145,-0.56301230273,-1.5624589599
Terry,1,0.0731220401283,2.09623567276,-1.92272160743
Tobias,1,0.413492099439,1.13469206005,-1.88558515711
Beers,1,1.49017793774,1.42391182227,-0.741208346902
Miller,1,1.18913095448,0.310713714624,-1.44110401953
Brown,1,0.910970714292,0.64543378835,-1.48197525374
Dryer,1,0.91140174035,1.31482978347,-2.14522241644
Ferbey,1,0.980930158355,0.801199756901,-2.28314253468
Jackson,1,0.326895629393,-1.2441044892,1.1901388404
Johnson,1,1.82158865149,1.40768646985,-1.94741363093
Travis,1,0.0920402282054,0.946517029155,-0.977437777377
Wickremasinghe,1,1.25574571036,-0.924973391906,-1.25876398263
Wickremasinghe,2,1.5718204815,0.231291070988,-1.62925901368
Wickremasinghe,3,1.08066564647,-0.471490552583,-0.302991288426
Mukherjee,1,-0.436323729994,-1.72774274064,-1.17733145076
Ruiz,1,2.06630063502,-0.194920064792,-1.56478045224
Ruiz,2,0.730386360528,0.00412985270644,-1.90280905908
Ruiz,3,1.77044557949,-0.437336377326,-1.31291303871
Ruiz,4,2.09636107776,-0.63531104564,-2.44018099726
Welch,1,-1.51479573222,1.55741342548,-2.47255546478
Welch,2,-1.66066946046,1.50121375781,-2.0250381732
Qureshi,1,1.01722426301,-0.893507921165,-1.76357830779
Sari,Dewi,Sukarno,-1.63459770061,-0.501303253171
Castaneda,1,1.39233060775,0.929863109407,-2.05870049991
Chacon,1,2.23430364039,0.188973591351,-1.215930217
Cubas,1,2.07525131777,1.395522767,-1.62682696324
Gonzalez,1,1.98677676293,0.547772568088,-2.31618259
Ibanez,1,1.45550595875,0.174165450547,-1.17513871319
Mondesi,1,1.7581713644,-0.861755382245,0.554297475212
Rivero,1,1.09950732564,1.28361117472,-1.92056599694
AG,Farhadi,1,-1.21702314687,0.0396671429853
Allen,1,0.599509984384,-0.709922971076,0.25653691
Allen,2,1.00816430271,-0.91987290595,1.51233948919
Allen,3,1.08409968418,-1.1709842539,1.99557490576
Bradbury,1,0.46894080669,0.889434942778,-1.10789919113
Evernham,1,1.33491128144,1.53952138731,-2.56391870762
Halbritter,1,0.744917748936,0.60810821551,-2.27644955031
Lewis,1,-0.0448311068345,-0.556266969797,0.0899380481786
Liotta,1,1.49228573968,0.810763084755,-2.3347577835
Lucas,1,2.93662515685,-1.10672722147,-0.102996617971
Arthurs,1,1.02371984553,0.86683355006,-1.69139329665
Odierno,1,1.12577976965,1.96132684608,-1.12997287652
Odierno,2,1.27030045693,1.12756654247,-1.56248740315
Morrough,1,1.07450850886,0.620251665175,-0.649395379936
Nagin,1,0.833154640171,0.025413479282,-1.0147727464
Nagin,2,1.22215050391,-0.13101603558,-1.34085814723
Price,1,0.757785297024,0.759983808482,-2.00368508203
Romano,1,0.680410311218,0.279514658748,-1.68426059281
Romano,2,1.1694726691,-0.0531696971051,-1.27883898591
Romano,3,1.21686432838,0.563149665984,-1.79287838186
Romano,4,1.33884792803,0.400659995374,-1.28612518341
Romano,5,1.73581980923,0.0976498680041,-2.33638409469
Romano,6,1.45562460284,0.294413923601,-1.7050824204
Romano,7,0.902368494179,0.822473684764,-1.4176880787
Romano,8,0.350516290294,0.912057944141,-2.63745011551
Romano,9,0.166381137658,-0.00311957751126,-0.69700211836
Sherman,1,2.32623285449,-2.34034645229,2.96128542572
Wasden,1,1.26612800903,0.154793933717,-1.27380297434
Young,1,1.29139427675,-0.735498155175,-0.568823100275
Ismail,1,1.39388453792,0.25960911284,-1.94708818015
Rabbani,1,1.93804888875,0.160934263074,-0.625102631566
Romijn-Stamos,1,-1.42748889702,1.78396592831,-2.00395958121
Romijn-Stamos,2,-1.33639780376,1.46613582355,-1.15911453087
Romijn-Stamos,3,-1.59031395077,1.09757491484,-0.428277893125
Romijn-Stamos,4,-0.0641893109064,0.921432512283,-1.77324255175
Chantay,Revels,1,-1.0833489308,0.188964928618
Chantay,Revels,2,-0.804059313482,0.0670556728991
Chantay,Revels,3,-0.951842071759,0.070100927211
Chantay,Revels,4,-1.11580579896,0.288039536332
Tayyip,Erdogan,1,-0.973531487137,0.760282212817
Tayyip,Erdogan,2,-1.81169653822,1.03981976174
Tayyip,Erdogan,3,-1.53242205902,1.14737644235
Tayyip,Erdogan,5,-1.38360782354,0.368547021681
Tayyip,Erdogan,6,-1.45948008169,1.17355019286
Tayyip,Erdogan,7,-0.62088933933,0.339222027518
Tayyip,Erdogan,8,-1.57374851478,0.696767435318
Tayyip,Erdogan,9,-0.95253685861,0.608265571591
Tayyip,Erdogan,10,-1.5528841165,0.652917011534
Tayyip,Erdogan,11,-1.82450406875,1.0015079179
Tayyip,Erdogan,12,-1.77200337116,1.34883393474
Tayyip,Erdogan,13,-2.02786789784,1.23985723463
Tayyip,Erdogan,14,-0.880696229978,0.926221020107
Tayyip,Erdogan,15,-0.950927963924,0.480801589231
Tayyip,Erdogan,16,-1.3064088817,0.558347596097
Tayyip,Erdogan,17,-1.53506628979,0.863003101805
Tayyip,Erdogan,18,-1.52209080657,1.32211661918
Tayyip,Erdogan,19,-1.7729016395,0.819337443261
Tayyip,Erdogan,20,-2.00752153707,0.780234796996
Tayyip,Erdogan,21,-0.55527914162,0.261042027083
Tayyip,Erdogan,22,-0.699431700286,0.796620408124
Tayyip,Erdogan,23,-1.33248681054,0.891952453306
Tayyip,Erdogan,24,-2.07299074404,0.873116231207
Tayyip,Erdogan,25,-1.07673610532,0.879389432945
Tayyip,Erdogan,26,-0.574388018332,0.371423565432
Tayyip,Erdogan,27,-1.468986181,1.07665302269
Tayyip,Erdogan,28,-0.832111443731,0.0512270515361
Tayyip,Erdogan,29,-1.95541085243,1.52056108784
Tayyip,Erdogan,30,-1.30600070571,0.361606645658
Auerbach,1,0.480028155944,1.12573763567,-1.02344187687
Witherspoon,1,-0.942663123279,2.02943880651,-2.74066307201
Witherspoon,2,-1.72345673524,1.36807724634,-2.20671644499
Witherspoon,3,-1.52424929719,1.56970952217,-2.13371928876
Witherspoon,4,-1.46404088056,1.38126476668,-2.52099491395
Lewis,1,0.534384694867,-1.12528059119,1.04198458328
Miller,1,0.894926699121,-0.266669302519,-0.743774066059
Miller,2,0.798698334897,-0.734696192657,-0.769173181316
Sanders,1,0.291580542428,-0.78470032595,0.135473033712
Ip,1,-1.84808449337,-2.06490545052,-2.32482004126
Hudlin,1,1.91673660875,-1.78046840653,-0.0625376664836
Hayes,1,-0.717356178735,0.226566200693,-2.63798181299
Buetikofer,1,1.38087438843,0.0897851671522,-1.53044335065
Sofer,1,-2.40165743483,1.06965778216,-2.15277924197
Soru,1,2.26774837399,1.36767364797,-2.91293776794
Antonio,Leon,Rodriguez,0.609435508724,-1.14528543877
Zellweger,1,0.350081971452,1.12800147708,-1.87310051366
Zellweger,2,-0.263297247502,2.00648219144,-3.00969663245
Zellweger,3,-1.92671522926,0.346540046955,-2.64821943198
Zellweger,4,-0.319010215873,1.24588123861,-2.79055161354
Zellweger,5,-1.21012230148,1.94539900159,-2.88300316523
Zellweger,6,-1.0933986676,0.894055741531,-2.58883291315
Zellweger,7,-0.195145488445,1.57931059314,-3.21724726504
Zellweger,8,-0.392347904783,1.81116930473,-2.74124989965
Zellweger,9,-1.0707265548,1.13419698921,-1.40856918376
Zellweger,10,-0.484552234932,1.50367867541,-2.57172603442
Zellweger,11,-0.749682976118,0.540698451325,-2.70771747746
Zellweger,12,-1.77220417314,1.15491190211,-2.94855223796
Zellweger,13,-0.766656158542,1.32677231063,-2.3241872822
Zellweger,14,-1.2059787397,0.383918000888,-2.54404272431
Zellweger,15,-0.360208245287,1.01772596478,-2.68980009509
Zellweger,16,0.129470000843,1.10888140212,-1.79079590142
Zellweger,17,-0.456073644985,1.06911195495,-1.95695549197
Portland,1,-0.55403260759,-0.324011140287,-1.38156180194
Qingjin,1,0.809589576335,-0.629689995741,-2.94820030747
Goosen,1,0.52402343568,-1.008319914,-2.0481446916
Sanchez,1,0.95757232066,0.00898838821135,-1.6681617073
Uzuner,1,-0.411930065844,-0.102299814883,-1.79675343594
Warrener,1,1.16760871041,0.878270448277,-1.65784198753
Villatoro,1,0.400321040574,-1.04955306169,-3.48282303114
Lagos,1,1.61972973048,1.39887473429,-2.42340881152
Lagos,2,0.872250890802,0.241129466487,-1.15217210935
Lagos,3,1.12497496634,0.795061111524,-1.59078357607
Lagos,4,0.345058399461,0.478168122618,-1.33923827118
Lagos,6,0.902891559232,1.01354314726,-0.831907415629
Lagos,7,0.845622136362,0.627659536822,-1.50647606126
Lagos,8,0.89694591641,0.264020223838,-1.15840326878
Lagos,9,1.21802030383,1.09721994212,-1.75396384934
Lagos,10,0.690150359293,0.246860972738,-2.13578251558
Lagos,11,0.919717435254,0.32633317753,-1.20229770781
Lagos,12,0.782913149388,1.66589419402,-0.811885734055
Lagos,13,1.28560208351,0.28801901555,-1.03478076338
Lagos,14,1.49516745924,0.299166063351,-1.29224657146
Lagos,15,0.78178021113,0.338315802224,-1.31417699886
Lagos,16,1.02225978919,-0.0457275326494,-2.83467587072
Lagos,17,0.67063706265,0.439249530304,-1.39636350384
Lagos,18,0.654233579114,0.100359190159,-1.48971341563
Lagos,19,0.867535671071,0.157510055846,-1.96718950019
Lagos,20,0.926022209999,0.919380794914,-0.970185692358
Lagos,21,0.937069127858,0.544200885681,-1.42700649937
Lagos,22,1.33495977566,-0.029551758633,-0.824463900654
Lagos,23,1.52493329046,0.804162588642,-1.41826785806
Lagos,24,1.55871093458,0.518040356619,-1.63410100905
Lagos,25,0.755417795563,-0.000565607210118,-1.2262882609
Lagos,26,-0.0415254648026,1.44403067117,-1.92843783326
Lagos,27,1.51691059044,-0.02449907054,-0.223128749992
Lopez,Murphy,1,-1.8065397489,1.28738692483
Lopez,Murphy,2,-2.19243610324,1.50628722738
Maduro,1,0.938107147207,0.952950575994,-0.640690416826
Maduro,2,1.46539319012,0.273967742472,-1.44255265225
Mayorga,1,0.180204749353,-0.75562138262,-2.47206564775
Monasterio,1,1.19816165336,0.254645967619,-1.31617043238
Monasterio,2,-0.0272413070646,0.88882352398,-2.30215792133
Sanchez,1,1.40277459691,-0.550155031318,-0.332134717068
Sanchez,2,2.00877765811,0.255024454081,-2.11048067095
Sanchez,3,1.53175618454,-0.171437474899,-2.61116653289
Sanchez,4,0.983627197487,-0.822304845789,-2.06969003517
Sanchez,5,1.73204131559,-0.36292577367,-2.52671053908
Sanchez,6,2.62802121758,-1.63450957912,-2.4247861463
Muti,1,2.26696467341,0.946775173935,-2.22483492279
Armitage,1,1.04404860446,2.62045534297,-1.78689832799
Armitage,2,0.719203001418,2.27516267982,-2.74130667462
Armitage,3,0.660434607092,0.878491018417,-2.40021587452
Armitage,4,0.19196976903,0.53856159761,-1.11015667635
Armitage,5,0.628280712353,3.21976640621,-2.06430928099
Armitage,6,1.09115778192,1.75584500932,-1.83229670591
Armitage,7,1.07505725472,1.5047456473,-2.75110336592
Armitage,8,0.251123684798,1.89826795022,-1.56971157152
Armitage,9,0.383321349059,1.50182207378,-1.39157528556
Barry,1,1.17659564096,0.74758923554,-2.18828519645
Branson,1,0.758382083932,0.321336665171,-2.06245540828
Branson,2,2.00457196371,0.844668934184,-0.667781792579
Butler,1,1.92056007488,1.24725748458,-2.39439577225
Butler,2,1.14042742887,0.863257253715,-1.41188472305
Carl,1,0.244276506905,1.36139546757,-2.69021911493
Chamberlain,1,0.443908676301,1.26131915469,-1.36250599763
Cohen,1,0.768135098434,0.56486023762,-1.33820610853
Crenna,1,-0.0488841314274,0.261124628145,-1.26062006859
Crenna,2,0.63672575271,0.887479627307,-1.92350424769
Daley,1,0.856286283905,1.21509965829,-1.51699324484
Dreyfuss,1,0.164665884296,0.0711847279132,-0.908648432015
Fine,1,0.693673002566,0.527263870649,-2.24736134921
Gephardt,1,0.884562683528,1.11691013354,-1.40239033378
Gephardt,2,1.03666909443,2.75997833379,-1.81988077162
Gephardt,3,0.92512001133,1.1771385223,-1.39814224942
Gephardt,4,0.669394045838,1.13267960356,-0.818744685577
Gephardt,5,-0.152806486523,0.0904607070278,-0.937216560292
Gephardt,6,1.03841328805,1.16525066063,-1.20630377525
Gephardt,7,0.438501558331,1.11607764071,-3.0257776868
Gephardt,8,0.70193028206,1.57901522725,-1.58602559816
Gephardt,9,0.825463875319,2.26202954804,-1.92496319947
Gephardt,10,0.0456165281121,0.494506200879,-0.929107713852
Gephardt,11,1.56251757416,1.24263286806,-0.962806507752
Gere,2,0.770346973415,1.61695307434,-2.31523484512
Gere,3,0.340080872541,1.44587243795,-0.798695162453
Gere,4,1.71210268074,2.14617860178,-1.64765213063
Gere,6,0.836692304125,0.925002640217,-1.8278713352
Gere,7,1.13744616877,1.10099248556,-2.48156604428
Gere,8,1.55541245255,1.41826643044,-1.99399978024
Gere,9,1.72492884068,1.7036096868,-1.78036970895
Gere,10,1.19814701559,1.23619396078,-0.452421010113
Greenberg,1,-0.214493081039,0.168638494493,-0.593063236405
Haass,1,0.678528161177,2.02409760872,-1.89477752878
Haass,2,1.72252775941,1.30370357309,-1.93664977363
Hamilton,1,1.83655393128,-2.59977355922,-0.211172430601
Harris,1,-0.155076359407,1.76456748427,-1.36687237973
Hellfant,1,1.73816575012,0.493795086992,-1.80850470295
Jefferson,1,0.57851038618,-0.851647074575,-0.0304012836643
Jewell,1,1.71047840809,1.71684479007,-1.8292973923
Krajicek,1,1.24917254789,0.390192143545,-0.496061565404
Krajicek,2,0.972558663005,1.16762729469,-2.87205292538
Krajicek,3,0.896217805759,0.291142748485,-2.08176014537
Langille,1,1.68311473117,1.18836902919,-3.94870372872
Lennon,1,0.176075561652,-0.0319741896389,-2.07558753385
Levin,1,0.930398894865,1.92275162682,-1.27555544792
Lugar,1,0.427086774429,1.48890178997,-1.2585721233
Myers,1,1.36309216359,2.22978235763,-1.81918503363
Myers,2,1.23097560093,1.2079342379,-1.34822381539
Myers,3,-0.334746728553,1.33040234685,-2.94438243255
Myers,4,1.79542178239,1.54025073879,-1.34843522727
Myers,5,0.940431821039,1.81717536085,-2.32185458977
Myers,6,0.62291279217,0.861140564247,-0.183551186736
Myers,7,0.6613761455,1.19423742381,-1.28308942285
Myers,8,1.11654417916,0.763182086741,-1.34184851464
Myers,9,1.84202874784,1.01482173532,-1.66221573487
Myers,10,1.26786338135,1.9370215932,-1.8576505845
Myers,11,1.61539478653,1.04947145847,-1.31179843799
Myers,12,1.77824635843,1.50735457105,-0.697388685418
Myers,13,1.41265606694,0.902052822704,-1.91763208637
Myers,14,1.92626745643,0.862444472036,-0.900468070586
Myers,15,1.31803041922,1.14038138379,-1.88558879177
Myers,16,1.16169947847,1.30772179472,-1.40791849723
Myers,17,1.46152995488,1.14921406449,-2.07401559795
Myers,18,1.42954719781,1.70468237757,-1.57111112364
Naughton,1,1.16007900904,2.3213615454,-2.14914229643
Norton-Taylor,1,0.792282739301,1.53504873607,-1.83859488265
Norton-Taylor,2,0.711586493098,1.72790184212,-1.9022884811
Palmer,1,1.16655179501,0.735859700052,0.132108041079
Parsons,1,0.453513382329,-1.50148348276,-0.191206842346
Paul,Evans,1,-2.45898488548,1.84962292474
Penniman,1,0.703587794764,-1.21845359927,-0.195156339688
Pennington,1,0.175911664518,-0.118353482597,-1.23316023669
Perle,1,1.10038995729,-0.458751182462,-2.40882878323
Regenhard,1,0.533797401289,0.259894145658,-0.97512240662
Reid,1,1.30126713818,-0.762458684149,-1.06422332416
Rodriguez,1,0.667559160484,1.88559902789,-1.32626785371
Sambrook,1,1.251148371,1.88854816124,-2.39234906769
Sambrook,2,1.19129089722,2.3611019721,-2.10716602458
Shelby,1,0.690519873282,1.29915645304,-1.54963358186
Shelby,2,0.658462885388,0.908318776033,-2.54374247656
Sterner,1,0.775336729732,1.186206159,-1.14051393726
Tubb,1,0.875004295934,2.26458902016,-1.89118438099
Virenque,1,0.12484553103,1.14816774088,-2.76068347349
Virenque,2,1.31394764896,2.0301439184,-2.8962816408
Virenque,3,0.158769046014,2.37280389264,-1.44626791591
Virenque,4,2.20270119005,1.05562913245,-1.10465672714
Virenque,5,0.827334243517,0.958813976851,-1.46324847959
Virenque,6,0.618928818349,1.77661860646,-3.44665989045
Virenque,7,0.471553091304,0.479064967525,-2.36893072172
Virenque,8,0.840499907358,0.469276742877,-0.764339416533
Ward,1,1.37444800739,1.75732744224,-2.55539563166
Brooks,1,1.43415433808,1.73699563257,-2.56270235029
Gannon,1,2.41160216959,2.46285216491,-2.18317121887
Gannon,2,1.25429498373,1.87072228579,-2.26270349501
Adubato,1,0.319013488593,0.4897622938,-0.942669044023
Adubato,2,0.714594407663,0.942025303647,-1.82056997386
Barnes,1,1.8342626617,2.0343650504,-2.61523192361
Barnes,2,0.949164975473,1.26143935736,-3.01671968846
Barnes,3,0.517244186388,1.59240103884,-1.77482489149
Bland,1,0.255227219643,1.32205874311,-0.690683273919
Bragg,1,0.244810904416,0.957598761773,-2.57369439873
Carlisle,1,2.33633516063,0.511630573766,-1.89196289281
Carlisle,2,2.07594722077,0.239495106217,-1.39120353229
Carlisle,3,1.62448972982,1.13317164411,-2.17195434174
Carlisle,4,2.11126978789,0.740561605045,-1.04968425877
Caruso,1,0.0885350916996,0.708919285037,-2.6767831287
Dinse,1,1.65863146519,0.664162320556,-1.83291656598
Dinse,2,1.386805829,1.09484418056,-1.84545405085
Dinse,3,1.17067176491,1.88117483661,-1.58818917845
Husband,1,1.48560620342,0.511108003087,-1.7285610795
Lu,1,0.873155835807,-0.235827220068,-2.56486755931
Perry,1,2.80913906635,0.973613150963,-1.76873746381
Perry,2,2.08391203254,1.23214114491,-1.9287325192
Perry,3,1.46383725443,1.26948231741,-1.46492469713
Perry,4,2.04637808288,1.52956192223,-1.43381882291
Perry,5,1.30762044457,0.309735623567,-1.7231399768
Perry,6,1.71842376389,0.914445629279,-2.23349654882
Pitino,1,0.707976637077,0.593405120411,-2.39995746841
Pitino,2,0.297707962799,0.287031309312,-2.58528545254
Pitino,3,1.11111129803,1.39877046915,-3.3055384351
Pitino,4,0.590475087703,0.953335667364,-1.797746322
Reed,1,0.68234449148,0.809212544136,-2.57859337314
Rickert,1,0.212481123446,1.80578609223,-1.40979298291
Romley,1,0.730198958207,1.83984799598,-1.81900479927
Romley,2,0.336293050361,0.579383336246,-1.13481334605
Romley,3,0.121403079124,0.556158722191,-1.66438717792
Santorum,1,0.694412415894,0.936567317268,-1.15489399348
Santorum,2,0.364167459793,1.49952726761,-2.78746721199
Santorum,3,0.655215191488,0.273025051614,-1.22948649351
Stansbury,1,1.97129077126,0.973753425176,-1.87416416412
Stansbury,2,1.09151603267,0.641587023287,-2.31601790132
Stansbury,3,0.787652139647,0.201724737119,-0.99448880474
Wagoner,1,1.00581255346,1.99492855938,-1.67446554518
Wagoner,2,0.523449160432,1.51226861809,-2.08160338613
Barnes,1,0.85945292893,1.65079730158,-1.87192175568
Barnes,2,1.82323760581,0.695548530298,-1.8960605299
Cottrill,1,0.733790089333,1.08539023643,-2.71898191607
Martin,1,0.928318354851,0.279988090566,-0.985873431071
Martin,2,0.761119134625,1.00323886117,-0.49174526477
Ponting,1,0.475266829692,0.120398906816,-1.22472807278
Ponting,2,0.716625837577,0.459553047166,-2.51691547112
Quick,1,0.49843742084,-0.227864351988,-1.74957077145
Ray,1,1.60721515612,1.34538558484,-1.91561600436
Scott,1,1.82963506484,1.73898805703,-2.16962053664
Blanjaar,1,0.90346785796,1.01727524272,-2.61375990479
Long,1,0.905252646976,0.321751680697,-1.87761484764
Lazo,1,-0.577440006779,-0.0490007604548,-2.21539646394
Starr,1,0.85734957539,1.25884013316,-2.13963032343
Ferdinand,1,0.246315457173,0.478827256967,-0.613441998601
Ferdinand,2,1.63059049429,0.907846302885,-0.547600905255
Grande,1,-0.156392622439,0.688265884452,-1.32160845738
Grande,2,-0.126750238476,0.565489626899,-2.80175203145
Grande,3,-1.06210416103,0.732615663174,-1.74525526378
Moreno,1,-1.76606665673,0.705793947384,-1.94385118522
Moreno,2,-2.58983448196,0.806037437894,-1.94627393867
Wilson,1,-1.78937046538,2.01459247284,-2.23209854625
Wilson,2,-1.61854156433,2.08501576607,-3.09951721499
Wilson,3,-1.59667690933,0.785191023337,-1.22345693085
Wilson,4,-2.46208610339,1.4000775704,-2.08830391343
Coltrane,1,0.758889539896,1.38446689812,-2.80912144021
Fowler,1,1.21234882063,0.718136689612,-2.28070066335
Fowler,2,0.460750169326,0.987856511298,-2.11124048609
Mc,Ewen,1,-1.17937901574,0.0303630029215
Naish,1,0.759676484763,1.77437665093,-2.716209652
Williams,1,1.25245642134,0.373333153748,-2.00701304478
Williams,2,1.27903281273,0.855561242776,-1.36245241388
Williams,3,1.58345702395,0.391392965898,-2.59996115395
Ginepri,1,1.66454870192,-1.02967947414,-1.32791922095
Ginepri,2,1.62213909305,0.0296212221205,-1.79216754659
Combs,1,0.485515116915,1.11037406345,-1.3122770522
Altman,1,0.410320946292,0.641017303766,-2.13957269486
Beck,1,1.81915793921,0.185437711911,-1.76534132407
Blackwill,1,0.297800467936,0.22813832427,-0.21448888935
Blackwill,2,0.210945423173,0.949277653325,-0.936271181337
Blake,1,0.127944394679,-0.0817775368009,-1.2746111063
Blake,2,0.390091820554,1.07569424766,-1.79999323728
Blake,3,1.50761008677,-0.0611823238194,-1.64851652259
Blake,4,1.44967778307,0.153552319008,-0.555611222153
Blake,5,0.0487248217034,0.874183820792,-1.48310271656
Blake,6,1.43087483838,1.43028140213,-1.79242544411
Blake,7,0.504773546598,1.06498890792,-0.733503373528
Blake,8,-0.108909217891,0.391886586234,-1.75439096364
Bonner,1,1.21371046352,1.47032341629,-3.09673208896
Bonner,2,1.13051699029,1.29155273161,-1.74735312808
Bonner,3,1.17600737949,2.79878410614,-2.34999961679
Bullock,1,0.606177817572,0.476998213855,-0.309968015304
Bullock,2,1.20493554771,0.788182745399,-0.901252157244
DeFraites,1,1.75478832677,0.586484283459,-1.64603207537
DeFraites,2,1.51856081106,0.772818136936,-0.286870275496
De,Niro,1,-0.219472202292,0.2918528252
De,Niro,2,-0.409863755082,0.918997641621
De,Niro,3,-0.210773632909,0.646774380107
De,Niro,4,-0.332712869089,0.659672221028
De,Niro,5,-0.538131082455,0.463463349355
De,Niro,6,-1.21331426748,0.436491420017
Douglas,1,1.00483631292,1.52679078422,-1.26120332357
Downey,Jr,1,-0.503738670622,0.365084409159
Durst,1,1.59203498511,0.53835523883,-1.55530385257
Duvall,1,0.731151000305,1.73069598783,-2.43577606635
Duvall,2,1.19274901804,2.1094533197,-3.3604083644
Duvall,3,0.689987739813,2.5880065916,-2.80255480847
Duvall,4,0.765393823642,0.956302169973,-2.5982172498
Duvall,5,0.677158198892,1.94418714222,-2.11318041861
Duvall,6,0.963570561506,1.85477355017,-2.0056009257
Duvall,7,0.225477849864,2.22705948424,-0.580548637972
Duvall,8,0.061769809491,1.33613895026,-3.42560955937
Ehrlich,1,0.829567523079,1.3554957983,-2.70293889711
Ehrlich,2,1.11790437115,0.33166193178,-1.69391778966
Evans,1,0.459288080271,0.71116198878,-1.48940963714
Evans,2,-0.265680986281,1.08695583763,-1.71358589502
Evans,3,-0.994339289019,0.952419429195,-2.51749023495
Fico,1,1.67339627947,1.53568187132,-1.42625374388
Fico,2,1.41501372625,1.86734598207,-1.74371441478
F,Kennedy,Jr,0.600664674595,-0.737278641513
Flodquist,1,1.07686283533,1.34772206903,-1.9695774528
Gallo,1,0.992837333897,0.403872328633,-0.476585023029
Gordon,Card,1,-0.328217355434,0.125906717863
Hanssen,1,0.708545523047,0.819208943138,-2.67032354288
Horan,1,1.1421602891,0.598846126908,-1.26446927123
Horan,2,1.00320866433,-0.239839599472,-1.68972875504
Hyatt,1,1.4883394024,0.678670560569,-2.28693605977
Kipkoech,Cheruiyot,1,-0.903261558229,-0.1235079423
Kocharian,1,2.63469679663,1.27079629627,-2.18867331307
Kocharian,2,2.54717911194,1.08028608459,-2.44730362464
Kocharian,3,1.25474664002,0.845331450352,-1.50623398306
Kocharian,4,1.47274773467,1.23031830014,-2.12842692648
Kocharian,5,1.78260206844,0.796622157356,-2.85634763428
Korzeniowski,1,1.98607553418,0.631342195744,-1.98931898527
Lange,1,0.839899648381,1.15626329126,-1.83671566822
Lee,Yates,Jr,1.41216952187,-2.01848515847
Marshall,1,1.12183523455,1.43143293864,-2.97869821426
McKee,1,1.43772304331,1.86689822389,-1.7440424875
Morvillo,1,0.485469352281,1.03069371875,-1.02327689796
Mueller,1,1.65967887624,1.88894231158,-2.00525233882
Mueller,2,0.903403879156,0.700084863269,-2.14209147802
Mueller,3,0.699130470341,1.6918124459,-2.49016243528
Mueller,4,1.75508059266,1.00530502555,-2.62808628513
Mueller,5,1.17315317744,1.518625144,-2.91158530376
Mugabe,1,0.441474651634,-1.46625022235,0.786620033124
Mugabe,2,-0.292341717693,-1.11297109332,0.154130341643
Nardelli,1,1.10962778714,1.586227254,-2.57055990947
Nillson,1,1.17402337993,0.479359380997,-3.53070945933
Arguelles,1,0.00595788405936,1.02352589641,-1.39580516395
Benigni,1,1.36755840286,1.90069572667,-1.43423236126
Benigni,2,0.475189742713,0.573008781427,-2.04618318688
Canessa,1,-0.335794354028,1.67437630243,-2.72378527767
Carlos,1,1.02514002309,-0.428408280895,-0.807692261694
Carlos,2,1.11833335413,-0.160890012745,0.231849223426
Carlos,3,0.687484978568,-0.521492203393,-1.22534247639
Carlos,4,1.12688617657,-0.627061711657,-1.11811064605
Cavalli,1,1.90783709789,0.911923682016,-0.0987167403366
Cercelletta,1,1.540611764,0.346296238194,-1.79375898988
Guaterroma,1,1.3239812093,-0.704997768688,-1.59580655299
Laratro,1,1.40141058897,0.632959517834,-1.82978223016
Lavagna,1,0.571058590038,1.37478871682,-2.03999656508
Marinho,1,0.0841920532892,0.296392166453,-1.05922393118
Marinho,2,0.488127904203,0.615724914412,-1.2202774074
Marinho,3,2.29298442657,-0.598177668296,-2.0978775849
Robaina,1,1.03586094719,0.485173898778,-3.24692322311
Tovar,1,0.990429501509,0.122226573012,-1.16517004131
Pollack,1,0.662185406198,0.734445456088,-0.72130883278
Redford,1,0.661368044033,1.37139364213,-1.71952260623
Redford,2,0.0317928663989,0.421819901048,-2.42578967749
Redford,3,0.437111974546,0.511685717556,-2.25271486528
Redford,4,0.891056946795,0.835323687419,-1.24540867369
Redford,5,0.641273723504,1.03681160075,-1.84356534869
Redford,6,0.910250620981,1.71892982151,-1.6842556285
Redford,7,1.25822837407,1.84627569506,-2.1412980819
Redford,8,-0.287560832081,1.2338149544,-0.940698517039
Schuller,1,0.223787510788,1.03674124749,-1.36194436547
Stack,1,1.00617086497,1.92914312257,-2.39909779271
Stack,2,0.694811438296,1.06197135313,-0.935527088547
Torricelli,1,0.371509580103,0.904181561263,-1.81731360472
Torricelli,2,0.360745683727,0.94233450232,-1.41298187764
Torricelli,3,0.141962499741,0.921034868045,-2.25113500307
Towne,1,0.548162200694,1.23339148345,-2.41117811754
Tyrrell,1,1.63757892981,1.89872989259,-2.14071664745
Vowler,1,1.31615991225,1.68359286782,-1.87963918343
Wagner,1,0.360292214038,0.270359417946,-0.478327697373
Weitzel,1,0.883919809418,0.762445992263,-2.2342225071
Wiener,1,0.338602036932,0.552990766326,-0.592699644207
Witt,1,1.6687991345,0.112639786291,-2.58346122693
Witt,2,2.00272284794,0.472314521169,-2.52974505081
Woody,Johnson,1,-0.785829080788,0.822328709785
Zoellick,1,1.04937220065,1.12395506491,-1.82958749432
Zoellick,2,0.951543870551,1.79756160739,-3.06784761913
Zoellick,3,1.07967929469,2.10143594576,-2.1196924323
Zoellick,4,1.49267344375,1.82779599426,-1.51980702461
Zoellick,5,0.702989275526,1.84859521618,-1.94892494226
Zoellick,6,1.90090036831,0.851496321687,-1.61955365999
Zoellick,7,0.756760765743,2.1787853768,-3.1210862919
Cook,1,0.706752507181,-0.203199718364,-2.34416171926
Cook,2,1.41212433084,0.302744255868,-1.56643719988
Johansen,1,-0.219661591417,0.677197984614,-1.99726705091
McGraw,1,-1.17651547701,0.109555881787,-2.42774375644
McLaurin,Williams,1,-0.728722712022,0.126469102684
McLaurin,Williams,2,-1.65232470946,1.77694864189
Stevenin,1,2.12195358461,1.79521130685,-2.76995560958
Stevenin,2,1.5997926394,1.44251936599,-2.1356631887
Tunney,1,-0.24666097542,-0.0739816393651,-2.3271586966
Wagner,1,-0.20106171894,1.34206043256,-2.3390592478
Williams,1,1.22300415719,0.442709149297,-1.01984778259
Wright,Penn,1,-0.8644021825,-0.146094636387
Lowe,1,1.06695368694,0.628573705738,-1.18132505667
Lowe,2,1.23046028531,1.82936678535,-2.45740727192
Lowe,3,0.0350693957296,0.865564886054,-1.74843035946
Lowe,4,0.374203934437,0.191070919811,-2.62491299034
Marshall,1,0.719478650638,1.15428325141,-1.46022477004
Marshall,2,0.730533856556,0.638952593398,-1.58118729399
Marshall,3,0.1276514785,1.70886236115,-1.01190820548
Marshall,4,0.752761865497,1.4232164498,-1.70598157514
Marshall,5,-0.258440526732,1.85259404131,-1.77119202859
Marshall,6,-0.748315881714,0.913293733729,-2.12416908923
Moore,1,0.496413009468,-0.0798405878781,-2.58016853136
Morrow,1,1.44981363102,1.1198515735,-2.2974449703
Niedermayer,1,1.38782061029,1.8573007267,-2.63002601841
Ramsay,1,0.947656162486,-0.327269787972,-1.80447026611
Schneider,1,-0.285408910382,0.156973985185,-0.629865201832
Schneider,2,-0.435387829666,-0.109764508232,-0.992172266187
Buttiglione,1,1.57777337178,0.61504010089,-2.60360333629
Blagojevich,1,1.2205679895,0.509169150122,-1.02852203539
Blagojevich,2,1.67597294866,0.907103889203,-2.55170356755
Bryden,1,0.763390350961,0.740536550309,-1.18994292444
Jong-il,1,1.77188003944,-1.62107675127,-2.23680446247
Dangerfield,1,0.14061690491,1.22477552634,-2.27424817673
Rempt,1,0.89063205343,2.01648065894,-1.50492481449
Abalos,1,0.491468508043,-0.497434645404,-1.45191746823
Paige,1,0.576118979414,-0.93212279628,-0.288785082412
Borja,1,1.57380450472,1.33549720531,-1.5318503298
Borja,2,1.36131290621,0.956997512564,-1.51145874581
de,la,Cerna,1.11375282671,-1.40152607654
Rato,1,0.80640387153,0.593951917355,-1.8983611537
Stewart,1,0.802115975351,1.15866640182,-1.77258182416
Stewart,2,1.3815494633,0.948089401728,-1.91278742798
Stewart,3,1.73777641335,2.11898391365,-2.1461345469
Thorn,1,0.344284468252,1.39203589628,-1.56842353745
Campos,1,0.527709712149,-0.304960123818,-1.99386136021
Montemayor,1,0.783072060831,-0.1591762786,-1.37990793975
Ramos,1,1.84909181419,-0.1132568896,-1.29577882238
Clemens,1,1.09214162291,-0.293471766202,-1.73567322566
Clemens,2,0.814933750118,-0.612967608526,-1.16850960466
Cook,1,0.931457369338,0.11536207651,-2.01209768766
Corbett,1,1.10778087761,2.47437809415,-1.42124872244
Daltrey,1,0.287703239094,0.0295013406704,-2.83288608517
Etchegaray,1,1.68773869031,1.31231941572,-2.449504618
Federer,1,0.319621080841,1.03375231592,-3.00183784123
Federer,2,0.765758337714,0.379445122438,-0.486420499991
Federer,3,-0.0181020854188,1.43516641286,-3.02336052399
Federer,4,2.16621227279,1.22908979588,-1.53497936108
Federer,5,1.67846951456,-0.183823905163,-1.53350320786
Federer,6,0.75375728884,0.778363387549,-2.56991379397
Federer,7,-0.151079345369,-0.187308019952,-1.40628352516
Federer,8,1.72711550696,0.0783055459489,-1.52797187244
Federer,9,0.942374130983,1.46924276715,-2.26349096843
Federer,10,1.43038439506,1.10917791013,-1.9335655451
Federer,11,1.03077232559,-0.126328432428,-1.99262624862
Federer,12,1.20548040424,1.30931213615,-1.88916418572
Federer,13,1.50509050873,0.240407196689,0.460028217403
Federer,14,0.211176152058,-0.183449710504,-1.05745553236
Grimes,1,0.194495557011,0.985882258785,-1.59188407039
Romero,1,1.13228652585,0.0782864627264,-1.37739939744
Romero,2,1.18457521376,0.181028528448,-1.50313088647
King,1,1.12148406935,2.16826311254,-1.79526202088
Lyons,1,1.40558565522,1.46990180828,-2.18358008639
Machado,1,0.818070518883,0.421842667378,-1.74293858901
Mahony,1,-0.156122031635,1.17461559426,-2.23184750244
Moore,1,0.989776590365,2.26611318173,-2.39057537386
Moore,2,1.0608614956,1.57091666157,-1.06538308197
Moore,3,1.80875853852,0.627339896047,-1.26907071962
Moore,4,1.25122708979,2.07931847307,-1.56937079048
Moore,5,0.600314483365,1.59892159936,-2.30137574369
Penske,1,2.15159310573,1.01282579909,-1.03407026088
Staubach,1,1.57910029692,1.49214765166,-1.92160544282
Suarez,1,0.456054583585,-0.980569574448,-2.38509564379
Toussaint,1,0.567919297954,-1.34691736029,-1.41985620027
Winter,1,1.14527778864,1.38037242748,-0.949714764287
Mistry,1,1.52889609605,-0.396806903544,-2.08795996568
al-Ghozi,1,1.31590210148,-1.84985510351,-1.09101091139
Moo-hyun,1,0.490061689962,-1.66274310055,-2.21084356531
Moo-hyun,2,0.596578462666,-2.00472364457,-2.21729514521
Moo-hyun,3,0.14087141525,-1.66241076356,-2.10510266661
Moo-hyun,4,0.729424639898,-2.12181671414,-2.5654831649
Moo-hyun,5,0.0973094309903,-0.88339933885,-2.15637483686
Moo-hyun,6,0.450975483383,-1.51429788209,-2.00082340026
Moo-hyun,7,0.676287028464,-1.55965605807,-2.64469317245
Moo-hyun,8,1.23906265857,-2.37227283787,-2.26317516768
Moo-hyun,9,1.25316337519,-2.46739489032,-2.12736598343
Moo-hyun,10,0.416847579357,-2.82304814697,-2.63954163755
Moo-hyun,11,0.906336457587,-2.03875677239,-2.31132800232
Moo-hyun,12,0.432682551762,-2.13938179084,-1.41857111816
Moo-hyun,13,1.32898638991,-2.67288116524,-1.26145152829
Moo-hyun,14,1.11001863276,-1.48288496088,-1.63194940276
Moo-hyun,15,1.89489185157,-2.7648719654,-2.57403788612
Moo-hyun,16,0.911968095091,-2.43209158157,-2.90116999147
Moo-hyun,17,1.7559247008,-1.97750404079,-3.3464653153
Moo-hyun,18,1.34863400035,-1.87825796733,-2.52789337041
Moo-hyun,19,0.992304225781,-2.12530271448,-2.94956694045
Moo-hyun,20,0.611878792827,-0.851510368334,-2.17144130282
Moo-hyun,21,1.03847112549,-2.625420347,-2.91930517262
Moo-hyun,22,0.74604318945,-2.20855174336,-2.93859255474
Moo-hyun,23,0.712097565242,-1.61519417903,-2.55528054954
Moo-hyun,24,1.13008309409,-2.48525280313,-2.15813802253
Moo-hyun,25,1.54258748051,-2.36749216934,-2.51545855631
Moo-hyun,26,1.01887420843,-1.93858187275,-1.54419660906
Moo-hyun,27,0.625341218084,-1.6986976582,-2.06630227421
Moo-hyun,28,1.3911369124,-2.53275155784,-1.23236093074
Moo-hyun,29,0.94789976532,-2.70012065865,-2.42533617467
Moo-hyun,30,-0.320220393524,-1.71244055071,-1.21565792188
Moo-hyun,31,0.438533629426,-2.00914999945,-2.43615079601
Moo-hyun,32,1.23875935584,-2.76425288124,-2.72385333012
Paksas,1,1.21815000984,1.33569865393,-2.47395846702
Paksas,2,1.29503678145,0.259130261913,-0.972915514729
Koch,1,0.79053233336,1.11353715568,-1.50511841261
Eckrodt,1,1.46587292626,0.88102464458,-1.40476732718
Eckrodt,2,1.97685971004,0.11202049834,-1.87269184226
Zimmermann,1,1.38718380033,-0.0385907758889,-2.62426357673
Massimino,1,1.29059542018,0.99412401552,-1.94910903872
Duris,1,2.29990742156,0.739270312723,-1.88068411206
Abramovich,1,0.886329546766,1.06057424021,-2.82597979466
Coppola,1,0.169759314599,0.0201198001517,-2.85496366058
Prodi,1,1.16127133513,0.974524956548,-1.0252954227
Prodi,2,0.325062146897,0.473202246125,-3.12673939717
Prodi,3,0.653915331742,1.15864852513,-0.981387483721
Prodi,5,1.21133753281,0.846099178329,-0.10697247487
Prodi,6,1.54001962224,1.00272523224,-1.74682373336
Prodi,7,1.21460151695,1.21901261063,-1.78542301768
Polanski,1,0.686911720803,0.83771452953,-1.94519499841
Polanski,2,0.984202427257,1.36486462139,-1.68433293285
Polanski,4,1.38181533501,2.22307165417,-1.31991766282
Polanski,5,0.457438783233,1.17842354123,-1.42271172673
Polanski,6,-0.0825289253861,0.627931134291,-1.56040126748
Tam,1,2.06432951129,-1.50712243134,-2.44858915232
Farias,1,1.36617227618,-0.694631819352,-0.766569597142
Gigli,1,1.77658330636,0.900680293979,-0.963408355205
Brower,1,1.19432006728,0.88702704659,-1.82322439844
Harwood,1,1.06645948778,2.65536289707,-1.68640166516
Ito,1,0.796306482063,-1.44766840055,-2.14686209217
Kadish,1,1.61736136266,1.36359344574,-2.34936367452
Kessler,1,0.95864533766,1.02618635582,-2.46950714211
Luis,Nazario,de,1.0,0.917843398305
Luis,Nazario,de,2.0,1.73669804989
Luis,Nazario,de,3.0,1.82579434823
Luis,Nazario,de,4.0,1.9940005664
Perelman,1,0.8390159736,1.1049482612,-1.3529579247
Post,1,1.46153638361,1.98076727592,-1.90210321388
Reagan,1,0.74174947496,1.25944077933,-2.08633144106
Reagan,2,0.647234241359,0.848580483958,-1.73809350677
Reagan,3,1.00048255341,0.380702069655,-1.67814666111
White,1,1.37632681469,0.101526823457,-2.37907545672
Young,Jr,1,-1.68482030079,0.9854098152
Barber,1,1.82241918486,-1.53874813603,1.97080049562
Dittemore,1,1.32769742877,1.28166004316,-1.72155648582
Dittemore,2,1.03649519689,1.81947707073,-1.7694058742
Dittemore,3,1.13421732152,1.38350372576,-0.982828260151
Dittemore,4,0.910545698969,1.45209854664,-1.49045416597
Dittemore,5,0.869984831497,0.514441521609,-1.50126282187
Dittemore,6,1.0604415398,1.07324655438,-1.90872210165
Dittemore,7,-0.0189880550081,0.638140921938,0.183491376215
Dittemore,8,1.32154277627,1.49589028887,-1.72660774758
Gonzales,1,1.29278318923,1.16258264251,-1.52088533967
Howard,1,0.495130588254,1.93463326748,-1.89469012163
Howard,2,1.04630548455,1.94877891491,-1.9335806145
Kirk,1,1.17857268238,-1.38941881694,1.06363013423
Lantz,1,0.990909315424,1.17249909875,-1.42540456021
Jagday,1,1.23092133404,1.54779766733,-1.97006505966
Musgrove,1,1.13749408786,1.45324438484,-1.73999531513
Zook,1,0.93095176371,0.962275701818,-1.83802056297
Haywa,de,Condori,-0.661037991824,-0.278147017448
Perkov,1,1.12979058896,1.55967596669,-2.06268716001
Carter,1,-0.687130528526,0.787227012198,-1.91688067805
Dawson,1,-1.17780655363,-0.890352689208,-1.46937390548
Barr,1,0.146763073011,-0.224641581653,-2.03404302011
Barr,2,-0.504948052819,-0.283252530513,-1.34175632704
Barr,3,-2.22292056708,-0.159735657959,-2.58882985776
Linkins,1,-0.0131724709669,0.749522725063,-3.60849527982
Marie,1,-1.0881738332,1.03795967596,-2.68473677788
Stack,1,-0.00864013542897,1.07191345138,-1.45531184776
Stack,2,-1.11868832334,2.65466633088,-3.35453847992
Perez,1,-1.70940750915,0.422493874855,-2.73755081426
Desroches,1,0.187616146296,-0.0466258203025,0.112922425999
Verba,1,2.58783447822,1.57710529582,-2.90814297651
Williams,1,0.705673055593,0.885822381947,-2.35067564684
Blunt,1,0.96097091545,0.431941298789,-1.8790420212
Chaderton,1,0.637632512752,0.0508431332337,-1.79879057242
Halladay,1,0.863277725885,0.121480150592,-1.29305593889
Jones,Jr,1,-1.75097243387,-0.955582252014
Jones,Jr,2,-1.14499538598,-2.44619474291
Moore,1,0.741879558756,1.52227181472,-1.78293442731
Moore,2,0.00578236025817,0.996299525514,-1.20663687041
Moore,3,1.33028069424,1.24528341414,-1.46413180505
Moore,4,1.11873635643,1.66548127496,-1.13182793014
Moore,5,1.18962674482,1.28407270307,-2.29025980319
Moore,6,0.412463334418,0.796996676709,-0.921068217528
Rogers,1,0.699015239804,1.03633155586,-3.24581615105
Romanow,1,0.951675099227,1.9318175732,-2.31752173509
Williams,1,1.66507711084,1.26689572554,-1.89756807015
Williams,2,0.830224700587,1.3668239867,-2.04797233274
Williams,3,1.494353907,1.31955167191,-1.98993162909
Williams,4,1.68684859387,1.1767373831,-2.25125419736
Pascual,1,0.124150735452,0.623471768286,-3.30005390181
Barrichello,1,0.474567456678,-0.258900794726,-2.22749665469
Barrichello,2,1.23262397745,-0.022987080202,-0.96789445759
Barrichello,3,0.967972594268,2.13642715775,-2.30012495629
Barrichello,4,0.0978368850086,1.06414497324,-1.0663293946
Barrichello,5,0.439919027395,-0.0576962893012,-2.65398195483
Barrichello,6,-0.349947175312,1.20097085984,-1.06904786225
Barrichello,7,0.939724976572,2.07698934503,-0.60416436477
Barrichello,8,0.547446795623,1.91402324334,-1.26909294709
Barrichello,9,0.57703147557,-0.316842807806,-2.87902058787
Barrichello,10,0.407089780984,1.12419459736,-2.14527633485
Barrichello,11,0.677669283839,1.72797014019,-1.53038695403
Barrichello,12,0.627068631596,-0.132274073925,-1.89837469012
Sierra,1,0.483899880086,-1.0498128938,1.64626258741
Studdard,1,0.847735534448,-1.99177246083,2.00098530299
Studdard,2,0.35352714774,-2.74643491535,1.09751316393
Wolkowyski,1,1.3880168757,1.74684700223,-1.72037710745
Voeller,1,1.2924597798,1.67222692286,-2.45959042611
Schuster,1,1.6426235868,0.758989000201,-2.09753718118
Giuliani,1,0.975189823517,0.54769188053,-1.25887373114
Giuliani,2,1.01519084521,1.63070389428,-1.99329319544
Giuliani,3,0.776101290604,1.86833318885,-2.43195276242
Giuliani,4,1.09253689487,1.63159504832,-1.99352261686
Giuliani,5,0.589539175711,1.74557515405,-1.8513508538
Giuliani,6,0.783883501848,1.34345559474,-1.75529824163
Giuliani,7,1.59812028979,-0.520649284047,-0.686240103117
Giuliani,8,0.247069225707,1.47016622404,-2.42991318655
Giuliani,9,0.380079213947,0.947921862748,-1.73441328401
Giuliani,10,0.571798164013,1.93943441703,-1.85330657712
Giuliani,11,0.62816761377,0.298441336134,-1.37601194713
Giuliani,12,0.937612579263,-0.470492967712,-1.77991757488
Giuliani,13,1.04193207058,1.62836976907,-2.27810631458
Giuliani,14,1.16512127439,0.906996214245,-2.48480492346
Giuliani,15,1.13789983252,1.21262145214,-2.86746843106
Giuliani,16,-0.138195058991,0.984873207002,-2.62198762804
Giuliani,17,1.68218712027,1.03999190148,-1.12256155534
Giuliani,18,1.37893635217,0.767743448886,-1.79248832118
Giuliani,19,0.103901701139,0.747761348874,-1.19146129421
Giuliani,20,-0.35177619513,0.260807259185,-2.81557386632
Giuliani,21,1.30872286642,0.777012026163,-2.11119444506
Giuliani,22,1.31839379228,2.06966459132,-3.07437958082
Giuliani,23,1.28360929052,1.05514755623,-1.49958933887
Giuliani,24,1.0590568122,2.12376816041,-2.09399436956
Giuliani,25,0.476570628293,1.04534526288,-1.3374314016
Giuliani,26,1.81773709159,1.42939085269,-1.95034586293
Holton,1,1.78856023902,-1.5611020631,0.559205275345
Tomjanovich,1,1.56655419514,0.218850088896,-1.38919337469
Gardner,1,1.74712531607,1.35331997045,-2.16305642981
Grint,1,0.319775712036,1.13172624916,-2.04215950128
Grint,2,0.367928637104,1.5956331046,-2.59681651271
Grint,3,0.202540763817,0.59107498459,-1.38841648572
Murdoch,1,1.22401363369,1.62009304862,-1.20185842076
Murdoch,2,1.14663687858,0.550149419122,-1.7435958534
Coutts,1,2.58667463343,0.732400200883,0.0199675730774
Coutts,2,0.60084134358,0.110073210983,-1.87437859286
Crowe,1,0.773910984614,1.21938593517,-1.93141898314
Crowe,2,1.7494830522,0.978630092162,-1.78259467234
Simmons,1,1.45726606655,-1.70210004776,0.886374826693
Simmons,2,0.714819813548,-2.08017466639,0.0740781195829
Simmons,3,0.443954786647,-1.38358646557,1.50989400763
Simmons,4,1.31182174348,-1.52288423117,0.794970130817
Simmons,5,1.56211216804,-2.03284448385,0.826255206942
Ortiz,1,0.31806905769,-0.379158713343,-1.05946382058
Recber,1,1.63923513513,-0.121690592363,-1.43398607427
Bader,Ginsburg,1,-1.27218432226,0.732083307808
Christofferson,1,0.558535552778,1.97453870331,-2.03621798071
Dreifuss,1,-0.542181690705,0.41471984794,-2.47438044921
Dreifuss,2,0.797061829584,0.0338933941722,-1.58087702506
Harlow,1,0.163782728416,0.13523549899,-0.946631510744
Harlow,2,0.314901411341,0.913348820629,-1.52275400964
Pearce,1,-1.02771784497,1.20112792866,-2.64076873922
Stubbs,1,0.336823133943,1.33358977168,-1.98480088239
Drese,1,1.41497683548,-0.247912662445,-3.34362336469
Goodman,1,0.775293557815,1.28618160859,-1.45950007499
Leaf,1,0.566743348052,0.677774125468,-2.64785170637
Newman,1,1.57366186999,0.722260278746,-3.01012705004
Nyquist,1,1.11850877553,1.84476839813,-2.3441473847
Gadhafi,1,1.60027611662,-1.29106881487,-1.66812757111
Al-Ahmad,Al-Jaber,Al-Sabah,1.59619142068,-1.77785529205
Kawabuchi,1,1.66172407464,-1.82989987835,-2.25813039828
Kawabuchi,2,1.90539996333,-0.832278376255,-1.53459850386
Yamada,1,-1.0462732485,-0.500754171868,-2.28334287301
Yamada,2,-1.14957643652,-0.909837710388,-3.29860886483
Yamada,3,-1.49423472695,-1.58318959602,-2.52317526537
Yamada,4,-0.845813187679,-0.57246478382,-1.47393533787
Tendulkar,1,2.44729736067,-0.342613915717,-1.98332333448
Jacobson,1,-0.902573133344,1.21347513592,-1.95576739732
Hassan,1,0.769650829539,-1.2410718764,-1.30463657672
Hussein,1,2.59727221634,-1.29792511016,-2.12322311582
Hussein,2,3.33347322022,-0.91668667255,-2.10769071083
Hussein,3,0.991924399105,-1.44203989079,-0.711833794172
Hussein,4,2.68035985327,-0.525801132808,-1.72987279521
Hussein,5,3.35443500065,-0.550519781177,-1.97106962085
Hussein,6,2.87196136145,-0.246438671593,-0.964845507224
Hussein,7,2.73967843874,-1.16988830223,-1.00781329419
Hussein,8,2.8480484749,-0.469019555038,-1.43319310984
Hussein,9,2.44818818821,-0.458109676355,-2.1068618105
Hussein,10,1.62715433271,-0.552082056989,-1.78545719589
Hussein,11,3.37312115571,-0.25152313772,-2.2362562237
Hussein,12,3.12901363516,-0.742905799911,-1.40642510536
Hussein,13,2.30484528446,-0.875371827891,-1.8746901004
Hussein,14,0.843006042299,-0.625479359578,-0.534751206235
Hussein,15,3.02029912348,-1.78380708768,-0.981137620925
Hussein,16,2.45429276397,-0.710751856543,-2.72713692511
Hussein,17,2.86680277406,0.0792563541681,-2.36970309237
Hussein,18,1.42603990232,-1.20634719198,-1.38054167434
Hussein,19,2.04896710905,-0.605406057364,-1.27160148208
Hussein,20,2.39858468668,-0.240520142169,-1.30235292124
Hussein,21,2.86019901081,-0.156549040571,-1.78581176276
Hussein,22,2.90268543098,-1.49093468234,-2.29313179003
Hussein,23,2.75420046816,-1.00917826429,-1.14717173097
Frost,1,-1.80652935932,0.886742399917,-1.23033952692
Frost,2,-1.87482284098,0.106281000719,-1.78054664266
Frost,3,0.47400165984,1.26787506802,-2.31154924861
Erekat,1,1.15476908371,-0.331800768686,-0.387068716322
Erekat,2,0.944216699308,-0.717587888044,0.053986627344
Anwar,1,1.60904952404,-1.18975110656,-0.331756231639
Mortazavi,1,2.18031444672,-1.24977310783,-1.04072283804
Alwan,1,0.346427646621,-1.49251789259,-2.21996956235
Hadi,al,Mudarissi,1.13424076423,-1.68475736119
Clark,1,-0.683540742074,1.956457817,-2.67312169693
Field,1,-2.83875239207,1.26983820988,-2.44409352164
Field,2,-2.34337231064,0.962787755282,-1.85514425078
Field,3,-1.81072407463,1.02733750114,-2.87126748501
Field,4,-1.02656212588,0.138683280042,-1.86156867026
Kirkland,1,-0.299968174386,1.09406495669,-1.17278252819
Kirkland,2,-0.578313780378,0.441475192673,-0.407556818513
Kirkland,3,-1.22890139238,0.934581702044,-0.696922514615
Kirkland,4,-0.921382150823,1.66519769359,-1.36229648942
Ride,1,-0.650312121651,-0.0304872746296,-1.08792281515
Ride,2,-1.19275266482,-0.14407951796,-3.25239919787
Hayek,1,-1.95767890437,0.601807743375,-1.98622328308
Hayek,2,-2.11620523213,1.2082002981,-2.1441951948
Hayek,3,-3.10126632912,0.240498431015,-3.67832808406
Hayek,4,-1.75895058298,-0.610177523577,-1.32846708192
Hayek,5,-2.26911546852,-0.0552216278346,-1.94092616138
Hayek,6,-0.920070683878,0.814226679846,-1.22249603035
Hayek,7,-1.34024189643,0.976437255922,-2.09425211633
Hayek,8,-2.0433019143,0.0893910002208,-3.69262483481
Hayek,9,-1.0378926312,0.358509226158,-1.20771545945
Hayek,10,-0.958311992952,-0.559623131971,-2.6857180915
Hayek,11,-1.93569778099,-0.16289168748,-3.1419069378
Hayek,12,-1.9823004491,0.0185193174481,-1.54108432129
Hayek,13,-2.44777272966,0.570025358087,-2.86971995722
Khan,1,0.941379609836,-0.671965390583,-0.954859073346
Rushdie,1,1.84021173994,0.39972555244,-1.88982907849
Rushdie,2,0.860062457605,0.406962204987,-1.97037814627
Rushdie,3,1.64167380891,0.294740137038,-2.03867916897
Daniels,1,-3.06015958077,1.19332508602,-2.2476081784
Ledster,1,0.072513026223,0.681313201844,-1.8365232266
Bith,1,0.439291287319,-0.619487534627,-1.79487894728
Bith,2,0.617626882466,-0.605047423766,-0.353657237424
Bith,3,0.269695919512,-0.512301299372,-1.19390671856
Brownback,1,2.4286987948,1.20740445497,-2.302344928
Gerald,1,1.54860942852,0.890635832234,-1.8083800933
Al-Arian,1,1.99732663372,0.372850650068,-1.2309735442
Makhmalbaf,1,-2.87431791577,-0.304210083873,-2.28415418681
Makhmalbaf,2,-1.77815671849,-0.316422538054,-2.69910348898
Mendes,1,1.65874126705,1.58919494276,-1.6821422059
Mendes,2,1.26970191686,0.579026743708,-2.05085772799
Knight,1,1.58444518299,-0.868028428412,0.189674170367
Sosa,1,0.578999474206,-0.560213917243,0.512700498032
Sosa,2,1.77392068325,-0.905809632168,0.581998929998
Rockwell,1,0.854973226545,1.57221283995,-1.61793151252
Torrance,1,2.33241451953,0.305757495901,-2.05963333151
Torrance,2,1.42438399912,0.735408428941,-1.70266275262
Torrance,3,1.56393791349,0.288923443697,-1.7307073551
Waksal,1,1.1202785546,0.896923056009,-0.313086852148
Waksal,2,0.459994274955,0.722737246071,-1.26991909077
Waksal,3,1.23969289745,0.830072314954,-2.47051273408
Waksal,4,1.87213475001,0.910998603231,-1.77101921798
Maitreya,1,0.623388136743,-0.187724719535,-1.33942660251
Banning,1,-1.22765010222,0.597157637167,-1.62067775412
Bullock,1,-2.20531760872,1.80609748488,-2.6837677364
Bullock,2,-1.09162379542,0.855947691446,-1.81647383769
Bullock,3,-1.50083478079,1.40604960486,-1.47336155224
Bullock,4,-0.163661493439,0.436287603802,-0.98787973067
Ceccarelli,1,-2.06999903385,0.493708741717,-1.61366536016
Day,OConner,1,-1.59814083358,2.25458700609
Milo,1,-1.43442205645,2.37478727639,-1.54102566782
Shamas,1,-0.985404547724,0.761154426761,-1.77256159817
Smith,1,0.178719111937,1.02962832437,-2.09887981584
Wise,1,-2.07178032342,1.62123692659,-2.66660700584
Papic,1,-2.33063597305,0.740019872707,-1.96662418503
Chawla,1,1.52791398104,-0.570962274119,-3.50507446618
Gupta,1,1.06403536459,0.0486815746878,0.0093474400432
Lan,1,-1.21641124373,-0.823567954373,-0.965158699037
Botero,1,0.709194688829,1.35130794126,-1.91738859712
Al,Faisal,1,-1.28665235639,-0.0975808733586
Niyazov,1,2.13182681972,-0.363675241632,-1.88903336975
Niyazov,2,3.0041940854,0.350656855899,-3.5157992631
Elisabeth,Ahmad,1,-1.75002227728,0.86527187128
Canale,1,-0.370454670917,1.42317862611,-3.02505303249
Hughes,1,-1.56996135658,0.607336451132,-2.27656031813
Hughes,2,-2.09234460389,1.2935224166,-3.10815634558
Hughes,3,-1.68932550552,0.995724111168,-2.26682163101
Hughes,4,-1.35555336076,0.247345793587,-1.95180092414
Hughes,5,-3.06098386729,1.40302488648,-2.36302141277
Hughes,6,-0.344935132687,0.90957466104,-1.2935934779
Jessica,Parker,1,-1.96074869278,1.42220973724
Jessica,Parker,2,-1.31753534552,0.955521378395
Jessica,Parker,3,-1.01733665909,0.962120369309
Jessica,Parker,4,-1.74113655548,1.11889435154
Jessica,Parker,5,-1.8036377144,2.60902578623
Jessica,Parker,6,-1.52898343319,1.06859498919
Michelle,Gellar,1,-2.53493072902,1.05679088343
Michelle,Gellar,2,-0.970613773413,-0.0786248166844
Michelle,Gellar,3,-2.66910336452,1.13409968723
Price,1,0.0573061676,0.948901498213,-1.3751772772
Weddington,1,-1.47324745634,1.93648841394,-2.35525736785
Wynter,1,-1.93347822907,1.15479596297,-2.33614479874
Silverman,1,-2.06220831895,-0.215019383851,-2.48026338886
Sargsian,1,1.49060861216,0.275680887103,-0.564331658062
Alexander,1,-2.47443691428,0.6283134147,-1.46549493645
Cohen,1,-0.819736804459,0.901229909111,-2.59960078931
Sharma,1,1.09612701941,-0.547773603075,0.156549674405
Blum,1,2.54523268498,1.43804509299,-2.11798194613
Dalton,1,-0.186005071187,1.34457557083,-1.35738231172
Dickson,1,0.481563462307,1.09445838076,-1.45983087335
Fawell,1,0.807009190664,2.09129142663,-1.81250331741
Hamilton,1,1.0829823823,1.0249668654,-2.06778586285
Hoch,1,1.42540205001,-0.0681701840947,-1.69188485647
Hubbard,1,0.696096417467,0.800513937754,-1.73801680573
McClellan,1,1.47568393341,1.37398817423,-1.94639894089
McClellan,2,1.80467450544,0.956313787023,-2.75392499652
McClellan,3,1.49901543378,1.70389254826,-2.40707014107
McClellan,4,1.13569799439,1.895898947,-1.99208752907
McClellan,5,1.12549686273,0.793792861241,-1.97894565428
McNealy,1,1.99581891839,1.27333807305,-1.08833400747
McNealy,2,1.50998322649,0.354510564522,-1.75997867771
OGrady,1,0.474401098834,0.900356055363,-1.71603726636
Peterson,1,1.95143871783,1.52559625792,-2.00830482098
Peterson,2,1.59996097081,0.787617666168,-0.182672325787
Peterson,3,1.48844781288,1.27789939672,-1.53439572235
Peterson,4,0.64770701545,1.180006008,-1.42902610689
Peterson,5,0.359544127443,1.71368347908,-1.8431553401
Ritter,1,0.721271886833,0.385666379939,-1.3627592167
Ritter,2,1.73717556884,1.03348657114,-1.44086105584
Rolen,1,0.968006225453,0.688281935174,-1.16796002482
Rudin,1,1.71033688516,0.781927299239,-1.19642289995
Rudin,2,0.613363062414,0.846858770192,-2.11930346392
Sullivan,1,1.58961231543,-0.156662583638,-0.733903421713
Sullivan,2,1.05878503267,1.28049740584,-2.85437589688
Verplank,1,0.598205294021,0.96071872457,-0.884787829964
Wallach,1,1.47453320419,1.35533063339,-1.77080371386
Weiland,1,0.541153084332,1.32141972902,-2.45383890633
Wittman,1,1.00023909433,1.0996330425,-1.55008977576
Wolf,1,-0.0176590769744,2.18167422572,-2.52333365719
Wolf,2,0.517710145153,1.85036147739,-1.70429956238
Yates,1,1.25873672227,1.10645744962,-3.11756267127
Astin,1,0.838093733305,1.52333612048,-1.38424091229
Astin,2,0.750734278034,1.58391674119,-1.83560215083
Astin,3,0.65816581546,1.21721393932,-2.85324904213
Combs,1,1.25248191861,-2.28396511149,0.808705264015
Hayes,1,0.969419502456,1.25170751191,-1.25633309564
Hayes,2,1.30866164648,0.866072458988,-1.47139028278
OKeefe,1,0.816208145908,1.42151983866,-1.95023061146
OKeefe,2,1.07949090675,1.21704316031,-2.52710999345
OKeefe,3,1.43410881851,1.44280184705,-2.00763372969
OKeefe,4,0.80063807972,1.83443641212,-2.36053099694
Patrick,OMalley,1,-0.790934921246,0.617989773654
Patrick,OMalley,2,-1.8667617758,1.46370863276
Patrick,OMalley,3,-1.29521400789,1.42909942948
Patrick,Thomas,1,-2.80122612744,-1.37987005584
Penn,1,0.980676641391,1.1266682801,-3.48173987626
Penn,2,-0.338215462431,0.733053489836,-3.27071594016
Penn,3,0.0743790890407,0.805390131098,-2.37670501288
Townsend,1,1.43077433408,0.595049139841,-2.22611382538
Cuattrin,1,0.772466113496,2.98944864038,-2.5439016023
Porto,1,1.06170181086,-0.0887727050939,-1.40450520956
Saja,1,1.70943953755,0.886547617373,-1.62948900412
Saja,2,-0.137192645086,-0.778787346769,-0.620910856063
Saja,3,1.25131616289,1.10665623102,-2.14683023518
Grosjean,1,0.679463893301,0.629895444223,-0.903101240921
Grosjean,2,1.38486488154,1.17797954381,-1.53269401644
Grosjean,3,0.80324359323,1.64637767079,-1.07179027965
Grosjean,4,0.947651401531,1.18056115395,-0.615270747036
Barmak,1,1.88739059032,0.513020474555,-1.17081155282
Hyuk,Joo,1,0.454189178848,-0.990835698551
Phoenix,1,-0.688172564207,-0.533017867331,-1.77074180164
Blatter,1,0.290918839483,1.26373019868,-0.547369596015
Blatter,2,1.38832087125,-0.108061758188,-1.55453467899
Blatter,3,1.32241893778,1.06346881573,-1.86321153233
Blatter,4,1.16755808373,1.40586955355,-0.924735959458
Karlan,1,0.498111824962,0.543163785731,-1.15108201289
Williams,1,-0.13716217736,-1.50446385107,0.855810536674
Williams,2,0.639445998375,-1.94436392809,-0.564744032605
Williams,3,-0.804291140028,-0.423502115722,0.512669340962
Williams,4,0.741456516584,-1.86476605394,0.794208630196
Williams,5,0.188525449733,-1.80176033347,1.19649700097
Williams,6,0.0995979129272,-1.34511790694,0.568495137582
Williams,7,-0.369609074478,-1.03074387137,0.148505880891
Williams,8,0.00738694038411,-1.93794156792,0.185301925196
Williams,9,-0.147090850223,-1.95900404012,1.07544738399
Williams,10,-0.138268290177,-1.51658987522,-0.274505115015
Williams,11,0.125526280284,-1.72005459299,-0.422708000701
Williams,12,-0.647200886891,-0.872486495563,-0.505512608107
Williams,13,0.296675932659,-1.66585824355,1.24640317236
Williams,14,-0.0094063747457,-1.22574701138,0.79196574613
Williams,15,-0.213496667477,-1.59940081573,0.660409163097
Williams,16,0.212741908704,-1.92502046522,0.699361681025
Williams,17,-0.138713135047,-1.07307050021,1.17238672726
Williams,18,-0.1793896542,-0.719873413633,1.64466470772
Williams,19,-0.702702712175,-0.188044820345,-0.55088219549
Williams,20,0.0395791337483,-0.519025663153,0.154891154808
Williams,21,-0.60724296875,-1.62660849307,1.29850633788
Williams,22,0.447415353335,-1.38061426962,0.266435668294
Williams,23,-0.236135559005,-1.4395412926,0.992958310827
Williams,24,-0.562857735983,-2.33099590408,0.713820483821
Williams,25,-0.287379831641,-1.774187307,1.65148283057
Williams,26,-1.19997961197,-1.53459341095,0.0580346138626
Williams,27,-0.460622582886,-1.05813361817,1.19492141836
Williams,28,-0.773436160527,-1.10869580451,0.426647741545
Williams,29,-0.697849997073,-1.96943065895,0.714220228068
Williams,30,-0.583231247843,-1.42564954906,1.16156303829
Williams,31,-0.648028375289,-1.7759839926,1.3671364003
Williams,32,-0.604183975874,-0.629952341674,0.636914261826
Williams,33,-0.292214787545,-2.39034046134,1.2169872976
Williams,34,-0.0878827001543,-0.925594936967,0.199153539366
Williams,35,0.269968780706,-1.42324450577,0.792605385217
Williams,36,0.76831339118,-1.66405031352,0.595102957714
Williams,37,-0.927753741916,-1.00828095838,0.12570256382
Williams,38,-0.379687178938,-1.6443961635,0.524293824036
Williams,39,0.303685629406,-0.567997827213,0.200383297036
Williams,40,0.0422297396214,-0.385769647538,-0.680614748149
Williams,41,-0.392383801351,-0.616353997042,0.399845969742
Williams,42,0.972201129295,-1.36956627069,1.12885335135
Williams,43,-0.16118046643,-0.720301503782,0.27949141519
Williams,44,-0.337996881341,-1.48614672144,1.52155110756
Williams,45,-0.586200682685,-2.04642629401,2.78465562257
Williams,46,-0.0410098642834,-1.30270912572,1.24300692311
Williams,47,-0.0442415033848,-1.46899915176,0.644461585261
Williams,48,0.148336789978,-1.6465300436,1.77100623368
Williams,49,0.505493654541,-0.766491356921,-0.0941023224307
Williams,50,-0.55688703972,-1.85636193944,2.36874987612
Williams,51,-0.0493746957009,-1.34505511707,1.53721619574
Williams,52,0.58968933947,-1.26420676263,1.29463852126
Kem,1,1.12260174888,-1.03092491787,-1.00240632273
Alexandrovitch,Ordzhonikidze,1,-1.14486581357,1.26639393563
Ivanov,1,0.0152897490742,1.71912417379,-3.13470161641
Ivanov,2,0.489289127803,1.11383271251,-1.71468489082
Ivanov,3,1.23458050596,0.13830158599,-0.995291290868
Ivanov,4,0.476918464475,0.956359497872,-3.04103491989
Ivanov,5,0.514838215149,0.822397135074,-1.73208325939
Yastrzhembsky,1,1.46292873843,2.39954218867,-2.41453279991
Yushenkov,1,0.638779230359,0.432937982667,-3.27458420198
Klarsfeld,1,0.474111603401,0.108999553954,-1.85452109926
Melac,1,1.71992210762,0.258471837156,-2.69002749212
Tchuruk,1,1.61687095546,0.638131085658,-1.49196103587
Lavrov,1,2.03205291429,1.0493427847,-0.911672353797
Lavrov,2,2.22617049917,0.288251490426,-1.93891300917
Lavrov,3,1.25679819396,0.55926893068,-1.10975973401
Lavrov,4,0.881524792832,0.596239150399,-0.850734734506
Lavrov,5,1.99004897258,-0.585458314395,-0.352664568672
Lavrov,6,1.63369391448,1.07554487171,-1.31010186846
Lavrov,7,2.15481524685,1.15056583377,-3.07365712478
Lavrov,8,1.34335755267,1.15519193298,-0.828988949168
Lavrov,9,1.55579566239,1.49925100468,-1.45566039202
Lavrov,10,2.09418947024,0.267801846572,0.184925442081
Lavrov,11,1.67020094983,0.0760618572373,-2.27637136561
Castellitto,1,1.80156916836,1.06637052329,-2.85453957278
Garcia,1,1.45277528546,0.740502267023,-1.78670523798
Garcia,2,0.598329810604,0.268713366459,-1.12383118337
Vieira,De,Mello,1.19319342952,-1.17049101733
Vieira,De,Mello,1.61430543015,0.204258539777
Vieira,De,Mello,1.52828365232,-1.44854899448
Vieira,De,Mello,2.80626634093,-1.12739581527
Vieira,De,Mello,1.2117920952,-1.05416149376
Vieira,De,Mello,1.70005448472,-1.33868788346
Vieira,De,Mello,2.55582026738,-1.08646852646
Vieira,De,Mello,1.15831744645,-0.705067040526
Vieira,De,Mello,1.69622956568,-1.14048095703
Vieira,De,Mello,1.66990706223,-1.24502177361
Vieira,De,Mello,1.35634377182,-0.533333905943
Gorney,1,2.367089034,0.712799888869,-1.99674052629
Antinori,1,1.28269797942,0.00837379995418,-1.86279862185
Diarra,1,0.668071846862,-0.511420269528,1.82915381521
Cassell,1,1.04374014693,1.57052215496,-2.598753763
Bourne,1,-0.150710432723,1.13246794021,-0.638514341788
Mosed,1,1.96382970726,-1.05108221014,-1.60695693617
Leibowitz,1,1.40426272917,1.16129866954,-2.45867660516
Hmiel,1,0.359686131601,1.62413281597,-2.584453136
Loux,1,0.946793663687,-0.880402971026,-1.46818914543
Mosley,1,1.10427151336,-1.40352106285,-0.258558066438
Mosley,2,0.728262738315,0.156529950988,-0.188481140398
Phillips,1,0.84073187544,1.13996818077,-1.21508682858
Reynolds,1,0.606781701925,0.535657274279,-1.87908503369
Warne,1,0.13166156205,0.26942445163,-1.5299071492
Warne,2,1.47355716584,1.88494826787,-2.004001985
Twain,1,0.191046415404,0.571979851925,-2.6694754372
Zolman,1,0.275884571755,-0.157930847371,-2.07951403084
OBrien,1,-0.233216629838,0.642938267713,-0.778663657206
OBrien,2,-0.290721723088,0.273867480501,-1.12022070687
Sossamon,1,-1.37919070203,-0.684333671491,-1.33140695415
Harrell,1,-0.913607899427,-1.4274186144,-0.386398018572
Davis,1,-1.16759817155,1.11474235495,-2.14043621302
Davis,2,-1.70662777342,-0.15387774465,-1.59630092963
Frey,1,-0.271686719479,1.64370731289,-2.21639111496
Frey,2,0.526633743612,1.51329125065,-1.99437379171
Osbourne,1,-0.291714406952,0.194185245923,-0.886530778392
Osbourne,2,-1.87673863947,-0.116511561447,-3.0891730782
Osbourne,3,-0.699574896385,0.290429718374,-1.3049845951
Robinson,1,0.575383874005,-1.37294139365,0.532569849328
Stone,2,-1.36814807964,0.988207709115,-2.97884411395
Stone,3,-1.28458568925,1.11876803032,-2.24762262371
Stone,4,-0.835935574965,1.07224609636,-1.72516755939
Stone,5,-1.33713590024,1.49653337232,-2.91414678781
Aziz,1,1.09066944472,-0.293391525386,-1.21354079549
Aziz,2,1.45097508883,-1.05216395306,-1.64124960998
Mofaz,1,0.923496909671,0.679546923363,-0.86591992702
Mofaz,2,1.21817623256,0.922001070992,-2.08240130512
Mofaz,3,1.46046373248,0.785556401503,-0.51360404099
Pollock,1,0.135276049318,0.00308055334183,-1.04355494162
Rusling,1,0.455774028481,0.948246710598,-0.951545534716
Earp,1,0.0361834491966,1.4484312479,-1.66545281828
Bradley,1,0.903363232558,0.718343511388,-1.87547407838
Kemp,1,1.29397802176,-2.31036894537,1.67297670268
Marion,1,0.469476952777,0.00632680494616,-0.361384751707
Ahmed,Yassin,1,-2.23134137635,1.35426554813
Copps,1,-1.73941287989,-0.237123622948,-2.09030611716
Copps,2,-1.89405129903,0.467936836972,-1.0242606337
Copps,3,-0.717282372943,0.245368533759,-2.17692761218
Copps,4,-2.46546750161,0.769206283454,-2.94436827787
Fraser,1,-0.16881130533,1.21026057618,-1.44209537149
Fraser,2,-0.741453191129,1.62429270698,-2.17272322683
Taormina,1,-0.37149489828,-0.0140889587263,-2.18766849116
Wellstone,1,-1.75795522426,0.947741394315,-1.64243710762
Wellstone,2,-0.975925050373,2.05308425035,-1.84137558682
Silver,1,1.68973283164,0.450884882115,-1.11306176682
Coale,1,-0.937101344392,0.884495762835,-2.33111111105
Fisher,1,-1.41002585931,0.497121272971,-2.18697209518
Irving,1,-1.76876317976,-0.664011214692,-2.75572690336
Crow,1,-0.99635915692,0.677897072576,-0.163426333861
Crow,2,-1.09201403842,0.499641333375,-0.0380526828959
Crow,3,-0.968996901235,1.16443811803,-1.86800362628
Crow,4,-2.64086249708,1.16727106701,-0.714174652578
Crow,5,-1.88471839399,1.48613383005,-1.5711652601
Crow,6,-2.28873519092,1.45648704754,-1.40371116033
Crow,7,-2.34903519007,1.55106118003,-1.71652642726
Crow,8,-1.99348558654,0.971774115028,-1.40152659245
LaBeouf,1,0.895954912918,0.0920431118576,-2.48416830824
LaBeouf,2,-0.201438418131,1.4394519967,-2.31752862257
Nagashima,1,2.13453961601,-0.730585157939,-2.57232176188
Ishiba,1,2.16558753115,-0.418343359733,-2.64380721971
Guangsheng,1,1.11499365639,-1.09374962065,-1.53809342675
Peres,1,1.16956977293,0.277531685177,-1.36911330445
Peres,2,0.634344351635,1.48378067294,-0.938835354058
Peres,3,0.778979334683,1.87696213955,-0.722947244774
Peres,4,1.29439500159,0.527841899045,-2.29402902373
Peres,5,1.36710752112,1.10093753196,-0.140695366831
Peres,6,-0.00743912742695,0.549408095323,-0.418024474466
Peres,7,0.742569659343,1.93583538186,-2.59397371287
Peres,8,1.02133547976,0.850982882823,-1.95144184723
Katayama,1,1.5364128977,-1.05566788832,-2.04559886313
Suetsugu,1,0.662284746591,-1.17386620339,-1.78678631212
Taniguchi,1,1.46417154454,-1.26962105014,-1.50559233372
Abe,1,1.78011983436,-1.14628725286,-2.21470150809
Amir,Begum,1,-0.800523161994,-0.0197913105529
Jones,1,-2.15871487696,1.26315639522,-1.52280718722
De,1,-1.29470706896,-1.16377246598,-0.540950960412
Johnson,1,-0.122907038163,-2.16202210415,0.222439540075
Stern,1,-0.746762371271,0.100067910196,-1.40800982878
Caesar,1,0.644569451525,1.84450732986,-2.9351754487
Kimmel,1,1.01879453456,0.657418554975,-0.767416298014
Poitier,1,0.690252911127,-1.74620354693,1.69202901251
Weaver,1,-2.31094959144,0.582406706733,-2.10973431138
Calderon,1,-1.29818916999,-1.05918610737,-2.70190573123
Calderon,2,-0.515688462216,0.126152326092,-2.23726452398
Calderon,3,-0.864212330695,-0.0352013690841,-2.54173905921
Calderon,4,-1.29639544769,0.279265056979,-3.57466295078
Shalom,1,1.96361033993,0.289109462584,-1.21436035682
Shalom,2,1.41836101452,-0.0918158735129,-0.783659343586
Shalom,3,0.412400808709,0.500714169928,-1.99924099062
Shalom,4,0.331920154164,-0.222036068877,-1.74159219239
Shalom,5,1.22357649113,0.740496448348,-2.13771694393
Shalom,6,1.89405233534,0.870202317158,-2.34533047591
Farina,Elia,1,-1.58032389981,0.842811906112
Farina,Elia,2,-1.98358989696,0.379466305351
Farina,Elia,3,-1.52290726366,1.39449330187
Cabero,1,-0.446295112179,1.07981673854,-2.09243936019
Berlusconi,1,1.46206376012,1.45958315512,-2.26559613502
Berlusconi,2,1.43176746228,0.576283610838,-1.30926714605
Berlusconi,3,1.12033864273,1.38254111537,-2.06103242288
Berlusconi,4,1.45381138194,-0.00607813598669,-2.692197974
Berlusconi,5,1.90900096935,0.670839855563,-1.97181008029
Berlusconi,6,0.493171959464,0.233059276963,-1.06972551578
Berlusconi,7,1.92148694299,-0.491266313516,-1.64631873187
Berlusconi,8,0.550522491138,0.219060230861,-0.966141120068
Berlusconi,9,1.01082059025,0.403029258034,-1.38380882178
Berlusconi,10,2.0347997721,-0.0521428115861,-0.919555356759
Berlusconi,11,1.20128714846,0.890227992155,-1.68277645616
Berlusconi,12,1.45790475319,-0.204257008101,-2.32895625223
Berlusconi,13,1.46743092047,-0.218521960996,-1.00137589108
Berlusconi,14,1.45724896804,0.274683709608,-0.771602059736
Berlusconi,15,0.0783958971395,0.6609859669,-0.600836476084
Berlusconi,16,0.893490250656,0.837779397071,-0.615076880443
Berlusconi,17,0.766971095056,1.04571012352,-2.48546567705
Berlusconi,18,1.07396940228,1.6014801555,-1.95837475489
Berlusconi,19,1.18118976851,0.452641108471,-2.6415251408
Berlusconi,20,0.8404912868,-0.996173716207,-1.13853891217
Berlusconi,21,0.906904198539,1.01784057893,-2.52856682067
Berlusconi,22,2.22790712686,0.5323603179,-2.94189194196
Berlusconi,23,1.45027529089,1.04971097798,-1.96736807786
Berlusconi,24,2.0009124533,-0.209978047713,-0.461932820756
Berlusconi,25,1.73372049329,0.806936172891,-1.83441431829
Berlusconi,26,1.98050609688,-0.870121678126,-0.0418849839194
Berlusconi,27,0.612880225615,0.725774086748,-0.666370663345
Berlusconi,28,0.990381958069,0.46776897633,-2.08878443374
Berlusconi,29,1.05573628592,-0.495755504978,-0.338255845894
Berlusconi,30,1.16885674848,0.561130962856,-1.22958287766
Berlusconi,31,0.869053629235,0.61453008003,-1.45701091968
Berlusconi,32,1.03762201542,-0.0982475211788,-0.93923038203
Berlusconi,33,1.03767925106,-0.0315877744156,-1.19269856306
Fernandez,1,0.176193798088,-0.384823483404,-1.19232962372
Fernandez,2,2.05751068595,-1.39400325944,0.0965993430532
Hradil,1,-0.934882874474,1.02124531942,-0.644196946303
Chalk,1,0.639354526209,0.818985709709,-2.13781879883
Cowell,1,0.655594185847,1.40181716431,-3.55022596333
Cowell,2,2.78308579865,1.16297837715,-2.34422932574
Larose,1,0.638107952735,1.0620531496,-2.03734847666
Yam,1,1.10598561849,-1.66825563991,-0.767212274606
Yong,1,0.079822716673,-1.27307891409,-0.282028537002
OConnor,1,0.0136254468043,0.0459971007638,-1.71687575084
Klein,1,-2.355519655,-0.138207031979,-1.43200977895
Jayakumar,1,0.840004331999,-0.237037058675,-0.48769236595
Jayakumar,2,2.00944754696,-0.80773733058,1.45830254194
Twu,1,1.95965486297,-0.822320403396,-2.22527431235
Prosser,1,1.55397347763,1.42504047729,-2.52880399226
Milosevic,1,1.87685108307,1.81979292315,-1.51678331772
Milosevic,2,1.40088198703,1.26748202278,-1.55323165023
Milosevic,3,0.631681018958,0.670265785145,-1.83878246446
Milosevic,4,0.655566587947,1.05918039705,-1.13372924592
1,0.306098890104,0.165356474399,-1.93129677669,-2.24802020128
Milos,1,-1.57150295586,-0.0310146237129,-1.60573182714
Dawood,1,0.212099261598,-0.127639327033,-0.891486150889
Abbas,1,2.13623681871,-1.18633087271,-0.705059512075
An,1,0.0337799260539,-0.188791446496,-2.89489349255
Passy,1,1.20146035025,0.298363196366,-1.62850420291
Gandhi,1,0.239111859017,0.525862299648,-2.1209181762
Gandhi,2,0.0768049350136,0.675270391942,-2.19187361874
Gandhi,3,-0.165298547801,1.01073533059,-1.36063877648
Gandhi,4,-0.69717436916,1.2307824735,-3.20348944702
Lopez,1,0.319759776967,0.525887794381,-1.36919822946
Kesselschlager,1,-0.412720478498,1.51153223765,-1.89096645275
Walger,1,-1.1956527438,-0.221182633126,-1.58683990331
Yi,1,0.0987948536461,-1.21405444911,-1.0448254729
Loren,1,-1.57382909716,0.844461460449,-2.30483031557
Loren,2,-1.91110870364,0.33020801987,-0.986345164887
Loren,3,-0.141682848822,1.09555955948,-2.39105174038
Loren,4,-1.25793525355,1.0586992907,-1.609427577
Loren,5,-1.64638824109,1.28211156012,-1.42559393853
Loren,6,-0.328317941116,1.5677182538,-1.39295125714
Loren,7,-2.99377204392,0.988395201256,-2.46024599133
1,-0.313972444187,-2.16220834674,-1.66224298388,-2.07350400446
Ganguly,1,1.29621204945,-0.807225985434,-1.68360406109
Ganguly,2,0.0940769312597,0.548654097601,-0.779363712286
Ganguly,3,1.52673022703,0.192106123617,-1.94077189522
Ganguly,4,1.69405318301,1.42018294447,-1.74876348544
Ganguly,5,0.961694052755,-0.0619279526515,-1.17670259696
Abraham,1,1.830632426,0.440987776103,-2.72028956351
Abraham,2,1.38542059184,0.163172893336,-1.94966545692
Abraham,3,1.46472152238,0.589578388286,-3.0200409729
Abraham,4,1.12987790021,-0.534808615371,-2.74955491063
Abraham,5,0.769706758391,-0.239136445567,-1.96777787818
Abraham,6,0.956941296979,0.148916955212,-2.56056534305
Abraham,7,0.607404259493,-0.334034751381,-2.61511327946
Abraham,8,1.89756294556,-0.263789325061,-2.31990295089
Abraham,9,0.45388395476,0.195988912481,-1.87717958529
Abraham,10,1.35045956333,0.722595662465,-2.33638277427
Abraham,11,1.70089732134,-0.255312932706,-1.35664683463
Abraham,12,0.704525360318,-0.435763968769,-1.71786598214
Abraham,13,1.25657818991,1.3335925916,-1.14090436495
Abraham,14,0.629901028951,-0.0454861951371,-1.1291079797
Abraham,15,1.25097427095,-0.105036660951,-2.46522262783
Abraham,16,0.75865380011,0.452467711912,-2.10847853349
Abraham,17,0.239148471924,1.24737465414,-1.37369596378
Helmick,1,0.122778665773,0.794847457908,-1.78029299196
Jonze,1,0.120104166236,1.32402799362,-2.1349831932
Lee,1,2.07905962613,-2.26800439953,-0.0646018084255
Dales-Schuman,1,-0.0261442405593,0.959592953826,-2.10684914885
Jones,1,1.39284980489,0.222011340703,-1.97383750251
Yamaguchi,1,0.071730987855,0.246522351054,-1.16410313431
Dragila,1,-0.141715777905,0.83650414642,-0.825319771321
Dragila,2,0.611671904433,1.45925598094,-1.71341807928
Nelson,1,-2.24502705849,2.52449624151,-2.25109279921
Heath,1,0.0865705624741,-0.183496039087,-0.780449916546
Heath,2,0.589257097084,-0.81982325706,-1.09990930774
Wawrinka,1,0.915666144195,1.44461152298,-1.85376412016
Kasten,1,0.910769577546,0.956956601529,-2.90247694765
Kroenke,1,1.95440459401,-0.369914457821,-0.184331067388
Ho,1,1.65808786331,-0.33519537436,-2.14226091268
McChrystal,1,1.5045218361,1.93700289638,-2.08869769817
McChrystal,2,0.829498930781,2.01423911131,-1.18426244616
McChrystal,3,1.02025574966,1.71337192048,-1.56678826026
Nelson,1,0.733726964005,-0.713742417746,0.948503095976
Tong,1,1.8200564369,-1.49478681086,-3.2030521009
Tong,2,0.94650002331,-0.837533905989,-2.93461282766
Declerk,1,1.44817239839,1.13062666065,-1.6754483309
Holm,1,0.899873007265,1.56738915911,-2.14240747208
De,Roux,1,-0.901603143645,0.742661817991
Koubek,1,0.356185198295,1.29821532667,-2.02321793435
Accorsi,1,1.3099502153,0.179444377118,-1.59467174352
Accorsi,2,0.95142553898,-0.229353050569,-1.58241572363
Basalini,1,1.83066464203,1.50682529295,-2.86784986571
Gabbana,1,1.98457477385,0.0504178587538,-0.925637424649
Tafrov,1,1.9301246493,1.03679659502,-1.36653094126
Holtz,1,-0.436918071235,-0.488584866011,-2.65704879621
Graf,1,-0.608194956574,0.144785458063,-1.81961656085
Graf,2,0.102171169882,-0.0663028602378,-0.0271689525998
Graf,3,-1.81902357848,1.0621937459,-1.67799232681
Graf,4,-0.64521528356,0.175388302133,-1.53718930841
Graf,5,-0.941270580924,1.11436365485,-2.38930863256
Keitel,1,-1.82742931539,1.32201082266,-2.11046661395
McCartney,1,-2.50470321648,2.08648186098,-1.50608524378
Skarsgard,1,1.06858781688,2.14864761655,-2.90491895588
Skarsgard,2,0.475824580336,1.47568771801,-1.53402973174
Tennant,1,1.36130664369,2.60252649013,-2.24876364813
Hoyer,1,0.41480313546,1.50834897719,-1.59356062368
Demirchian,1,2.62520595152,0.48354342018,-2.17280445631
Eberharter,1,0.226159754595,-0.559383012599,-2.68688990929
Delajoux,1,1.59759502227,-0.0984107419474,-1.77393718576
Rochon,1,0.16785524623,0.0948300132246,-2.60893315862
Rousseau,1,0.728829426151,0.260258450777,-2.25726639983
Cohen,Aloro,1,-0.82585751314,0.212022212981
Moore,1,-2.10479042727,1.0343148735,-2.40787436635
Zimbalist,1,-0.714552029735,1.715105409,-2.37898436612
Ambrose,1,0.953890061031,0.904798530635,-1.37956436795
Ambrose,2,1.42445215966,1.27341939088,-2.12357832192
Arigbabu,1,0.514745589756,-1.53860978869,-1.28915472354
Cooper,1,0.00305029104346,0.90861392988,-1.35952055395
Covey,1,-0.135324854536,1.4717389182,-0.949242633809
Crampton,1,1.79791318897,0.349942008911,-2.16505773442
Daldry,1,1.23029303447,1.2914739539,-1.9789938909
Daldry,2,0.235088701516,1.52312667731,-3.91348977287
Ebberharter,1,1.03760264419,1.01505914793,-1.85070518751
Frears,1,1.4499002533,0.16131442564,-2.37808990982
Friedman,1,-0.272806216662,0.985802569891,-1.2616271321
Friedman,2,0.0857241329951,1.29420606341,-1.83888841642
Funk,1,1.94498961439,-0.438703465724,-4.0099939843
Glassroth,1,1.55089566833,0.0424327575664,-0.75283511206
Joseph,1,0.750322842397,0.250925026201,-2.39944716567
Keener,1,0.945129935471,0.431825097192,-2.30804054581
Oake,1,1.17254508815,-0.307788043212,-1.64755617217
Push,1,2.20179955656,1.04215220441,-1.86876164919
Silas,1,0.588642858969,-1.2785409155,0.592143544347
Swindal,1,0.626986708372,0.721307420254,-3.16654236443
Thompson,1,1.47093369091,-0.857789939693,-1.4892669052
Webster,1,0.590662536633,0.446050295356,-3.02561615385
Hitchcock,1,1.33059930213,1.12971893768,-1.61216953752
Alford,1,1.42176538679,0.0409906313909,-2.01625602746
Allan,1,0.743755284244,1.04721056451,-1.57803964881
Allee,1,1.93116257912,0.780952327202,-1.50303785778
Austin,1,1.09945406237,0.595759629832,-0.891622256641
Avery,1,0.521947423462,0.217563853611,-1.69909773019
Backley,1,1.9508795001,0.637951442293,-1.37397721087
Backley,2,0.912063489945,0.367073022605,-0.822063458209
Ballmer,1,1.16092844994,1.72288554114,-1.2954807261
Ballmer,2,1.65841146253,2.51965041831,-1.3924407107
Ballmer,3,1.55619384643,1.81604824487,-1.21348707967
Blake,1,1.91330620295,1.31140670162,-2.70296677059
Blankenship,1,0.715316459607,0.867041787294,-1.22998631795
Case,1,1.32362001157,2.20157572635,-2.45007527487
Coogan,1,0.00316919872553,-0.369052413449,-0.938818830907
Coterill,1,2.56680755217,1.4088551282,-2.44875295998
Cox,1,0.179719934307,-0.604730031727,-0.774819624592
Cutler,1,0.769473322243,0.220710119555,-1.40350309131
Fehr,1,1.18733137146,1.02473746764,-2.69480139657
Karsay,1,1.11357979615,1.19069330982,-1.31389773393
Kerr,1,0.31222984187,0.723115573111,-2.80285112935
Largent,1,0.865886214542,1.17879912249,-1.61733274914
Lavin,1,0.157150073039,0.0157164014506,-2.83943971378
Lavin,2,1.93453938057,0.0241671037265,-1.77751475375
Lavin,3,1.28851654327,0.806857679223,-1.9565089733
Lavin,4,0.856382649567,0.467168693167,-2.14866416831
Lavin,5,0.797575625681,-0.346238442344,-0.250291093696
Lavin,6,0.427191353082,0.019377320185,-0.915516540858
Lenard,1,0.315911270172,0.0233469688197,-1.43301848026
Mariucci,1,0.641686120589,0.256946823646,-1.68398340197
Mariucci,2,0.984280141954,1.35002910448,-1.77034146217
Mariucci,3,1.3063305379,1.34483709967,-2.26353137711
McManaman,1,0.370537459479,1.37373960105,-2.49159336965
Nash,1,-0.246945025101,1.20854685184,-3.01144039026
Nash,2,1.01819583577,1.14262150767,-2.25956497528
Nash,3,0.647444511463,1.21193278901,-2.78805495831
Nash,4,-0.0221659520065,1.66126152734,-1.5857648287
Nash,5,0.853203248112,0.791591287815,-2.10636967489
Briggs,1,1.81315655279,2.19609287443,-2.53785832313
Craig,1,1.64481160871,1.42751643401,-1.23412732954
Curtis,Chapman,1,-0.129393456556,-0.230343141232
Nesbitt,1,1.37817979519,0.570398209039,-1.15825494889
Feldman,1,1.20573808092,0.509439441958,-1.04850638441
Hatfill,1,1.24668728323,0.851889093927,-1.49208006925
Hatfill,2,2.89333158192,0.310050598597,-1.87024273319
Kinlock,1,0.373564854913,-0.81690595202,1.6510987267
Seagal,1,0.917941145521,0.479706305805,-0.870689572202
Seagal,2,1.75897866717,-0.0401821114611,-1.62978804734
Spielberg,1,1.36138452043,1.5640577662,-1.86586365014
Spielberg,2,0.803923319509,0.522349682219,-0.707402017815
Spielberg,3,0.903487406944,0.548779680889,-1.4151206116
Spielberg,4,1.85013648744,1.80732650882,-2.06769380754
Spielberg,5,0.969940837136,0.564875549121,-1.80781263389
Spielberg,6,2.11996483772,1.73754770337,-2.40560992067
Spielberg,7,0.259625886279,0.162094892138,-0.44543526194
Tyler,1,-0.495816012585,0.228891631669,-0.992079185045
Van,Zandt,1,-0.445266912863,-0.797707623196
Pagliuca,1,0.344755074787,-0.162536911329,-2.23591971563
Park,1,2.33059370077,0.876422432533,-2.17635193251
Park,2,1.48455465688,0.733990014489,-1.47076647138
Patterson,1,0.546682468611,1.62567621239,-2.17137826803
Peace,1,1.68592186269,1.26701850059,-1.06677832982
Phillips,1,0.971124434119,2.26374420806,-1.63565821583
Redgrave,1,0.131884507045,0.309202915255,-0.495453441582
Rush,1,0.858169995374,-0.448269219239,-1.07227935105
Shiver,1,0.407241354086,1.2614207222,-2.86192957486
Spurrier,1,1.25175170673,1.56060583179,-1.31988657074
Spurrier,2,1.58014331779,0.329570239295,-1.08569948744
Stirling,1,0.955042073855,1.81878566179,-1.4331226561
Valentine,1,0.783253978038,0.702925168368,-1.60303869767
Wariner,1,0.59339646203,0.698029047489,-1.71895449576
Waugh,1,0.364346333574,1.69632761251,-1.97808087177
Waugh,2,1.0624648173,0.661052987646,-1.71570659793
Zahn,1,-0.676993273007,0.834549846457,-1.92026460588
Mesic,1,1.98783040164,1.27349319403,-0.542670727047
Channing,1,-1.1642340353,0.522148952261,-2.3597651162
Channing,2,-0.260715900453,0.0169295288306,-1.77184393345
Channing,3,-1.47615100618,0.632704929854,-0.547170978031
Thurmond,1,0.343894975731,1.31186954062,-3.36759402299
Thurmond,2,0.0907522907732,0.503875112807,-2.19066815402
Thurmond,3,1.15156018451,0.664566718878,-0.871349001752
Knoll,1,0.919367671839,0.655089463348,-2.20516899063
Townsend,1,1.09316542052,-0.944412543402,-1.14364600375
Whitman,1,1.64107379973,0.20776419056,-1.91581018643
Grafton,1,-0.939196879533,1.11911810423,-2.28262715645
Guevara,1,-0.69368481619,-0.138518580124,-1.34566990463
Johnston,1,-0.220206915138,0.886526326473,-0.989873529542
Slavec,1,-1.02486022435,0.249741037001,-2.50247605678
Wicks,1,0.361274908635,1.7223177468,-0.167857815168
Wicks,2,-0.941227562491,0.890044593925,-1.55691811169
Chung-won,1,0.85161677602,-0.0565303376158,-2.18795954594
Young-hoon,1,0.471020432415,0.16787814079,-1.40045905399
Chung,Hong,1,0.50252418711,-0.659468453398
Qaboos,1,1.68276390406,-0.594054433899,-1.10348110574
Hong,Choi,1,0.486356713471,-0.146183152134
Myung,Moon,1,-0.353894338698,-0.195422589393
Panitchpakdi,1,1.43738714786,-0.187082936877,-1.18350932271
Sathirathai,1,1.37626027117,-1.60020963046,-2.34441108924
Sathirathai,2,0.545697029826,0.414176994337,-1.7177297846
Ayhan,1,-0.301989097037,0.294688719308,-1.97199527015
Bahadur,Thapa,1,-0.694975108822,-0.723229503706
Collins,1,-0.401533347894,-0.214247689954,-1.10110427837
Collins,2,-1.67497150599,-0.606281971995,-3.10669747487
Sarandon,1,-0.705502427132,0.198317816235,-0.617307557832
Sarandon,2,-0.534459135962,0.901559377118,-2.15049242294
Sarandon,3,-2.30411451141,0.886503306779,-2.53840095244
Sarandon,4,-0.302456206234,1.28394954542,-1.3479564735
Sarandon,5,-2.66731926663,-0.0905714687714,-2.0060154898
Sarandon,6,-0.940823740128,0.576688127993,-2.81144254527
Walvius,1,-2.09952238708,1.74220925269,-1.95461654751
Whelan,1,0.199474191876,0.173924268702,-3.76982412779
Swaraj,1,-0.418768278229,-1.14113793259,-2.48945704488
Castillo,1,-2.95385505064,0.0834348458862,-0.525167419024
Castillo,2,-2.15585860054,0.024579697738,-1.50785101256
Bambang,Yudhoyono,1,-0.40119213755,-0.81733561037
Bambang,Yudhoyono,2,0.21232660943,-1.16448109261
Bambang,Yudhoyono,3,-0.35184322271,-1.04902182133
Bambang,Yudhoyono,4,0.102539909059,-1.4788485163
Fox,1,0.0703785282632,0.793177418445,-2.35201008949
Gaudet,1,-1.09571198761,0.969844147938,-3.85048805423
Gaudet,2,-0.823404898176,1.07584131452,-2.99323517401
Haik,Terrell,1,-0.0512684711551,0.318614908739
Mubarak,1,-1.06887272788,-0.2729266536,-1.69284356858
Somers,1,-1.12318024061,0.73871530054,-1.98300075025
Torrance,1,-0.711207236564,0.849576052423,-2.4611063457
McConnell,Serio,1,-0.101748723981,0.0279352270418
Aage,Jensby,1,-1.18091044355,1.17625578319
Robinson,1,0.562676688885,0.968292750693,-2.98697496779
Goran,Eriksson,1,-2.41042221628,2.02088972012
Ottke,1,0.912310653335,0.525872033012,-1.94887666659
Pesic,1,1.20751501656,0.762637044824,-2.54278693795
Belousova,1,0.616721297715,0.830243627445,-1.69316824663
Koroleva,1,-2.03657573626,2.4265616157,-2.26133144965
Koroleva,2,-1.88684846174,1.42577005319,-3.28553401986
Todorov,1,1.19136008043,0.489562970932,-0.287026254535
Schmid,1,-0.89085875872,1.38568783127,-2.03769594208
Abdul,Rahman,Geelani,1.25146050866,-1.72587879223
Ibrahim,1,2.53143284695,-1.51531628952,-0.943178479273
Stallone,1,1.77411108027,-0.142245605096,-1.71118653407
Stallone,2,1.39551738162,0.556626509639,-2.13893338281
Stallone,3,1.14715642543,0.582506348263,-2.38729883385
Stallone,4,-0.0172220091308,0.443830200706,-2.26679589258
Stallone,5,0.761504987086,0.893868921489,-1.08171882445
Stallone,6,1.89178417125,0.644224452162,-3.07151873964
Stallone,7,-0.171545143861,-0.308915707305,-1.27812889095
Stallone,8,0.575667186619,0.737665224161,-2.88619459923
Stallone,9,0.843253788837,1.14721398249,-1.54428457755
Plachy,1,-0.431737290415,0.139237485842,-0.806859475954
Guillem,1,-1.99682211125,1.29967005755,-2.68699984227
Yu,Chen,1,0.334733700076,-0.613220411922
Vazquez,1,1.34867165145,1.73693306586,-1.65666890557
Baldwin,1,0.671444017097,0.511793311414,-0.471434424229
Turner,1,0.376814814519,2.30616138419,-2.79655975791
Yassin,Ramadan,1,-0.729933597774,-0.554225935396
Yassin,Ramadan,2,-1.6309573249,-0.490263419801
Yassin,Ramadan,3,-1.20391900424,0.17884137412
Yassin,Ramadan,4,-1.32614610951,-0.276628843785
Yassin,Ramadan,5,-0.684775420018,0.130944737146
Yassin,Ramadan,6,-1.91825299202,0.263702881653
Yassin,Ramadan,7,-1.80051629746,-0.0216971353926
Yassin,Ramadan,8,-0.365825112066,-0.221244350443
Yassin,Ramadan,9,-1.14072934932,0.311148875986
Yassin,Ramadan,10,-1.72701934947,-0.328615080261
Yassin,Ramadan,11,-1.28207461294,0.0771597233432
Yassin,Ramadan,12,-0.883631372277,-1.48078629099
Yassin,Ramadan,13,-0.780792229631,-0.267867385735
Yassin,Ramadan,14,-1.67221492445,-0.498995274678
Yassin,Ramadan,15,-1.28845186362,-0.946779777984
Balk,1,-0.551075298539,-0.856572002298,-1.15225023619
Mori,1,1.58590017314,-0.84142345068,-2.35241663056
1,1.63973748962,-1.08636768088,-2.25547601536,-1.72777281893
Sorimachi,1,-0.025083011604,-2.36531246813,-3.13419163812
Sorimachi,2,0.29987445154,-1.60726003016,-1.74163775157
Yamamoto,1,1.00716271374,-1.59164378575,-0.641090875021
Kanzaki,1,1.33810611032,-0.478389628939,-1.76006504322
Fukui,1,1.11495585704,-1.94826924113,-1.55126494834
Hiranuma,1,1.89513593116,-1.16727466979,-1.82649053801
Kitano,1,1.78432203733,-0.867819937205,-0.384280200485
Sato,1,1.69856497885,-1.43616775868,-2.36108421388
Yamasaki,1,2.25704098879,-0.775711828529,-2.05104806
Keenaan,1,1.43489077245,0.0420762942786,-0.833674808262
Imani,1,-0.490394006296,0.483973115167,-2.76346194463
Bratt,1,-2.17063550061,-0.316150222096,-1.80275081549
Soto,1,-1.9306830002,0.107728816533,-1.93887859335
Brooks,1,0.112333480233,-1.05721104825,-0.283350284716
Brooks,2,0.205463837991,-1.21525154461,0.452005179977
Mowry,1,-1.64951106616,0.0911976150233,-1.03249772998
Stokes,1,-0.278202528468,-1.06921246771,-1.50369271144
McLendon,1,0.632626514171,-1.89760675078,1.7871022198
Catchings,1,0.459980472155,-1.00357853491,-0.408669530902
Helm,1,-1.60916380955,1.27387783685,-2.62684778357
Lynn,Michaels,1,-1.2471819775,1.40966278006
Lynn,Michaels,2,-1.77198624201,1.64977433319
Jiaxuan,1,0.063141218434,-0.165201519052,-2.16787870967
Jiaxuan,2,0.0871483079034,0.0825692755013,-1.69114625188
Jiaxuan,3,0.206085909877,-0.485771424321,-1.09599827478
Jiaxuan,4,-0.244967097426,0.367405059368,-2.00808002631
Jiaxuan,5,-0.0788988197857,0.524072994829,-2.20981234609
Jiaxuan,6,0.34377776813,-0.575015602709,-3.22081445856
Jiaxuan,7,0.379019716825,0.679884116475,-1.17166384449
Jiaxuan,8,-0.471764759184,0.00299561381736,-2.22467828331
Jiaxuan,9,0.499340414555,-0.264485973707,-3.31139894976
Jiaxuan,10,0.372478458252,0.107323816276,-0.767455263246
Jiaxuan,11,-0.150398784936,-0.548060089776,-1.64050027536
Riggle,1,-1.99855370761,1.18421763961,-2.27639877447
Holyk,1,-0.593334290328,-0.558527303145,-0.271060992732
Lindenmuth,1,0.0530075794145,1.2242354168,-2.32796908953
Mathlouthi,1,1.18317131641,0.447997604749,-1.53737748856
Dawn,Christensen,1,-1.21740191752,0.20970302668
Reid,1,-1.15394124986,0.628652009988,-2.0311239028
VanDerveer,1,-0.59966090896,0.16290541781,-2.89589704396
Aziz,1,1.24224000055,0.859653772623,-0.100737141438
Aziz,2,0.668512086754,0.633328854399,-0.249050635778
Aziz,3,0.905564443842,-0.192854765163,-0.489001505897
Aziz,4,0.50122788053,0.20947167018,0.348832819706
Aziz,5,1.1227817796,0.421489405006,-1.0578095163
Aziz,6,0.743207112287,0.469852182428,0.124244077598
Papadopoulos,1,1.22752347575,0.291967247928,-1.12651399667
Papadopoulos,2,0.928978054158,0.229873106196,-1.75578550997
Papadopoulos,3,1.30274188827,0.448458817502,-1.5699596469
Gratcheva,1,0.734286031784,-0.0515755249712,-2.30568453242
Kennedy,Schlossberg,1,-1.15740340388,1.21419474236
Panova,1,0.151767993589,1.84250327013,-1.79228950739
Paus,1,-0.0652292316851,-0.745373029378,-1.27406224862
Shchegoleva,1,0.523771011795,0.339925400489,-0.911341599397
Gsell,1,-2.16509163826,1.79701624784,-1.9273414351
Fuji,1,2.08105232342,-1.28072411053,-1.94728762046
Tomashova,1,-0.421901159813,2.18299059479,-1.84812807434
Hidayat,1,1.16312069057,-1.57231862665,-3.29932940112
Hidayat,2,0.92454305309,-0.961999656475,-2.57974511069
Hidayat,3,0.3376008318,-1.3991368843,-2.6982958747
Kiemas,1,0.716999228285,-0.619761661426,-1.07512166484
Smiley,1,0.754758086905,-0.405868638303,0.678566160885
Twellman,1,1.11877786282,-1.2166345192,-0.434381899015
Solomon,1,0.360270557343,-0.207525824614,-1.35835969702
Prince,1,0.146114915412,0.322867607747,-2.58732734199
Abdel,Rahim,1,-0.839033685853,0.123194199459
Boone,Pickens,1,-0.972094090581,0.74355072336
Christopher,1,1.80858819499,0.0474465783531,-1.27572072547
Costa,1,0.920538295556,0.114027057364,-1.59935638257
Kollek,1,0.590907875412,0.740346785628,-1.8411660024
Maher,1,1.89387206332,1.2016656362,-1.89742774377
Maher,2,0.236676854752,0.430720224288,-0.98998832729
Nolan,1,0.798187956813,0.329644874745,-1.47774087528
Turner,1,1.00359889781,2.17895495752,-1.34328148045
Washington,1,1.94909709493,-1.65054312169,1.74862813048
Williams,1,0.706046256675,0.58412806174,-1.74770746637
Newman,1,2.32884328034,-2.22060807098,1.35945895282
Graves,1,-0.898739164007,-1.05509262602,0.369692393403
Heinz,Kerry,1,-1.3271507048,0.963448388531
Williams,1,0.406138131442,-0.69482167045,0.673321509328
Worbis,1,1.13249730799,-0.259839899845,-1.81251992394
Files,1,-0.0587974012224,0.088560600121,-1.16959519865
Garr,1,-1.32352364175,1.1024015089,-1.57916109667
ORourke,1,-0.773223535077,1.31439959026,-1.76621283358
Roed-Larsen,1,0.986781866015,0.450465885978,-0.930331896233
Roed-Larsen,2,0.237439118781,1.07282246575,-1.26454709798
Suggs,1,1.15860618165,-1.33310962713,1.50273588378
Suggs,2,1.07691880571,-2.64506958023,1.11226119407
Kiel,1,0.291101644447,-1.96897795894,1.99439429805
Trammell,1,0.943122679492,-1.39293437382,0.998795466495
Clark,1,-1.48362280174,1.2879282237,-0.934107603745
Bradshaw,1,0.669734358347,1.32870253568,-2.02191908017
Gilliam,1,2.238620746,1.17461732753,-2.51884940107
Hoeppner,1,0.413778733105,0.837165265209,-1.66184900648
Lynn,Barton,1,-1.45437157457,1.23311151721
McAuliffe,1,1.33489570732,0.950530076121,-1.07255738376
McAuliffe,2,1.48291083361,1.63734481838,-2.16992605733
McAuliffe,3,0.42618095156,1.6329407618,-1.15968817985
Semel,1,0.0576762233122,0.758582405344,-1.30633948628
Stotts,1,0.224146119842,0.528017955071,-3.28362956103
Stotts,2,0.543649656775,0.093668282568,-1.79607775403
Masumoto,1,1.07422146757,-1.41523514417,-2.3305314456
Maeda,1,1.48017786376,-0.983310387907,-2.65650297482
Jowell,1,-0.615195483778,0.116667186109,-2.63007760586
Ritter,1,1.89763206795,1.21799923648,-1.40937981956
Mbeki,1,0.626297673908,-0.501868405278,0.157341585662
Mbeki,2,0.433288263241,-1.55213973562,0.819126225759
Mbeki,3,-0.19355550424,-1.29839818809,0.958829356756
Mbeki,4,0.948955850339,-1.11787012924,0.748098879685
Mbeki,5,0.349727767209,-1.21857843862,1.73224205571
Matta,1,0.46656174289,1.3650033706,-1.81213765809
Shinawatra,1,0.464757924932,-0.40623648133,-1.8573064636
Shinawatra,2,1.1280959858,-0.879357617843,-0.805918935321
Shinawatra,3,0.541106752095,-1.00408759857,-0.926457673895
Shinawatra,4,-0.571288588909,-1.70128451542,-3.16140178164
Shinawatra,5,0.339224385336,-1.46352431547,-2.17092934186
Shinawatra,6,0.490919147052,-0.81569469068,-1.86077501048
1,-0.278108580602,-0.621965536457,-1.84929395922,-0.976680386627
Tuvinan,1,0.216083888397,-0.824570021995,-1.23416079261
Angelopoulos,1,1.20984887411,0.980948811447,-1.51483000122
Tweed,Roosevelt,1,-0.508099272912,0.125407487481
Tweed,Roosevelt,2,-0.514575326824,-0.544348426857
Tweed,Roosevelt,3,-0.565707239771,0.0946146730302
Epstein,1,1.74245625429,0.302668745256,-2.01539159401
Epstein,2,1.67908989591,0.626510453857,-1.7689163078
Gattung,1,0.119327383154,0.315974162056,-2.02305238775
May,1,-0.64357706837,1.27119441428,-2.89364181613
May,2,-0.406690149735,0.577865181311,-2.25760114639
May,3,0.636380507303,1.46265730085,-1.58396287433
Falise,1,1.5547744065,1.05806815756,-2.25307356617
Falise,2,0.791048554211,1.16445832462,-2.09153751645
Falise,3,0.849310329384,1.1088123467,-0.738752132396
Mariani,1,1.78072392847,1.51384430147,-2.37566388282
Birmingham,1,0.320034482329,1.41584998806,-0.789269638226
Bjorn,1,1.29424599859,0.814923310495,-1.64042615272
Bjorn,2,1.44554220292,0.743666414262,-0.712186954125
Cloyd,1,0.967263771912,2.25686734386,-0.608353487445
Daily,1,0.198547481567,1.26740041842,-2.12683711454
Day,1,0.51931092007,0.705148821969,-2.13541313901
Enqvist,1,1.61101701411,0.0619151203765,-1.47574466069
Fargo,1,1.74095704259,2.00645685211,-2.24422811704
Fargo,2,1.705435956,2.55932935886,-2.30916894276
Fargo,3,1.77254219242,2.32185346655,-3.18944106013
Fargo,4,1.35347122227,1.48233383061,-2.57606982892
Ferguson,1,1.62434719004,1.27443840952,-1.75899249877
Franklin,1,0.839883542208,1.70836829164,-1.22491316369
Gottschalk,1,-0.338609247134,0.221319913447,-1.93829986268
Haeggstroem,1,-0.0741697950612,0.475588557511,-1.26017765295
Kelly,1,0.787621838783,-0.248270000094,-1.85958090467
Klestil,1,0.787861698491,0.81816987721,-1.112970485
Malchow,1,0.928969123314,0.976509260057,-2.16161477403
Malchow,2,0.909725192138,1.02225834434,-2.20008782485
Manger,1,0.925481353867,-0.00934044894527,-0.752422862434
Mesereau,Jr,1,-0.789321414926,0.718383768929
OBrien,1,1.13918760724,1.8542115865,-2.42482868201
OBrien,2,1.55853311622,2.51448868696,-1.98767861702
OBrien,3,0.841626848512,1.63532825959,-1.63988192508
OBrien,4,0.690221497145,0.950536437449,-1.66051368867
OBrien,5,0.554110881695,1.59356124748,-2.02609139152
OBrien,6,0.507280411383,0.96984534909,-2.65022387244
OBrien,7,0.876695449221,1.37581920233,-1.98600429748
OBrien,8,0.742492066328,1.16079703019,-1.50798003133
OBrien,9,0.825566622081,1.66809278798,-1.60488653387
Rupprath,1,2.1713713588,1.41106540708,-2.15792540558
Rupprath,2,0.244980607702,0.171765809594,-1.88264997898
Rupprath,3,0.967735649951,0.539701079039,-1.33055669485
Scavone,1,1.38651507161,2.08419914941,-3.52435785218
Stewart,1,0.483752884987,0.172161170232,-1.88355928787
Ulrich,1,1.11691050092,1.8935409131,-1.47848145914
Watjen,1,0.537123610034,0.765393958101,-1.37737542312
Weston,1,0.922451564663,1.08985262862,-1.81523336845
Wilkens,1,0.287041295695,2.62529580206,-2.13304643916
Wyman,1,0.411860920926,0.643228977394,-1.66148117872
Wyman,2,0.426201814529,0.327197508399,-0.431434801416
Splitter,1,2.19365715343,0.416144416088,-1.50637171376
Mowry,1,-1.52261650872,-0.760336933703,0.0267445676744
Liang,1,-0.209748939732,-0.916152489865,-2.09705458501
Zhuang,Zhuang,1,1.91449208868,-2.35197530879
Limos,1,-1.32844899963,-0.888902756106,-0.632917008137
Woods,1,1.12687093402,-1.13662448123,0.494935591469
Woods,2,1.22701173855,-2.64548698556,-0.0861509214798
Woods,3,0.974336457339,-1.99755158857,-2.07725537588
Woods,4,1.22984680355,-0.705514773648,-1.37586392889
Woods,5,0.517337243331,-0.393431168404,-0.90952122448
Woods,6,1.14219781864,-1.97841239428,0.227234972936
Woods,7,1.26185250208,-1.39028545753,-0.177448335692
Woods,8,1.43981466825,-1.5267724029,0.206941668096
Woods,9,1.44902449428,-1.83687239939,-0.23761327842
Woods,10,1.69280394652,-1.04246552157,-0.267840893875
Woods,11,0.682662498901,-1.79498701048,-2.55651034243
Woods,12,0.463174544436,0.365775938856,-0.482425346944
Woods,13,0.804335670669,-1.07650711648,-0.0198862931461
Woods,14,0.472716201453,-0.520882426892,0.500862945043
Woods,15,1.35242552075,-1.09566347788,0.485268436507
Woods,16,1.54156351156,-1.14391833573,-0.498880094238
Woods,17,0.50915934925,-1.11922948742,-0.435904440128
Woods,18,0.28463560604,-1.43765801599,-0.903302279751
Woods,19,1.11340819275,-1.15906450873,-0.60822277976
Woods,20,0.655561378753,-2.41847056285,0.922637340698
Woods,21,-0.0943334503707,-1.36696513718,-0.94836332994
Woods,22,0.883799881321,-0.0350154884731,-0.466370379901
Woods,23,0.761981145485,-0.745930327097,-0.160346833847
Allen,1,0.0831783220536,0.539081054898,-1.4738558044
Allen,2,0.533354773789,0.135098806952,-1.27576887513
Allen,3,0.609595062301,0.153188871067,-1.01642397085
Allen,4,-0.00879498209169,0.835935722147,-2.29098093957
Blake,Nelson,1,-1.01787556259,0.888244390674
Silaen,1,1.67827762075,-1.24942482566,-2.04522912837
Chapman,1,0.992344276357,0.678017305983,-1.95322060683
Chapman,2,0.860406907638,-0.0301280663555,-1.00156031057
Conway,1,1.23727532588,1.49532561558,-0.960415312138
Conway,2,1.60785342542,1.69264694897,-2.09509983895
Conway,3,1.31325538082,0.250510854007,-1.35272690653
Curley,1,1.18299697672,0.577702956073,-2.06151238187
Curry,1,0.132690583245,0.808038775639,-1.24555401872
Curry,2,1.86576144066,-0.164201648477,-1.54267092554
Duncan,1,0.779318261056,-0.89769583397,-0.437802537843
Duncan,2,0.62400896597,-0.275066264749,-1.05096080754
Duncan,3,1.03184000855,-0.980651714677,-0.375015560956
Duncan,4,0.748147464843,-0.431912020109,-0.635890716101
Floyd,1,1.05180445493,1.94593145883,-1.4031151755
Floyd,2,0.449976405651,1.51998253226,-1.44664410823
Henman,1,0.42633431771,1.12899679701,-2.66590527544
Henman,2,0.673187406503,1.5174467154,-2.95249669008
Henman,3,0.44733593399,1.85847832619,-1.7368475647
Henman,4,0.422134990918,1.87042767432,-2.45643407797
Henman,5,0.63968338496,1.17265242265,-2.00133732583
Henman,6,1.83417678265,0.818634653993,-2.45996878959
Henman,7,2.27881765523,0.689743304327,-1.6278848557
Henman,8,2.29041120852,0.530654753822,-1.93749768401
Henman,9,1.09539324773,0.0961559071705,-1.45512546656
Henman,10,1.40523073161,1.10928602459,-1.77219902081
Henman,11,1.45067292115,-0.00220869923114,-1.46905727195
Henman,12,0.863828550013,-0.601964764956,-1.03730586105
Henman,13,0.600290088678,0.669166806376,-2.33796893626
Henman,14,0.544488536594,0.912465901319,-1.60366116051
Henman,15,0.782348132261,0.254223630496,-1.5459398591
Henman,16,1.20130405249,0.989525231159,-2.0514037525
Henman,17,0.132631683352,0.567533950424,-2.01454962472
Henman,18,1.56857267278,0.727712860135,-2.07067466916
Henman,19,0.224713014988,0.93695136719,-1.14862075567
Howard,1,1.2210237432,0.457791898138,-1.369609067
Jones,1,2.07342241694,1.04005875918,-0.885310221351
Lobinger,1,1.77273972975,-0.172456518377,-2.11557072892
Lopes,1,1.9978656124,-0.812041666978,-0.604545528805
Matheson,1,1.06311551834,1.5771750922,-2.57635698258
Coughlin,1,1.63564666968,0.920100160711,-2.58188888936
Goebel,1,0.748636981482,1.2177594346,-3.04612657195
McVeigh,1,1.20261639697,1.28328475956,-2.60587566331
Rigas,1,1.84478974465,0.383177353578,-0.444466782044
Wirth,1,1.51912667066,0.75425315865,-1.51498111413
Pawlenty,1,0.509503280767,1.48563291799,-2.41578092767
Robbins,1,1.64903777779,1.12709622081,-2.53833608717
Robbins,2,1.06398121784,0.232716406399,-2.87620372174
Robbins,3,1.61776750917,0.681254572673,-1.73294529806
Robbins,4,0.0814059838323,0.6427959242,-2.17611584843
Robbins,5,1.10941437047,0.818581535012,-1.54793669886
Salmon,1,0.38613759542,0.433949684346,-0.741240431596
Welsh,1,2.20089722257,1.46073491874,-2.32604567075
Andrews,1,-0.967217273889,-0.107979418335,0.182771653378
Brown,1,-1.63103773843,1.2772601018,-3.29708574948
Conner,1,-2.51973872898,1.48394855567,-2.2537685717
Fey,1,0.193659755517,0.0504909249448,-1.30722873913
Pisnik,1,-0.360593111737,1.35773042182,-1.59818451325
Sinatra,1,-1.02259076257,0.149231594136,-2.93913898994
Martinez,1,0.532608757554,0.926414473525,-1.62363451883
Hedren,1,-0.23168279473,1.02532788239,-1.61431873834
Hedren,2,-0.446579208528,1.31003619835,-2.73165819835
Dibaba,1,0.214034075649,-2.33739547536,1.40798824231
Ford,1,1.35837791951,-2.39281572762,0.844857539452
Keith,1,1.29564822434,1.27739973334,-1.52412842875
Pudwill,1,1.07350403006,0.233582209929,-0.572032432317
Haynes,1,-1.55693578417,1.1501498967,-1.03464412949
Haynes,2,0.327407523896,1.21883552508,-1.27489832197
Haynes,3,0.0392699164964,0.892561647623,-2.28238122551
Haynes,4,-0.231026320745,0.444705221635,-1.89083172191
MacCulloch,1,1.02787812351,0.790722413707,-1.2911127368
Parrott,1,0.19537124361,0.557865643198,-1.75392677728
Petit,1,2.08677139667,1.32745140221,-2.3673681141
Reid,1,1.36814677187,-0.0951367846357,-1.73857388251
Robbins,1,1.06623875786,1.59073829924,-2.66611601832
Wike,1,1.39089849721,1.76691024397,-2.59641481242
Amstutz,1,0.761171112444,0.74768245104,-2.08278344147
Enge,1,0.460098300693,0.820517452691,-3.1867825115
Malik,1,0.94249962776,0.239735781338,-1.60782419536
Brady,1,1.39105838323,1.16351475256,-2.48485725454
Brady,2,0.476395459594,0.627579716664,-1.60695131401
Brennan,1,1.13359762554,0.731663466916,-2.9603988339
Christerson,1,1.05189429772,-0.706964590043,-0.800144299753
Coughlin,1,0.968836435678,0.141208074135,-1.32684866491
Coverdale,1,1.61753429193,0.338887790684,-1.26979199373
Coverdale,2,1.7420172672,1.47671664787,-1.8527101001
Craddick,1,0.656774600485,0.341326768435,-1.78002221885
Craddick,2,0.834719962908,0.227418249767,-0.392498370377
Craddick,3,0.795208532655,1.49906973864,-1.49832567277
Craddick,4,1.22686129376,1.60789204999,-2.15056605474
Crean,1,1.24935616695,0.599814374814,-2.34699235416
Crean,2,-0.300314072162,1.26033895216,-1.26331048619
Crean,3,0.589857341582,1.15865061644,-2.78027564707
Crean,4,0.39272117459,2.00703560325,-2.0574655178
Crean,5,0.0519934584382,1.66993654431,-2.58370317042
Cruise,1,0.678105613137,0.792890701674,-1.75755714495
Cruise,2,-0.295136822606,-0.0804690306432,-1.43869551012
Cruise,3,0.573795575484,0.500106424388,-1.81347832456
Cruise,4,0.0416397138295,-0.496333945295,-1.36615292401
Cruise,5,-1.49605668467,1.09091411446,-1.60362088452
Cruise,6,0.0399014435712,0.896889816909,-1.70450883198
Cruise,7,-0.293631144718,2.04022473656,-2.3647596285
Cruise,8,1.10699372319,-0.190512676888,-0.633030693803
Cruise,9,0.0532002539252,0.373796911145,-0.293055887338
Cruise,10,0.798980724368,1.63432480659,-1.59361484786
Curley,1,1.15876992437,0.290595460587,-1.76347337774
Daschle,1,1.90544304164,0.664400001095,-0.528911097291
Daschle,2,0.908280062669,1.58956895925,-1.9395373058
Daschle,3,0.965923253299,1.96906946723,-1.97268213999
Daschle,4,1.8303340195,1.30622317121,-0.357628974427
Daschle,5,1.96955203821,1.18849479519,-1.30415149452
Daschle,6,1.68597129576,1.37728866676,-0.474549422668
Daschle,7,0.93839410318,1.89819348624,-1.06517170765
Daschle,8,1.56649510479,1.51671444584,-1.14086298311
Daschle,9,1.70024234415,0.549557022864,-1.38065688195
Daschle,10,1.32622151997,0.759336523542,-0.967570282026
Daschle,11,1.30582822611,1.56236426858,-0.868726612313
Daschle,12,2.3194193411,0.980853279554,-1.36513618002
Daschle,13,1.10578795449,1.47497324165,-1.40900189536
Daschle,14,2.07088983651,1.40422096094,-1.79179380264
Daschle,15,1.75164695013,1.37010715097,-2.09289660934
Daschle,16,1.11303280582,1.61989512256,-2.19657643138
Daschle,17,1.36423400487,1.89449297202,-1.17469111373
Daschle,18,0.519575143005,1.65933265667,-2.62486662579
Daschle,19,2.38652141523,1.80980360253,-1.49770449942
Daschle,20,1.09316648056,1.54741699386,-2.33710926144
Daschle,22,-0.0797819187348,0.578490393252,0.388501206367
Daschle,23,1.07622943514,1.22874014553,-1.11571581666
Daschle,24,1.307453269,0.781046887695,-0.0369270745263
Daschle,25,2.08729636182,0.390068719349,-0.711574310975
DeLay,1,1.07305561781,0.961626748985,-2.33341185255
Foy,1,1.22021922094,1.17380985835,-1.76360867555
Gamboa,1,1.50666270268,0.557988356497,-0.858659098092
Glavine,1,0.333678257542,-0.29194618219,-2.5205400318
Glavine,2,-0.623021910155,-0.50777068355,-0.503742838483
Hanks,1,1.76562911375,1.18833598672,-2.93146872732
Hanks,2,1.05770552637,1.05634937616,-2.61398595486
Hanks,3,0.750631836859,1.99210654291,-2.37434047719
Hanks,4,1.72768562626,1.11659026466,-2.03562817436
Hanks,5,1.86409060378,1.21609735539,-2.67322720359
Hanks,6,0.976831021204,0.911014522081,-2.39298440304
Hanks,7,1.49160056986,1.16607415917,-2.57866682465
Hanks,8,1.52206578542,0.592146523884,-2.32125369048
Hanks,9,0.882100743008,1.12375678902,-3.03870499384
Hanks,10,2.54438149034,0.4807536161,-2.13959897662
Hanusik,1,1.07017292319,2.21431890723,-2.39445345073
Harkin,1,0.274806895771,0.284806338268,-0.905082327193
Harkin,2,0.588369913772,1.00708088721,-0.89671333313
Harkin,3,0.907320915751,0.600027037799,-1.4220073893
Harkin,4,0.203534235611,0.510486357832,-2.82779390322
Harkin,5,1.24453292265,1.61190926491,-1.83504316207
Izzo,1,0.976261770184,0.758053093782,-1.71436666271
Jones,1,0.145953783421,0.296804734582,-0.635421130048
Jones,2,1.43111387018,0.213491790522,-1.8505758994
Kelly,1,1.17886687878,1.03975559043,-1.60076021594
Koenigs,1,1.19154024711,0.73751066013,-2.19508309822
Lantos,1,0.83775402254,0.852764654741,-0.948566542405
McClintock,1,1.82884737389,1.37667118478,-0.718647657018
Miller,1,1.12119886283,1.89426252765,-2.13027476318
Moss,1,1.03177441092,0.555302262022,-1.24152875965
Amaker,1,0.65655413081,-0.359325141138,-0.654087666644
Franks,1,0.835929640353,0.469466807747,-2.75379869013
Franks,2,1.6648175559,-1.09806998363,0.271605928479
Franks,3,0.345941954914,0.714835007165,-2.24618682452
Franks,4,0.245626482803,0.222566701142,-2.81984677286
Franks,5,0.844231922222,0.141962976485,-2.08056252909
Franks,6,1.2342061019,0.943897714658,-2.03062274986
Franks,7,1.05465924233,1.4869311541,-1.80425743095
Franks,8,1.10633695461,1.2465634006,-2.75054004245
Franks,9,1.29860885594,0.445588095773,-1.58771006321
Franks,10,0.705486084344,1.49124401883,-1.30531696585
Franks,11,0.582749503583,1.46502175651,-1.72502786437
Franks,12,0.615287286074,1.21789401432,-1.69345338972
Franks,13,1.0732740329,1.29213848479,-2.04582736671
Franks,14,1.61895931065,0.636779342251,-0.715508907765
Franks,15,0.0836059020954,1.2535478627,-1.95012862297
Franks,16,0.824821656062,1.59865778557,-2.49416940123
Haas,1,0.599234382068,1.06470894165,-2.78556624537
Haas,2,0.920037582482,1.47551922552,-1.91487374713
Haas,3,0.890590232496,-0.0439313966481,-1.05300472656
Haas,4,1.14827601732,0.798526961669,-2.38633611015
Haas,5,1.47544681373,0.89117289922,-0.972049402363
Haas,6,1.67280996614,0.191140572129,-1.8561473213
Lasorda,1,-0.10594668678,1.03767387797,-1.39433409874
Lewis,1,0.632932836145,-0.832715269682,-0.521789519165
Maddox,1,0.382215155496,0.421148908207,-0.519007783693
Robredo,1,0.181119359276,-0.45098792366,-2.07565156135
Robredo,2,0.532650375568,1.3411252161,-1.77974695023
Robredo,3,1.2027050414,1.42478991076,-2.56460524615
Shane,Steiner,1,-0.0964558113131,0.312471157481
Thompson,1,1.30686278554,0.449044630883,-1.87990937351
Thompson,2,1.48633033685,1.4263562132,-2.23166358865
Thompson,3,1.08339346893,1.62200592845,-2.95526045349
Thompson,4,1.52347284493,1.45020692876,-2.2825112458
Thompson,5,1.36859172321,0.635122320876,-2.20793754352
Thompson,6,1.0873386487,1.3494273384,-2.25201224893
Thompson,7,0.932825059006,1.18442379001,-2.39265551329
Thompson,8,0.764307397714,1.84014615177,-2.2464143647
Thompson,9,1.41077836766,1.47376839,-2.59658583533
Thompson,10,1.4324821543,0.915348563665,-1.13788380336
Tubberville,1,1.57500748144,0.218088365833,-2.5381819003
OBrien,1,0.697280136651,1.71484070179,-2.03314222556
Hagiwara,1,-1.07395202684,-1.2745456715,-3.2847301265
Hagiwara,2,0.647072846431,-0.962091267731,-3.57759416879
Morita,1,1.36826289529,-1.832023395,-1.67268725611
Osborne,1,1.27420380112,0.767739575366,-2.28221389132
Poston,1,0.338882909463,0.788352725667,-2.00749103335
Reilly,1,0.608374694312,1.4394017518,-1.45992317867
Reilly,2,1.13253560841,1.14041539291,-1.38227110896
Reilly,3,1.40454959974,1.09388247618,-1.17442721446
Ridge,1,1.42460483203,0.895029728223,-1.79350765253
Ridge,2,2.40877703966,0.731775621935,-3.05631453781
Ridge,3,0.876279138295,0.641367830801,-0.509491234191
Ridge,4,1.59058039277,0.806590006858,-1.37418922066
Ridge,5,1.70045688341,1.64849112604,-2.05020734127
Ridge,6,1.93595669287,0.681917052743,-0.764409185636
Ridge,7,1.92952514878,0.936373718612,-1.23565189192
Ridge,8,1.8264730509,1.78459724053,-1.92712244443
Ridge,9,1.1535021201,1.00806350525,-2.67730675095
Ridge,10,1.7798547862,0.562606828253,-2.26322554453
Ridge,11,1.68360475898,1.21222690845,-1.10545585124
Ridge,12,1.10276348159,0.494193846585,-1.9332772257
Ridge,13,1.45864566717,1.62457378643,-2.17578792005
Ridge,14,2.1015766063,1.92151775298,-2.15414400731
Ridge,15,1.29564301853,1.76732816701,-1.96900279838
Ridge,16,2.1125883743,1.67183153581,-2.17809173582
Ridge,17,2.06587791371,1.16107592336,-2.38663627632
Ridge,18,2.43562403118,0.61572629297,-2.09744318994
Ridge,19,1.36791621238,0.614502791659,-0.829893727012
Ridge,20,1.58272338968,1.4390490315,-1.64594599267
Ridge,21,1.83393592386,0.418663471333,-2.47261453784
Ridge,22,1.29623803794,0.684463151604,-0.970526016964
Ridge,23,1.04084360223,1.02500548934,-2.50664100786
Ridge,24,1.8331035056,0.435848721721,-1.48340350322
Ridge,25,1.77485651937,0.500245406874,-2.11741969369
Ridge,26,1.48705849524,0.374088968581,-2.2631230039
Ridge,27,1.76032468837,0.742396668577,-1.72494184922
Ridge,28,1.69761111252,1.10509349265,-2.14413584028
Ridge,29,0.984982009325,-0.337891721437,-2.51078107439
Ridge,30,2.01886753828,0.986195224355,-2.15644724467
Ridge,31,1.5895759477,0.212593194287,-0.961885872686
Ridge,32,1.66850505392,-0.0677505042786,-2.10974058495
Ridge,33,1.68537622571,0.236566831376,-3.223382955
Rouen,1,2.11052497383,1.36183209856,-1.20070620698
Schnackenberg,1,0.861881136063,0.168031969604,-1.34038412163
Scully,1,0.854176445952,0.9767757379,-1.28950932344
Sizemore,1,0.872864422748,0.498578340545,-1.36008604018
Smothers,1,1.38557382556,0.297244973197,-1.90249277125
Tunney,1,1.25948078777,1.29590560841,-1.95440680701
Vilsack,1,1.27285359205,0.864369428091,-0.869692688086
Watson,1,0.918216741753,-0.592911415951,-0.861053540225
Watson,2,0.188427453974,-0.142999418846,-1.76661632179
Watson,3,0.86115556756,0.359666017557,-1.34320128072
Welch,1,1.46764974665,1.06709458361,-1.92598009792
1,-0.12321102354,0.595148409783,-1.01306023297,-1.8269261185
Braxton,1,-1.30405708499,-0.267045573854,-0.340562060744
Braxton,2,-2.07495852829,-1.15713791228,0.771221618937
Braxton,3,-0.819610818349,-0.444874161448,-0.725944288517
Jennings,1,-0.414722833376,1.52003779013,-2.41606335538
Guerra,1,2.51402969341,1.34296328677,-1.89675281059
Suratman,1,1.00272232812,-0.629371435708,-0.748766591848
Payne,1,-0.787028943874,0.433665860185,-1.41708421921
Bennett,1,1.11709253852,0.236962604359,-1.43034974237
Bennett,2,1.03104951244,0.84861108607,-1.36147180872
Bennett,3,1.62881477463,0.50459475448,-1.41071426869
Bennett,4,0.703766495705,0.489328726042,-0.992948642693
Blair,1,2.08297337292,0.630274293191,0.00675919941012
Blair,2,1.03284050615,0.191100654209,-1.16799730682
Blair,3,1.33158908987,0.390031641093,-2.15052110312
Blair,4,2.21733022692,1.73512714023,-2.94935476297
Blair,5,1.92719079015,-0.0213260306314,-1.59616844056
Blair,6,1.40575080356,1.71090651942,-2.05681310953
Blair,7,1.95332300316,2.42943175626,-2.05363666371
Blair,8,2.15579921592,0.212858046341,-1.56079938842
Blair,9,1.646245989,1.41161705075,-1.60294233329
Blair,10,1.2648784661,1.20499031364,-2.0113271953
Blair,11,2.82944669938,1.48044579978,-0.664195965769
Blair,12,1.14920069646,1.79534029556,-2.36658433447
Blair,13,1.70962145822,0.689088113982,-2.02436041747
Blair,14,1.75726642132,2.08321010366,-0.793443821483
Blair,15,0.828984089419,1.31127046353,-1.60982676304
Blair,16,2.72431021284,1.59127611052,-1.33175768981
Blair,17,2.23568336416,1.12229460917,-1.88962225912
Blair,18,1.52168897887,0.328962805614,-2.08617083299
Blair,19,1.54148245801,1.32981337096,-1.8436655356
Blair,20,1.78197891743,1.21385433421,-1.48215959254
Blair,21,2.03468550655,1.15536370511,-1.63951378197
Blair,22,1.97074965139,1.65367173939,-2.53107197875
Blair,23,1.18950125052,1.85420475342,-3.06396370241
Blair,24,2.18027194142,1.66212427896,-2.2265524638
Blair,25,1.65526956321,0.600377206385,-2.26217897592
Blair,26,1.5380698023,1.88633692437,-1.8611947027
Blair,27,2.11968129942,1.64432046741,-1.26312524797
Blair,28,1.93602503736,1.2284188414,-1.44161856724
Blair,29,0.672523033593,1.49117639187,-3.09375503446
Blair,30,1.30648307703,0.840067979545,-1.48974998053
Blair,31,1.59012589409,1.70129449426,-1.33927314264
Blair,32,1.33556461208,1.10078785655,-0.86310168886
Blair,33,0.929209837378,1.54407788383,-2.31350766169
Blair,34,1.51480582306,1.0563737025,-1.3375527443
Blair,35,1.68306953037,1.04425870426,-2.45420742277
Blair,36,0.858014293494,1.09230161544,-1.10469845246
Blair,37,1.75307291001,2.11258570813,-1.33179245303
Blair,38,1.00954629652,0.189998867172,-2.16598964572
Blair,39,1.67412640988,1.86513140353,-1.86192985168
Blair,40,1.11774644456,0.980199835215,-2.5572061046
Blair,41,1.51910272996,1.15432413582,-1.429945657
Blair,42,1.45066424871,1.88529336656,-1.33159941893
Blair,43,1.95983912621,1.63170042805,-3.00036102917
Blair,44,0.372769981073,1.06609048788,-2.31263533368
Blair,45,0.483618144118,-0.0551065139175,-1.63189660128
Blair,46,1.20682036144,0.415539842024,-1.96355248124
Blair,47,1.57351526238,1.56964494422,-2.34155872665
Blair,48,2.25998162511,1.79338229748,-1.66851991543
Blair,49,1.69763724965,2.09596526596,-1.84268190664
Blair,50,1.16334467119,1.82768736568,-1.65707568047
Blair,51,0.168163781801,1.43513970144,-2.23128491993
Blair,52,1.07420203327,0.469813861683,-1.99617555368
Blair,53,1.49193976536,1.45751695418,-1.31795409383
Blair,54,1.84366294828,1.38938298153,-1.75203156816
Blair,55,2.36599893395,1.40499346329,-1.87483278454
Blair,56,1.80036189045,1.80911700591,-2.2846935662
Blair,57,2.17374385997,1.08017251046,-1.78733692247
Blair,58,1.15112310053,0.732176438778,-1.54132691546
Blair,59,1.74783721126,0.928144836555,-1.49975316498
Blair,60,1.67194923013,0.935021298093,-1.35526207181
Blair,61,1.61430699897,2.13637634284,-1.58490716515
Blair,62,2.34594874259,1.67379817099,-1.51602478807
Blair,63,1.17519115601,0.989242383566,-1.59624546894
Blair,64,1.42097995406,0.766972486536,-1.21970209743
Blair,65,1.66578519512,1.26954959769,-1.12646427175
Blair,66,1.05928794816,1.77716608579,-1.66850796521
Blair,67,1.34672551073,1.34591531679,-2.0371541613
Blair,68,2.01880169269,1.669386247,-2.08062127625
Blair,69,1.10632882517,1.70726666582,-0.725469551227
Blair,70,1.13186875853,0.878135117207,-1.59406346713
Blair,71,0.858106418361,0.656450224682,-1.49283595848
Blair,72,0.656672985846,0.852428761745,-0.720702189914
Blair,73,2.19300759114,1.4352749378,-1.83578622238
Blair,74,2.56869610919,1.23012947694,-1.8165443043
Blair,75,1.38450315224,0.52587442795,-0.90493914563
Blair,76,0.919312868949,2.37928268558,-2.33121460457
Blair,77,2.964571176,0.684082783541,-2.27592847629
Blair,78,1.02787687081,0.490536982201,-1.14234629467
Blair,79,2.40396887676,1.15604914051,-2.36382237917
Blair,80,2.20949292901,1.05580983396,-0.885648877355
Blair,81,1.98611185139,1.24186298566,-1.08966377951
Blair,82,1.53091737775,1.41325129298,-1.90164810788
Blair,83,2.37397250954,1.01124511999,-2.18735783113
Blair,84,2.15602094416,1.70513307916,-2.60129122549
Blair,85,1.84765383836,1.20690633666,-1.72304688549
Blair,86,0.995484727054,1.85551160579,-3.24834301624
Blair,87,1.68541954209,0.836287178519,-2.22931202062
Blair,88,1.43644365889,0.829709090207,-2.76491979824
Blair,89,1.5473346998,2.15345130669,-2.89690112931
Blair,90,0.838820944988,-0.114487853121,-1.9896093357
Blair,91,1.33981394809,0.18267561535,-1.29560488973
Blair,92,1.74110778601,1.78904463372,-1.39129437182
Blair,93,1.00127390267,0.243098805888,-1.29834639932
Blair,94,1.78657871288,1.29220744608,-1.4348437525
Blair,95,0.239250160431,1.04376299501,-1.52284404264
Blair,96,1.88899548296,1.18730732433,-1.84396869013
Blair,97,1.24016853816,1.64802762111,-3.10822648365
Blair,98,1.21895005959,0.136389310205,-0.966112746589
Blair,99,1.46707420187,1.37666096823,-1.27373839633
Blair,100,0.597944664661,0.705178092038,-1.08901046441
Blair,101,1.3164901858,1.37806841995,-1.59131599449
Blair,102,2.35503552433,1.89628149216,-0.932839453323
Blair,103,1.87852607231,1.08572289221,-0.54842009754
Blair,104,1.74564203025,1.25765047579,-3.13380274035
Blair,105,1.00869490763,1.2232967251,-2.12604504333
Blair,106,1.19674755007,2.55130568769,-2.17732770487
Blair,107,2.09136978502,1.03719900861,-1.26014006429
Blair,108,1.38875156085,0.243452107544,-2.2434294804
Blair,109,2.0691966919,1.45479127041,-0.672509793201
Blair,110,0.706083914505,0.481415583928,-2.38118455687
Blair,111,1.30380565196,0.904098774724,-1.95684861637
Blair,112,2.19627823726,1.51505037819,-2.33794618492
Blair,113,2.56513846953,1.65553300819,-1.82399930089
Blair,114,1.98028329534,1.45162670292,-2.67170865278
Blair,115,1.46268174858,0.977315720456,-1.11252615335
Blair,116,1.34945850648,1.66688476012,-2.03120006137
Blair,117,1.22649880889,1.06936141953,-2.01257495742
Blair,118,1.86788388152,1.5748106544,-2.01411749171
Blair,119,1.18442184085,0.537762169044,-2.82411624026
Blair,120,1.0702280477,0.905790308092,-1.40524416071
Blair,121,1.56190254829,1.31529861206,-0.687920383716
Blair,122,1.59569137368,0.682512589872,-1.37659374245
Blair,123,2.21433740547,1.14461613316,-0.190476318061
Blair,124,1.09169959528,1.51555309089,-2.24023267745
Blair,125,0.542753895145,0.849943505043,-0.463335304714
Blair,126,1.06635922275,0.637562762397,0.126233907025
Blair,127,1.54937466163,1.1256729061,-2.10694117076
Blair,128,1.44167930687,1.07620793177,-3.08316997248
Blair,129,1.18822202376,0.391912214589,-1.02322225332
Blair,130,1.56878169508,1.33446745817,-1.40246461337
Blair,131,0.199319928577,0.922285405875,-1.7215257452
Blair,132,1.44976549579,0.82452635751,-1.35039606677
Blair,133,2.3990598108,0.96050791489,-1.42986865833
Blair,134,1.044851476,-0.204963796124,-0.388985002464
Blair,135,1.19317754129,0.908069800773,-0.612499350972
Blair,136,0.818724021723,2.02372788071,-1.92574530776
Blair,137,1.57480553564,0.965018409068,-1.57846445548
Blair,138,0.981230881871,0.733720102496,-1.79249869488
Blair,139,1.81546259207,1.99298823641,-2.4176186678
Blair,140,1.24959543193,1.27800976058,-2.50073536528
Blair,141,1.95494933519,1.51911448574,-1.88720680259
Blair,142,1.58496241171,-0.0756726700121,-1.3698798626
Blair,143,1.82621628746,1.2331655528,-1.9903723707
Blair,144,2.1621639821,1.2291763239,-1.71584065796
Clement,1,1.54032975799,-1.36955177817,-2.83894979526
Cummo,1,0.172921583663,1.05744454076,-1.47708712862
Curtis,1,0.380518565515,0.622657309683,-1.67021444615
Curtis,2,0.0398461411347,1.00348661285,-3.20018953287
Elias,1,0.497390869786,1.54864375374,-2.26613865819
Fernandes,1,1.18077058949,-1.19935264554,-1.14296064225
LaRussa,1,1.12426471863,0.420705774806,-1.48802837127
Parker,1,1.86903267226,-0.56619800755,-0.42435411727
Parker,2,0.463267142324,-0.394458351573,-1.24273034044
Shalhoub,1,1.62058256529,1.01297602192,-1.94669850494
Shalhoub,2,1.7248391625,0.594564829256,-1.52626432502
Shalhoub,3,1.03529905181,0.186668974425,-1.77652966698
Shalhoub,4,0.697908165648,1.11346134942,-1.37241842639
Stewart,1,1.77976965194,0.649202962021,-1.91085629537
Stewart,2,0.903984690593,1.16240397565,-2.26142580089
Stewart,3,0.237050919906,-0.418839810797,-1.87422011595
Stewart,4,1.04396494458,0.476142607243,-0.640210136516
Stewart,5,1.86552187392,0.631763660598,-2.17889399909
Stewart,6,-0.339860834147,1.1511817262,-2.30713250322
Takagi,1,1.56227164053,-0.520630451923,-1.80449795533
Amos,1,-2.02850748592,1.65804907945,-2.55176278302
Edwards,1,0.219138024052,-1.91261828756,1.64291206916
Edwards,2,-0.136792079601,-1.46113177416,1.10235503318
Fukui,1,0.825485221109,-0.968288611541,-1.63827355596
Fukui,2,1.71171786134,-1.0810341826,-1.26541222168
Fukui,3,1.34585197535,-0.891657340322,-0.688803938382
Izawa,1,0.664600675875,-0.677426287667,-0.473932644582
Motegi,1,0.288612059362,-1.44264329943,-1.94822815951
Kefu,1,0.49345715958,-1.35695917832,-1.30125154139
Ellis,Ross,1,-1.55088472405,-0.861447432775
Ellis,Ross,2,-1.40901274675,-1.27202570207
Treadwell,1,0.0212145757082,2.60592428289,-3.08374748811
McGrady,1,1.32052418138,-1.65518093738,1.59182537091
McGrady,2,-0.0663347170771,0.383250271313,-1.44200611654
Wyle,1,-2.12991456701,1.04182559671,-1.37930921282
Rudolph,1,0.636571115121,0.0839588326566,-1.71026740983
Lott,1,0.361466487555,1.40429686475,-0.930218102034
Lott,2,0.566259270843,0.67981943855,-0.26351608519
Lott,3,1.42419249189,1.07635735402,-0.52422539443
Lott,4,0.864938720501,0.72942161176,-0.524202817644
Lott,5,1.55660916749,0.903819311997,-0.430845005218
Lott,6,0.711401746204,0.691546878683,-1.56254161434
Lott,7,0.961649666988,1.32241486218,-2.1699144394
Lott,8,0.898928478573,2.11811031204,-1.0626907463
Lott,9,1.02860237373,0.935503166559,-1.41925797074
Lott,10,1.51157311248,1.33981520178,-1.37878136775
Lott,11,1.45298442662,0.740118483544,-1.15245918464
Lott,12,1.39299331188,0.215149587022,-0.724624613552
Lott,13,1.55209958964,0.499605255701,-1.94130825182
Lott,14,0.644476758577,1.40578689806,-1.1193900819
Lott,15,1.03932246678,1.09040810243,-2.66113326533
Lott,16,0.973546989778,-0.067836297777,-0.981381274424
McDonald,1,0.187989796255,-1.53365148923,0.444699862694
Watson,1,0.932116804051,-0.182392224378,-0.550205414739
Meili,1,-1.84455679089,1.1653782708,-1.49861039323
Gretzky,1,-0.208713901461,1.27201508663,-1.40135408947
Rehn,1,-2.24639239054,1.3873174349,-1.21309728189
Aikman,1,-0.181652320719,-0.266315797513,-1.10250977846
Garity,1,0.86500364389,0.143235726509,-2.46553904616
Hudson,1,0.353601049319,-0.897688946189,0.230202305325
Jenkins,1,2.61193637303,0.0906136228787,-1.34637114635
Polamalu,1,0.884690475868,-0.277749351245,-0.00448896392452
Lacey,1,-1.06855443092,-1.06964199177,-2.33969881609
Takebe,1,1.31748821177,-0.451332610798,-2.2352908362
Takebe,2,1.6429555784,-0.50031399962,-1.26810931697
Smith,1,1.02774116603,-0.230309153073,-0.561145156924
Smith,2,1.44158171788,-0.795094295799,-0.777401072928
Smith,3,0.858442582004,-0.90969044727,-0.958209333507
Sanli,1,1.32599220457,0.130006235583,0.0817993998953
Chee-hwa,2,-0.0547847674423,-0.459924528157,-2.1074432887
Chee-hwa,3,0.722422445948,0.144249001013,-0.737867502078
Chee-hwa,4,-0.149998409258,0.301202468574,-1.43011453744
Chee-hwa,5,0.779680995718,-0.320995974942,-1.96246868524
Chee-hwa,6,1.02796119677,0.231503754853,-1.50421741508
Chee-hwa,7,0.458015765343,-0.43663567293,-1.1311508551
Chee-hwa,8,0.250342116683,-0.455173392167,-1.17479770177
Chee-hwa,9,0.590078451564,-0.734306090207,-1.35112811338
Gill,1,-0.834023260109,-1.39428800142,0.717706149873
Stevenson,1,0.953639396287,0.354963478695,-3.01949648993
Grillo,1,-0.251100452589,0.271703184773,-1.61632842392
Hamilton,1,0.345055985681,0.360286478888,-0.923327790511
Hamilton,2,0.283120939636,-0.666466726475,-0.108629506331
Banks,1,-0.155797799179,-0.600605171541,0.118366594533
Banks,2,-1.30758875431,-0.109305864511,0.578524503226
Medley,1,0.42433363151,0.421832216582,-2.2235066529
Garner,1,0.879134790135,-0.92389256922,-0.986146064904
Garner,2,-0.441284116555,-1.614372596,-0.246883969225
Votaw,1,0.525394512989,0.533492585773,-2.16733416061
Obziler,1,-0.34712250215,0.635513034857,-2.60505193254
Hussein,1,1.57247589523,-0.356241688129,-0.837362397891
Kueperkoch,1,1.59770510203,0.974010600094,-1.93738268702
Thurman,1,-0.689349157713,0.951091251069,-2.04593842988
Thurman,2,-1.55034648081,2.1517373409,-2.85793964776
Thurman,3,-1.56687858307,1.82464763324,-2.21162874695
Lopolianski,1,1.2529238474,0.582602266107,-1.09361989732
Matondkar,1,-1.09619526154,-0.279247780101,-2.19775268564
Pimchaichon,1,2.54385225842,-0.124160719413,-1.10372666974
Even,1,1.68947119953,0.871536080271,-1.08532103698
Landau,1,0.907268339377,1.07002259593,-2.64626550193
Havel,1,0.527197193909,0.561652887474,-1.23723354546
Havel,2,1.67004491246,0.470935838125,-1.90500378307
Havel,3,1.83691092118,0.936550163868,-2.49127424693
Havel,4,1.14679067256,1.36886299989,-1.86636423188
Havel,5,0.850129947916,0.82342553334,-0.856124456367
Havel,6,1.18791495085,1.07271719518,-1.19028589081
Havel,7,1.36469747658,1.59957361083,-2.63180695104
Havel,8,1.6937499835,1.26034146068,-2.79997029079
Havel,9,0.858313721226,1.56648130267,-1.18263081992
Klaus,1,1.1519608963,1.35678710355,-1.28396996285
Klaus,2,1.55657987146,2.13843270052,-1.77537762882
Devyatovskiy,1,0.784529865903,1.53852569523,-3.01929440595
Strogalev,1,1.08774474313,0.77009128427,-2.36888362138
Alekperov,1,0.947689941127,0.564527567691,-2.46466117556
Ackerman,1,-1.65019736544,1.02530594646,-2.24634363186
Adamkus,1,1.73233640734,1.18713003734,-0.584078521619
Adamkus,2,0.965980804773,0.906528496319,-2.16284032168
Cervi,1,-1.68731620754,1.67657336396,-2.64151118594
Tereshkova,1,-0.739504961829,2.97000175318,-3.2470024133
Rossi,1,0.078352954238,0.0547107155235,-1.83621313175
Rossi,2,0.911069054843,-0.852095035,-1.54636845445
Rossi,3,0.837043911568,-0.742027795234,-0.825843237549
Rossi,4,0.332258407464,0.0584657309679,-1.66659091152
Rossi,5,-0.454970254882,-0.24923361466,-0.721549950742
Rossi,6,-0.240880895588,-0.226039905473,-1.99612230168
Bure,1,-0.106139723284,0.806017652969,-2.14815189371
Harper,1,-1.24184186369,0.51276672952,-1.18216823405
Harper,2,-1.05820092791,0.360340404268,-1.36518290079
Thwaites,1,-0.48468643974,1.43817338271,-1.73160957107
Giscard,dEstaing,1,-1.01112669611,0.630672697855
Giscard,dEstaing,2,-1.60871584526,0.472974825715
Giscard,dEstaing,3,-0.150969283331,-0.0491342899334
Giscard,dEstaing,4,-0.567475570839,0.374357028617
Giscard,dEstaing,5,-0.440055422984,-0.0575930003736
Giscard,dEstaing,6,-0.504328420459,-0.191999525001
Brabazon,1,0.49544989753,0.0842530375652,-1.29740948558
Incontrada,1,-2.63652462889,1.89220412178,-0.147493109291
Incontrada,2,-2.04925633,0.546106874247,0.519116841492
Incontrada,3,-2.0477020687,1.81921960953,-0.910834785194
Incontrada,4,-2.16956245796,0.616127164721,-1.94542074621
Laine,1,-1.16393507301,0.330561899068,-3.04418920392
Redgrave,1,-2.21668717609,1.06060648383,-2.73444160399
Redgrave,2,-0.0206179750657,1.46259731564,-1.48887667739
Redgrave,3,-1.07929545805,1.08323266313,-1.83069970842
Redgrave,4,-0.778763957745,1.73906811086,-1.97421130102
Redgrave,5,-1.45495559717,1.49080957731,-2.4935401306
Williams,1,-2.9543369712,0.227899256107,-0.978256141617
Williams,2,-1.94348108758,0.405246707103,-1.20043874465
Williams,3,-2.67607562783,1.05134535074,-2.25695217287
Hilley,1,1.47589093309,0.866286430248,-1.05362676836
Xiros,1,1.86456957017,0.364526478252,-2.22968406736
Williams,1,-0.115416626823,-1.6277229961,0.766201185158
Williams,2,0.575546908013,-2.52186706784,1.0871464089
Williams,3,0.198351155685,-0.738481956002,0.658807388807
Williams,4,-0.300220423771,-1.39537600402,0.466431496359
Williams,5,0.180748414195,-1.93147720567,1.12485042808
Williams,6,0.391422573319,-1.60502035023,0.918694392514
Williams,7,0.0178868099098,-1.81536790403,0.0611722160895
Williams,8,0.016446764006,-1.69954222842,0.98057730094
Williams,9,-0.0769611525842,-1.90421124074,0.533118950301
Williams,10,0.423332646386,-0.592996097614,-0.418936130296
Williams,11,0.594606278165,-0.503273433425,0.210884310377
Williams,12,0.558796276793,-1.37914020774,0.676567633999
Williams,13,0.529489117321,-1.98001834334,0.959747896967
Williams,14,-0.48542116788,-1.3361182669,1.06665318963
Williams,15,0.259165781858,-1.63071560013,0.309048156357
Williams,16,0.262648169689,-1.38853450942,0.861114209354
Williams,17,-1.31908638623,-0.741628269104,1.65177464353
Forrest,1,0.96354350121,-0.749106762143,0.939649091996
Lake,1,-1.23045865533,1.38339137882,-1.77587286719
Vike-Freiberga,1,-0.402260662389,1.50407729196,-2.46791629555
Fernandez,1,0.612619712949,-0.008270367829,-0.739151452289
Fernandez,2,0.687568493347,0.374763659565,-1.5341719516
Fernandez,3,1.19860502779,-0.298331126073,-1.22067285427
Fernandez,4,0.828466575868,0.363437631113,-1.62629873429
Fernandez,5,0.86822909414,0.717512391083,-1.14664412172
Fox,de,la,1.0,1.29503482258
Fox,1,2.59893532481,0.461885453797,-1.51579702728
Fox,2,1.34814330967,0.694979242763,-2.46825401538
Fox,3,1.61377137492,1.33079163392,-1.99771612836
Fox,4,2.34724931274,1.45315830167,-1.73141408085
Fox,5,1.38835083909,0.435214214599,-2.07558632341
Fox,6,2.14080457624,0.728863028147,-1.26314478757
Fox,7,1.09689689116,0.684765682313,-2.41504330606
Fox,8,1.68148301769,1.17046342486,-1.85789834235
Fox,9,1.41051079044,0.5319899992,-2.67337005919
Fox,10,2.21593534259,0.63569667707,-1.63607306961
Fox,12,2.1517765558,0.218942529573,-3.43908936396
Fox,13,0.358667540462,0.632205300695,-2.93145962514
Fox,14,1.71530316823,1.33066432025,-1.1234608668
Fox,15,0.382882865941,0.432635030535,-2.1896261206
Fox,16,2.15534358564,0.496297753859,-1.83136157047
Fox,17,1.86682957487,0.921304336415,-1.7334596042
Fox,18,1.44808447403,0.28260548308,-1.20653180855
Fox,19,0.935627895598,0.342776164214,-1.52569413556
Fox,20,1.74860069788,0.486182192121,-2.55880279768
Fox,21,2.10643115785,0.662194857531,-2.10501046992
Fox,22,3.09140022539,0.0966020363669,-0.602511360685
Fox,23,2.4003573692,0.178468096066,-1.1237774765
Fox,24,2.88169262685,0.852941438273,-2.46406414197
Fox,25,1.18575954725,0.734334226649,-2.06970735539
Fox,26,1.42266906651,0.971358768843,-2.13306373238
Fox,27,0.369117366128,0.98866976653,-2.38976656221
Fox,28,1.69584474045,0.780919958516,-1.4837279065
Fox,29,1.64185388763,0.540480038994,-1.33241554524
Fox,30,1.11631794435,0.946057879114,-1.929481128
Fox,31,2.28814795558,0.37461484124,-1.13902925408
Fox,32,1.26747814957,-0.0124043362909,-1.68051641373
Zhao,Wei,1,1.19993399412,-1.20483879585
Zhao,Wei,2,0.28787868134,-1.68806309279
Garber,1,0.788309548444,1.16176926373,-2.45613277862
Hanescu,1,1.4051882678,-0.642216222551,-1.42739368881
Beckham,1,-1.00876472689,0.821477920755,-0.495973486963
Beckham,2,-0.762874920103,2.03219915673,-2.89765467291
Beckham,3,-0.200500536557,0.721350377775,-3.62455951736
Clarke,1,0.250434157398,0.139752414693,-0.578027597547
Clarke,2,0.251032020754,1.26957716646,-1.99044112303
Clarke,3,-0.663868533005,0.933874135444,-1.99957049774
Clarke,4,0.15558133266,1.53840459333,-2.39960591291
Clarke,5,0.469540273712,0.878803921703,-1.80144694402
Kraatz,1,1.42636437035,-0.0268770487357,-1.86928730924
Helgesen,1,1.14685402332,1.77191310264,-2.5451759303
Helgesen,2,0.535940918032,1.59461917664,-2.4227025374
Nambiar,1,2.26468426646,-0.209277325993,-1.51391765649
Yushchenko,1,2.04113310207,1.31420253675,-3.02298512173
Carter,1,0.312842820544,-1.67775920964,0.186494418634
Carter,2,0.564451071045,-0.943163888904,0.106850719143
Carter,3,0.40848315555,-1.06208037418,-0.0862185158523
Carter,4,0.759815837248,-0.729818497286,-0.179548010117
Dooley,1,1.08001746674,1.56814441413,-1.81018416372
Gill,1,1.44064032862,1.686227349,-1.98151185156
Gill,2,1.29291861092,0.866264467424,-1.57362836063
Brooks,1,0.824225854549,-0.406882714118,-0.278836442388
Brooks,2,1.07802016962,-1.20282796315,-0.529058031798
Brooks,3,1.10126094507,-0.220618587136,-0.835524453316
Brooks,4,1.11591825227,-0.00802681829809,-0.264918076963
Brooks,5,1.24087082676,-0.185612241848,-1.16812960032
Brooks,6,1.11256280557,-0.243413970876,-0.334396686789
Brooks,7,1.82855923528,-1.23727715915,0.858033187696
Cianci,Jr,1,-1.34923375383,0.343758955067
Gallo,1,-0.744514691562,0.503767628502,-2.02816834472
Gallo,2,0.262805694346,0.338071586148,-1.65559839675
Gallo,3,-0.223576867995,0.556839864011,-2.56972827566
Sombrotto,1,0.845692419031,1.43585340422,-1.45011674218
Spadea,1,1.6893491484,1.20929485399,-1.75821897825
Vaughan,1,1.69102299882,1.03950964207,-1.69131349109
Diesel,1,1.66935700355,0.468827171319,-1.65171758038
Diesel,2,1.10834378073,0.942672917287,-0.952744286388
Jones,1,2.10228005477,0.859495276059,-1.54866630738
Davis,1,-0.0111118682579,-2.14384333489,1.37144070504
Ruano,Pascal,1,-1.39882424476,1.27906676254
Klitschko,1,2.48593586986,2.64564128326,-2.63848256541
Klitschko,2,1.94365164502,1.22820106488,-1.53201480059
Klitschko,3,0.898819657722,1.31911997372,-1.31046980619
Klitschko,4,0.712648134561,1.80223187383,-2.41088228716
Fox,1,-1.46650080208,-1.03061087407,0.857642204236
Fox,2,-1.2574431745,-1.29164096787,0.517880283818
Golovlyov,1,1.59021638601,1.84015924152,-2.53932146519
Meciar,1,1.86044878149,1.21633895705,-2.1504720471
Montesinos,1,1.33278110473,-0.786810055346,-1.74087737252
Montesinos,2,0.628896340382,1.20193517568,-1.12366845052
Montesinos,3,0.968695184895,0.96766639412,-1.83699769372
Putin,1,1.45572664544,0.848852766298,-1.86892811946
Putin,2,1.32938279189,0.920899176838,-0.884854497609
Putin,3,1.73368166555,0.850553278871,-1.46007496314
Putin,4,1.31015888826,1.28866889109,-0.715538777699
Putin,5,2.02214976134,1.57712192237,-2.24628088038
Putin,6,0.927349777155,0.959939470382,-1.70267735147
Putin,7,0.224203670629,0.616210982274,-2.29154171834
Putin,8,1.29979015048,0.385228702258,-1.53612054223
Putin,9,0.970190305513,1.67014297579,-2.05122956741
Putin,10,1.80296612948,-0.0352711501652,-2.00354962999
Putin,11,1.41694711521,0.648039871606,-1.21047121297
Putin,12,1.52582201456,0.858441167259,-3.29015610575
Putin,13,1.74316210666,1.07417759145,-2.53777131897
Putin,14,2.19284349874,0.660895727715,-1.92281672148
Putin,15,0.721421157238,0.453226961972,-1.25941181425
Putin,16,1.33731615095,0.885591321706,-1.46856850072
Putin,17,1.14962883515,1.15588921839,-0.675828662148
Putin,18,1.27415366061,0.750418809034,-0.00998412608421
Putin,19,0.421315900746,0.939194213588,-1.08127387092
Putin,20,1.03452355187,0.645148625476,-1.70016207371
Putin,21,0.924093776498,0.285344275467,-1.29085118592
Putin,22,1.20710778244,0.774456166473,-1.00084816371
Putin,23,0.642898168055,0.735579568717,-1.42824067845
Putin,24,0.955395756176,0.423219419536,-1.31592593177
Putin,25,1.52731748445,0.464050038151,-0.661917056262
Putin,26,1.5227734039,-0.727892385488,0.354245767071
Putin,27,1.15619817442,0.0715653593062,-2.06230701195
Putin,28,0.817706604955,0.967339918204,-2.28455197491
Putin,29,0.849862743414,1.54508677422,-1.59072954432
Putin,30,1.19061243991,0.53188355137,-1.1139472249
Putin,31,0.110249532781,-0.527255161971,-1.90655635686
Putin,32,1.36262238229,0.575012929213,-2.75670229692
Putin,33,1.04033182023,0.870927087918,-0.721219436482
Putin,34,1.26961236814,1.13614462047,-1.84072663829
Putin,35,1.2152548372,1.32805028121,-2.68904686446
Putin,36,0.81150700667,1.10147642488,-1.80740310503
Putin,37,0.852949358616,0.470933232219,-0.626228500261
Putin,38,1.87910416543,0.776066910244,-1.8435241501
Putin,39,1.48730752846,0.863734459426,-1.64056522797
Putin,40,0.374922245339,0.693853778842,-0.728223026996
Putin,41,1.80768342649,2.00613798622,-1.57748626009
Putin,42,1.87615488173,0.556695652702,-1.23233181614
Putin,43,1.06060583499,0.463477567957,-1.39558565057
Putin,44,0.928802675663,-0.0733749389539,-0.946002296485
Putin,45,1.35469508304,1.34557353391,-1.94069095806
Putin,46,1.20872464416,0.534706008434,-1.94203673458
Putin,47,1.226443694,2.13634715962,-1.53059053151
Putin,49,1.39419566078,2.01868388675,-2.13919808898
Spidla,1,0.881117400358,0.988978574387,-1.37623544209
Spidla,2,0.920789103168,1.228818973,-1.81125250305
Spidla,3,1.11287272501,0.875289562737,-1.2796076657
Ustinov,1,0.690025455031,1.67655628589,-1.8826362608
Voltchkov,1,2.0981718115,0.928672868903,-2.57012572057
Voltchkov,2,1.5906286635,0.280813008662,-1.08475539033
Kostunica,1,1.8523421857,0.0231951292455,-1.8169648368
Kostunica,2,0.734582578764,1.74187749411,-1.08661393144
Kostunica,3,0.791658090427,1.36072471515,-2.40193157921
Kostunica,4,1.05681182004,-0.083136544632,0.113745769991
Kostunica,5,1.1224062013,0.8073944049,-1.19117441212
Kostunica,6,1.65241342941,0.534129128343,-1.44977300087
Kostunica,7,1.95702743331,-0.0140093199468,-0.18339908572
Seselj,1,0.0466243569963,1.44961710755,-2.17244051175
Fetisov,1,2.11897645941,0.976793736805,-1.54445378268
Danelius,1,1.56403836374,0.888910817051,-1.83916431335
Al-Awadi,1,2.59658003366,0.947650353697,-2.3677672424
Capel,1,2.07020600559,-0.197830578616,-2.2237980794
Szczerbiak,1,1.29776705262,-0.279552888889,-1.5203252581
Annenberg,1,0.69382559287,1.02228824382,-1.15767649281
Mondale,1,0.991899098482,1.87936153943,-2.05283061143
Mondale,2,-0.00759422792136,0.0761474160372,-1.02283582794
Mondale,3,-0.143262173457,0.732975257711,-2.43436323635
Mondale,4,1.11624249453,0.0219880535777,-2.30914279321
Mondale,5,0.763814886147,0.326048849402,-2.39493222618
Mondale,6,0.30559020663,0.517571930406,-1.18343811676
Mondale,7,0.0401455030089,0.930652367101,-1.93424700842
Mondale,8,1.28078464417,1.77725289499,-2.07537966129
Mondale,9,-0.257183118007,1.42385642904,-2.6489687726
Mondale,10,1.18108726137,0.276485255475,-2.24029046592
Woods,1,2.20844915968,1.38299168407,-2.26596676204
Harris,1,2.40377045861,1.28751247551,-2.09336757434
de,la,Jesus,-1.39793238918,-0.885968041525
Ilene,Barzee,1,-1.36539992705,0.690310727313
Fei,1,0.555271626227,-1.14590665323,-2.0673559526
Hailan,1,-0.871171432894,-1.17170021019,-1.20683966601
Nan,1,0.698496363567,-1.71543617076,-1.98772910219
Yingfan,1,0.76338571171,-0.823399682365,-0.890427596668
Yingfan,2,0.544001797853,-0.754371044096,-2.71673004526
Yingfan,3,0.405403950177,-0.520605431848,-1.32445819076
Yi,1,1.81927604895,-1.00361457456,-2.25058866248
Yi,2,1.08482107011,-1.43735908798,-2.16567280864
Yanhai,1,1.35322952811,-0.640637527515,-2.67351231786
Cuff,1,1.33415128095,1.32602531941,-1.36490840324
Beatty,1,0.891842394153,1.05609469247,-1.8844935037
Beatty,2,0.119722106515,2.08965342014,-1.81738393367
Buffett,1,1.12816299771,1.17948397443,-1.64458926534
Buffett,2,0.814302984012,0.866795805964,-0.448767276848
Buffett,3,0.849788710113,0.947929653865,-0.449766641443
Granados,1,0.160958348308,0.109289307479,-0.618637720379
Truss,1,1.28215519854,1.00067122227,-2.14282927378
Allard,1,0.342149269982,1.11530456141,-0.757422111612
Brady,1,1.77133736756,-1.31434642293,-1.23982454379
Ferreira,1,1.73606255658,-0.0732975092386,-0.647901088991
Ferreira,2,1.34190048951,0.118968413498,-1.75056087123
Ferreira,3,1.40991911388,0.163466411918,-0.872528126018
Ferreira,4,0.806672101124,0.263352280652,-1.93400933763
Ferreira,5,1.02309193216,0.298809896911,-1.37394645506
Gretzky,1,1.32920550946,1.94740505498,-2.55233711582
Gretzky,2,0.123215196186,1.46839711353,-1.31910927251
Gretzky,3,0.107773241032,1.4253660074,-2.69652364455
Gretzky,4,0.446342298687,0.411967838192,-1.60110914316
Newton,1,-0.12919616116,0.380648000865,-2.73655129414
Wu,1,-2.16451305561,-1.11133728444,-1.92773582323
Bryant,1,0.271576214211,-1.77609457555,1.14507362269
Kennedy,1,-1.23339575684,-0.419731579124,-1.22492028725
Selig,1,-0.813142474583,1.10031830043,-2.56736309574
Ho,Lee,1,-0.574499828453,-0.237121594798
Jiabao,1,0.832532710971,0.0657450506048,-3.00969341352
Jiabao,2,1.222060408,-0.355751575335,-3.00536579931
Jiabao,3,0.648027173694,-0.650985817279,-1.97579332877
Jiabao,4,1.11871908743,-0.227309520923,-2.09534391473
Jiabao,5,0.659939936131,-0.17021502313,-2.29632593118
Jiabao,6,0.981313085428,-0.794793260713,-0.584604312699
Jiabao,7,1.15999002713,-0.588209799759,-2.20505129919
Jiabao,8,0.404331100672,-0.406958022498,-1.72350308383
Jiabao,9,0.92693484408,0.0378389075693,-2.46629395483
Jiabao,10,0.625687357468,-1.45446349753,-2.77102669019
Jiabao,11,0.660285811337,-0.580020367644,-1.77001670204
Jiabao,12,0.926994297555,-0.500565533427,-2.68141527379
Jiabao,13,0.902596077172,-1.07250559375,-2.25995947042
Schlager,1,0.590897809322,0.896059480287,-1.81786734053
Craven,1,0.319350550951,1.32465393352,-1.31759775475
Clark,1,1.40244532703,0.774549909902,-2.04820983435
Clark,2,1.00316181677,0.66768967452,-2.31277054604
Elki,Meza,Majino,0.162189022698,-1.2502355908
Foy,1,1.41808180021,-0.0475593232267,-3.31778131133
Moreno,1,0.997237562818,-0.313511193619,-1.10241293035
Ferrell,1,0.47790712665,1.24640891732,-0.688206871924
Bratton,1,1.50427638233,1.13731020633,-2.36032859958
Bratton,2,0.978588811726,2.05742303503,-2.49827934507
Bratton,3,1.50254871354,0.565920198058,-1.63055847302
Bulger,1,0.534128960854,1.48483618958,-1.98902120638
Bulger,2,0.801118550812,1.14625722137,-2.52472477391
Bulger,3,-0.197942633183,0.971895193501,-1.864479535
Bulger,4,1.67717832293,0.642352407603,-1.63575642006
Burns,1,1.35660002005,-0.243393510497,-1.27832601082
Burns,2,1.50547158699,0.799455764686,-1.43675148179
Cocksedge,1,1.37997669088,1.10719917184,-1.70306841044
Delahunt,1,1.25835663864,2.35318881085,-2.31146590045
Donaldson,1,0.779142388843,0.174838838939,-0.90998322784
Donaldson,2,0.303998767297,1.03517555897,-1.65563919336
Donaldson,3,1.85109477499,0.619001213432,-0.599720108414
Donaldson,4,0.899215005851,-0.119651607359,-1.45575829861
Donaldson,5,-0.391046059205,0.889332833716,-0.551677613953
Donaldson,6,0.186165833614,0.695057321087,-1.27310481061
Donaldson,7,0.492220322664,1.12766986891,-2.01413680582
Ford,Jr,1,-1.27907996734,1.30153721933
Ford,Jr,2,-0.694516896215,0.304395207883
Ford,Jr,3,-0.957064770472,0.651541682988
Ford,Jr,4,-1.86089591359,1.6098852294
Ford,Jr,5,-1.61274360198,1.09506052653
Ford,Jr,6,-1.21015478566,0.2434391759
Ford,Jr,7,-2.27005261136,1.51252136749
Genego,1,1.41793654752,0.65717408057,-0.769998076273
Harrison,1,1.13058336896,-0.98759810955,0.0135291319011
Hochul,1,0.994269079327,1.25317433924,-2.74869279927
Hochul,2,1.61498001314,0.684825233609,-1.76240952669
Hurt,1,-0.0116166602446,1.23599167359,-1.8491526021
Hyde,1,1.96125640365,0.490882915304,-2.88431513854
Jackson,1,0.871127869359,0.989764681882,-0.581269411887
Joppy,1,0.747253759877,-1.09397299227,-1.52105598343
Macy,1,1.51529517714,1.98220185615,-2.04937574343
Macy,2,0.520790693175,-0.188234668627,-2.72899916109
Macy,3,0.603133289018,1.10030328418,-2.64181365322
Macy,4,0.688804817075,1.64951451792,-1.52456047166
Macy,5,1.07910363084,0.890895955206,-1.30102008795
Martin,1,1.43580968044,1.16125325578,-2.17121126101
Martin,2,1.81453861552,0.816408128846,-1.17443523749
McDonough,1,-0.311809201993,1.5969182067,-2.09466435822
Morrow,1,0.964022590577,2.05660191526,-2.46679811861
Murabito,1,1.76255622241,0.257762977065,-2.30343750834
Nessen,1,0.922495508021,0.0677246385297,-0.82773336815
Overlin,1,1.82603359164,0.99386707137,-2.69223389735
Perry,1,1.33905073324,0.785830414825,-2.76079337916
Pryor,Jr,1,-0.904510360011,0.151891426149
Ragland,1,1.41464211145,-0.9812523912,-0.118633580435
Rehnquist,1,1.05515988417,0.805303061339,-3.00392316111
Rehnquist,2,0.710437702535,0.225305774027,-1.7183968084
Rosenberg,1,0.246815534052,1.68912692973,-3.09238235174
Shatner,1,0.972654824864,0.863674106636,-2.35866830109
Swor,1,2.18482029097,0.970758284012,-0.720827798328
Umbach,1,2.15416173187,1.49327993856,-2.64384423534
Webster,1,0.923297680535,0.727121861532,-1.96060335508
Nelson,1,-0.169275228914,1.91693174781,-1.76974496445
Wilson,1,2.23608414989,-1.66461430155,0.666522247617
Roberts,1,1.5374323011,-0.766615339536,-0.336103589911
Ofenheusle,1,0.541146475144,0.508968024315,-1.80020018378
Self,1,1.74880500611,0.785409884789,-2.08268489221
Smith,1,1.00243940265,-0.666451662526,-0.491017399052
Young,1,-0.103851606406,-0.279189731471,-1.18169441842
McNabb,1,-0.214924465863,-1.06105530041,0.525417650367
Alvarez,1,0.582788690448,-0.775620782347,-0.347668661478
Gregory,1,1.47684414607,-1.40002861071,-0.419746955051
Duisenberg,1,1.03369867576,2.49521983677,-1.08519370416
Aung,1,0.764087544027,-1.60743784593,-1.98103898224
Aung,2,-0.0178110169941,0.0121303646153,-1.00963960461
Aung,3,2.10793672847,0.360035819165,-1.27929933207
Aung,4,1.3241386605,0.0150746759358,-1.54087708921
Ryder,1,-0.793975844703,-0.114977730704,-1.8012939352
Ryder,2,-1.92039257468,1.0359108282,-2.98227067488
Ryder,3,-0.216211714515,0.819686133614,-1.33639213143
Ryder,4,-1.86213766748,-0.0616566674816,-2.83439312095
Ryder,5,-1.01333617916,1.3568740934,-2.09122230935
Ryder,6,-1.47462360093,0.529283762517,-2.3782435855
Ryder,7,-0.685718139891,1.63224970024,-2.5671442119
Ryder,8,0.261388636279,1.13542439548,-2.69782217142
Ryder,9,-1.34328623842,1.31093421307,-2.90610287093
Ryder,10,-0.922987853786,0.35538365794,-2.03398585685
Ryder,11,-1.0591773233,1.67013434335,-3.12309742721
Ryder,12,-0.550955497012,0.890337455531,-2.60014051843
Ryder,13,-1.47053035216,1.58465471701,-2.33960501667
Ryder,14,-0.214675470266,1.28376196241,-2.5209604171
Ryder,15,-1.74463460865,1.24569214272,-2.01633962096
Ryder,16,-1.10278474097,1.11312151518,-1.80924374861
Ryder,17,-1.8158902207,0.825231694056,-1.67024262549
Ryder,18,-0.942891127917,1.88641653209,-2.44910689315
Ryder,19,-1.04497215382,1.45324590099,-1.95801353387
Ryder,20,-1.82654739887,0.879039918782,-2.11138058295
Ryder,21,-0.758994502507,0.685228468466,-2.05895806601
Ryder,22,-1.40203945275,1.08014180754,-1.23205359192
Ryder,23,-0.989323209841,1.50458756952,-1.20106982313
Ryder,24,-1.69038572684,1.78032209157,-2.22880041874
Churchill,1,0.588770355236,0.63792377983,-2.06658107973
Becker,1,0.460683169246,0.844734293496,-1.92729337585
Clement,1,1.11142589701,1.1440635562,-1.70803819817
Schneiderhan,1,0.169098333332,0.697386835998,-2.36779563156
Schuessel,1,0.637792204881,0.802347847256,-2.40718753505
Schuessel,2,1.2320103559,1.11601147303,-1.99095473264
Schuessel,3,0.532819236953,0.482370290581,-1.83472122452
Schuessel,4,0.649037033508,1.07083777478,-0.773628349788
Schwarz,1,0.546438382693,0.589698351784,-1.31759555904
Stanley,1,1.82407961952,-1.94975625626,0.487394256181
Allen,1,-0.319690049518,0.227380351748,-0.935502772931
Allen,2,1.05639971912,0.291486350087,-0.563695143377
Allen,3,0.777422743012,0.377464259549,-1.32806524984
Allen,4,0.524395296067,-0.16849744131,-0.991680420407
Allen,5,0.520748465709,0.394370372649,-0.345714260795
Peng,1,1.13026696307,-0.54787179233,-1.33184572161
Yi,1,-0.763653986282,-0.248104347185,-2.25370167651
Yi,2,0.254821919836,-0.10588607891,-1.08836028387
Yi,3,-0.909221639941,0.342036941384,-2.16908197895
Grousbeck,1,1.14644735953,1.15658998938,-1.61835663101
Gusmao,1,1.38322395789,-0.483435106697,-1.35803263188
Gusmao,2,1.35054732812,-0.295760358122,-1.379293476
Gusmao,3,1.26602715057,-0.829426300386,-0.822981795328
Gusmao,4,1.57635366378,-0.683601461652,-1.9356264409
Gusmao,5,0.677976382759,1.12011196305,-1.55160838524
Malisse,1,1.31978078393,1.30536423332,-2.08170429156
Malisse,2,1.67508865686,1.37987268769,-1.53600177462
Malisse,3,1.11138083384,-0.167495092299,-0.541561118486
Malisse,4,1.3044208451,0.957388491424,-1.28873579105
Malisse,5,1.46787311311,1.53838419547,-1.63907344627
Huaicheng,1,0.887716502479,-1.32392365103,-2.58086122646
Liu,1,1.11295874275,-1.94726130358,-2.71269349809
Xu,1,0.888978187587,-1.48340430115,-2.17499000097
Bohorquez,1,-1.89166457719,-0.442649351278,-2.72008020067
Kamisar,1,-0.178990571816,-0.55250534553,-0.785018364759
Klochkova,1,0.580317088796,0.702298683694,-2.34296736332
Hee,Kim,1,1.35365012762,-1.64492353169
Jianli,1,0.944112592543,-1.29831101416,-2.40396444386
Pao-yu,1,-1.7518488188,-0.90468922016,-2.73139642422
Martel,1,1.07907238203,0.906436354496,-2.08249769654
Martel,2,0.968406564936,0.663748106144,-0.649524049993
Papantoniou,1,2.08855378271,0.676900606482,-1.10238490521
Ming,1,1.71575594291,-0.690765281467,-1.39568332155
Ming,2,2.03420886301,-1.31895038137,-1.47799509469
Ming,3,2.59476396885,-0.571323926832,-2.99615202011
Ming,4,2.03029420564,-0.341234951918,-2.06252763528
Ming,5,2.39952704305,-1.16062632285,-3.38325046072
Ming,6,2.09504470253,-0.795338724536,-2.41098564146
Ming,7,3.03250286168,-1.45637117928,-2.45515623772
Ming,8,2.10373094999,-0.821683530185,-2.597143677
Yakis,1,0.170736053634,0.796052355538,-1.49414359769
Yakis,2,0.439265130974,0.634140980382,-0.437505559477
Yakis,3,-0.036583058003,1.14469288519,-0.891416761665
Yakis,4,1.30264035195,1.31443843763,-1.2075825843
Taher,1,0.762641852198,-1.2763920738,-1.96982382957
Sinha,1,1.09024962808,0.148424397088,-0.259446936045
Sinha,2,1.22012064767,0.251090523947,-0.743068633262
Sinha,3,1.76160551527,-0.623370288901,-1.96338892989
Sinha,4,1.92432946645,-0.265641151615,-0.220112210671
Sinha,5,1.08427064273,-0.745817201578,-1.74895726371
Sinha,6,0.753417834448,-0.200118408784,-0.635760663716
Sinha,7,1.65280919906,-0.38333471353,-1.56061980922
Arafat,1,0.78714858299,0.570406096042,-2.51368854013
Arafat,2,0.167708302626,0.750964560504,-2.12102077101
Arafat,3,0.482113526183,0.662817630541,-2.22399953348
Arafat,4,1.13916584173,-0.383603625077,-1.23944251179
Arafat,5,-0.0281825530473,-0.255084602585,-1.06977385416
Arafat,6,-0.236149367052,-0.862716224571,-0.774654977453
Arafat,7,0.0443544273344,-0.104799453717,-1.6556640868
Arafat,8,0.875041442553,0.0419373598533,-1.52629422696
Akashi,1,0.894417345989,0.236942263401,-2.34938028439
Guseva,1,-1.52267857934,1.23497496923,-1.50719745014
Kafelnikov,1,1.12703810833,0.941990374454,-1.68817812403
Kafelnikov,2,0.816619451741,0.415021349275,-1.76160654164
Kafelnikov,3,0.685112531964,0.710804477745,-1.8361857918
Kafelnikov,4,1.37260966004,1.5459449995,-2.14228391518
Wang,1,2.59303437707,-1.55471861685,0.0118004207697
Zhang,1,0.543404350239,-1.48492094361,-1.05105652527
Quesada,1,1.24039032256,-1.31488021368,0.377383742085
Berra,1,1.07742563529,0.27573790515,-1.79892662547
Ono,1,-0.110654719666,-0.779153824696,-1.85428133194
Ono,2,-0.446876478531,-0.569960378689,-1.71815263656
Ono,3,-0.599905398236,0.140296274301,-2.08393588282
Ono,4,-0.0134798612999,-0.496363170625,-2.15377465857
Ono,5,-0.298588623115,0.0149454281027,-2.06631917216
Ono,6,-0.635961127796,-0.611732657784,-1.96789343817
King,1,-1.23060893271,-1.39790852863,-1.04652011395
Jay-Kun,1,2.12047989307,-0.701879929771,-2.60938040046
Jeong,Cho,1,0.633713880986,-0.66545201435
Jin-Sik,1,0.724492966522,-0.336549918153,-2.10323903985
Won-Sik,1,1.31465515814,-0.848612163777,-2.25478204441
Young-kwan,1,1.75959772436,-1.07956795697,-3.04435463154
Kawaguchi,1,-1.04296975455,-0.65243080043,-2.92020786463
Kawaguchi,2,-1.28071165445,-1.01343922483,-2.51581278534
Kawaguchi,3,-0.2105865113,-0.985353204697,-3.19307075444
Kawaguchi,4,-0.948463630784,-0.549312881998,-2.95273463884
Kawaguchi,5,-0.785424105213,-0.841532521468,-2.36284131134
Kawaguchi,6,-0.124713228221,-0.952781802623,-1.83718708827
Kawaguchi,7,-0.315144824827,-1.05594268318,-1.19662719818
Kawaguchi,8,-0.432121363799,-0.333139917045,-1.50208973088
Kawaguchi,9,-0.809256556412,-0.554417897152,-2.67245643221
Kawaguchi,10,-0.649570249495,-1.18033962209,-2.25390539407
Kawaguchi,11,-0.320022123328,-0.622644593296,-2.52670039513
Kawaguchi,12,-0.264849830475,-1.21214055514,-3.32306375346
Kawaguchi,13,-1.19507866811,-0.974081495888,-1.96563517258
Kawaguchi,14,0.322112138989,-0.660184552826,-1.45196987133
Boy,Campas,1,-1.80119472968,-0.0849821086444
Kamei,1,1.47580484824,-0.367143729244,-2.33863500227
Beilin,1,1.99268503129,-0.0529488924045,-1.34426917985
Beilin,2,1.64509371503,0.382112536523,-2.21421615633
Kim,1,1.03031335025,-0.432951911962,-1.02631608587
Okudo,1,-0.0923486089742,-1.40335474667,-2.04790850122
Okudo,2,0.322370692881,-0.945274306917,-1.81238411431
Hatoyama,1,0.589719009911,-2.14154594945,-1.99535524329
Fedotov,1,1.01483221315,1.2451415869,-2.52514026095
Fedotov,2,1.37698124138,0.86258184159,-1.64778264669
Luzhkov,1,0.414018328432,0.729090280108,-1.39860231116
Malenchenko,1,1.27206678021,1.81230408067,-1.87632982391
Malenchenko,2,1.23561246586,1.30674614147,-2.18934412076
Miyazato,1,2.02117344894,-1.86527027544,-1.43477782799
Shyi-kun,1,0.756359142511,-0.726876407056,-2.62114118715
Shyi-kun,2,1.52662119463,-0.728738631566,-2.71934913755
Shyi-kun,3,1.79588296917,-1.04662819972,-1.75458469637
Shyi-kun,4,1.09721765283,-0.046382204163,-2.22255481997
Misbac,1,0.221923505995,-0.782099058666,-0.567969469396
Brodeur,1,0.605780263481,0.146554349489,-2.4730008675
Parise,1,1.11215057208,1.74149601617,-1.44806183678
Pillar,1,1.66485888041,0.54577068474,-1.65638558256
Safrin,1,0.874273418424,0.293283960155,-1.26767112141
Khan,Jamali,1,-1.18075330522,-0.420983337536
Khan,Jamali,2,-1.13602880874,0.40414858033
Shah,1,1.20812181998,0.0206347338822,-1.14626092472
Abdullah,1,1.10194635059,-1.18247018287,-3.13487895708
Hakki,1,-0.0154071954228,-0.281153156048,-1.89361051264
Khalilzad,1,1.92063275251,0.0372796785495,-2.57991091465
Akhmadova,1,-1.122252499,-1.06478503154,-0.538255985887
Toledo,1,-0.170592800368,-0.0165809777306,-0.758667779415
Toledo,2,-0.915126628219,-1.75984135179,-1.36946726105
Zarif,1,0.924480167592,0.456135218819,-0.653977987837
Mucic,1,2.28931679014,0.92824827378,-2.77996967003
Rebraca,1,1.96237608,1.72430858774,-2.53554956795
Novelo,1,-2.07057662025,0.645976252554,-2.17622497529
Qinghong,1,1.07817212138,-0.795634436974,-1.78459626247
Wenkang,1,0.677850172545,-1.32437957071,-1.98706766432
Wenkang,2,0.868701250987,-0.40969867972,-2.02022137975
Yimou,1,1.29866550415,-0.921390425197,-1.82167024568
Ziyi,1,-0.558879370566,-1.34140636146,-1.67246888297
Ziyi,2,-0.988831300354,-1.08718894014,-3.86979348684
Ziyi,3,-1.42104767756,-0.920175480977,-2.9129872725
Ziyi,4,-1.17960443328,-0.937066378265,-3.9532729688
Nanshan,1,0.730744883257,-0.582852881196,-2.02742641915
Rongji,1,1.00709744382,-0.7562418796,-0.791149268884
Rongji,2,1.65794467727,-1.36598864292,-1.41792545265
Rongji,3,1.43797730277,-1.25999860733,-2.23096198985
Rongji,4,1.6892852664,-1.58951356445,-1.95311963747
Rongji,5,1.47440128982,-1.733073078,-1.43322400781
Rongji,6,1.05098441602,-1.83359967652,-1.12803641119
Rongji,7,1.77784377259,-1.03970512751,-1.24623979316
Rongji,8,1.18200323482,-1.34988916449,-0.844257116718
Rongji,9,1.85905201387,-1.70819430147,-2.37091905756
1,1.26727432906,-1.8641486559,-2.61393063159,-1.75594832334
2,1.05327982331,-1.85073727365,-2.48944794693,-2.05156918021
3,0.519048980561,-1.39271676997,-2.8795188283,-1.3902236366
Zidane,1,2.15345784173,2.21274319028,-2.70410075562
Zidane,2,1.56492538893,0.174460351388,-1.43017258041
Zidane,3,1.83333014361,1.39759542596,-1.49254290792
Zidane,4,2.10196928862,1.38066371005,-1.81172249111
Zidane,5,1.55666739447,0.439746798607,-1.36491523094
Zidane,6,0.852912167279,0.268202495801,-0.631991116043
Xu,1,1.01136941745,-0.391340368131,-1.5664848795
Ball,1,-0.507525840363,0.966265984391,-1.05676904087
Djindjic,1,0.862832365293,0.769379186104,-1.93466756963
Djindjic,2,0.915826116237,1.14262444709,-2.02864172853
Djindjic,3,-0.00707805360862,1.5659052571,-2.15713834459
Djindjic,4,2.67111730094,1.54955246448,-3.38201675841
Radovic,1,-0.205362658077,-1.23273524755,-1.40912547223
Ahmed,1,1.95747206848,-1.307994302,-0.671635859568
Juma,1,-0.0370012807044,0.228494327488,0.187503489496
Tsereteli,1,0.282218589215,1.27046964068,-1.98120890515
Ilgauskas,1,0.0711971032061,2.12234465193,-1.89286182101
